sales,profit,category,region,product_name
22638.0,-1811.0784,Technology,South,Cisco TelePresence System EX90 Videoconferencing Unit
17500.0,8399.976,Technology,Central,Canon imageCLASS 2200 Advanced Copier
14000.0,6719.9808,Technology,West,Canon imageCLASS 2200 Advanced Copier
11200.0,3919.9888,Technology,East,Canon imageCLASS 2200 Advanced Copier
10500.0,5039.9856,Technology,East,Canon imageCLASS 2200 Advanced Copier
9893.0,4946.37,Office Supplies,Central,GBC Ibimaster 500 Manual ProClick Binding System
9450.0,4630.4755,Office Supplies,Central,Ibico EPK-21 Electric Binding System
9100.0,2365.9818,Technology,East,"3D Systems Cube Printer, 2nd Generation, Magenta"
8750.0,2799.984,Technology,South,"HP Designjet T520 Inkjet Large Format Printer - 24"" Color"
8400.0,1119.9968,Technology,East,Canon imageCLASS 2200 Advanced Copier
8188.0,327.506,Office Supplies,West,High Speed Automatic Electric Letter Opener
8160.0,-1359.992,Technology,Central,Lexmark MX611dhe Monochrome Laser Printer
8000.0,-3839.9904,Technology,South,Cubify CubeX 3D Printer Triple Head Print
7959.0,3979.08,Office Supplies,South,"Hoover Stove, Red"
7000.0,2239.9872,Technology,East,"HP Designjet T520 Inkjet Large Format Printer - 24"" Color"
6999.0,2939.31,Technology,North Asia,"Samsung Smart Phone, VoIP"
6517.0,2476.44,Office Supplies,South,"Hamilton Beach Stove, Silver"
6440.0,2447.1,Technology,Oceania,"Motorola Smart Phone, Full Size"
6355.0,3177.475,Office Supplies,South,Fellowes PB500 Electric Punch Plastic Comb Binding Machine with Manual Bind
5785.0,404.73,Technology,North,"Motorola Smart Phone, Cordless"
5760.0,-0.336,Furniture,Oceania,"Hon Executive Leather Armchair, Black"
5752.0,2817.99,Technology,Central Asia,"Apple Smart Phone, with Caller ID"
5738.0,630.99,Technology,North Asia,"Apple Smart Phone, Full Size"
5729.0,63.546,Furniture,Central,"Hon Executive Leather Armchair, Adjustable"
5726.0,-445.44,Technology,South,"Samsung Smart Phone, VoIP"
5725.0,1602.99,Technology,North Asia,"Nokia Smart Phone, Cordless"
5725.0,2461.32,Technology,North,"Nokia Smart Phone, Full Size"
5668.0,2097.03,Furniture,Central Asia,"Sauder Classic Bookcase, Traditional"
5487.0,2316.51,Furniture,Oceania,"Sauder Classic Bookcase, Metal"
5451.0,2071.44,Furniture,North,"Barricks Conference Table, Fully Assembled"
5451.0,327.06,Furniture,Central Asia,"Barricks Conference Table, Fully Assembled"
5444.0,2504.2216,Office Supplies,Central,GBC DocuBind P400 Electric Binding System
5400.0,2591.9568,Technology,East,Hewlett Packard LaserJet 3310 Copier
5301.0,2597.28,Technology,Africa,"Canon Wireless Fax, Laser"
5277.0,1758.888,Technology,North,"Cisco Smart Phone, Cordless"
5274.0,1898.4,Office Supplies,North,"KitchenAid Refrigerator, Black"
5245.0,996.48,Furniture,Oceania,"Chromcraft Conference Table, Fully Assembled"
5211.0,833.76,Technology,North Asia,"Cisco Smart Phone, Full Size"
5211.0,1146.24,Technology,EMEA,"Cisco Smart Phone, Full Size"
5200.0,1351.9896,Technology,East,"3D Systems Cube Printer, 2nd Generation, Magenta"
5175.0,919.971,Technology,Oceania,"Nokia Smart Phone, with Caller ID"
5100.0,1428.0,Technology,Africa,"Apple Smart Phone, Full Size"
5084.0,1906.485,Office Supplies,West,Fellowes PB500 Electric Punch Plastic Comb Binding Machine with Manual Bind
5049.0,656.37,Furniture,North Asia,"SAFCO Executive Leather Armchair, Black"
4913.0,196.5036,Office Supplies,West,High Speed Automatic Electric Letter Opener
4900.0,2302.9671,Technology,Central,Canon PC1060 Personal Laser Copier
4900.0,2400.9657,Technology,East,Ativa V4110MDD Micro-Cut Shredder
4877.0,745.875,Technology,Central,"Apple Smart Phone, Full Size"
4864.0,162.12,Office Supplies,Oceania,"Hamilton Beach Stove, White"
4800.0,359.9988,Technology,West,Cubify CubeX 3D Printer Double Head Print
4748.0,844.116,Technology,Central,"Canon Wireless Fax, High-Speed"
4664.0,-1049.3406,Office Supplies,East,Martin Yale Chadless Opener Electric Letter Opener
4644.0,2229.024,Technology,East,Zebra ZM400 Thermal Label Printer
4627.0,1439.448,Technology,South,"Motorola Smart Phone, Full Size"
4626.0,647.55,Furniture,Central Asia,"Bevis Conference Table, Fully Assembled"
4624.0,1644.03,Office Supplies,Oceania,"KitchenAid Stove, Silver"
4618.0,923.535,Office Supplies,Central,"KitchenAid Stove, Red"
4549.0,1228.1787,Technology,East,Apple iPhone 5
4544.0,1868.13,Furniture,Central,"SAFCO Executive Leather Armchair, Black"
4536.0,1644.2913,Office Supplies,West,Ibico EPK-21 Electric Binding System
4519.0,632.52,Technology,Central Asia,"Motorola Smart Phone, with Caller ID"
4500.0,-6599.978,Technology,East,Cubify CubeX 3D Printer Double Head Print
4499.0,674.73,Technology,Central Asia,"Motorola Smart Phone, Full Size"
4487.0,1435.56,Furniture,EMEA,"Barricks Training Table, Adjustable Height"
4477.0,503.64,Technology,West,Okidata MB760 Printer
4473.0,313.11,Technology,Central,"Samsung Smart Phone, Cordless"
4453.0,1424.85,Technology,North,"Nokia Smart Phone, Cordless"
4449.0,1517.712,Technology,Central,"Cisco Smart Phone, with Caller ID"
4448.0,444.483,Technology,Oceania,"Hewlett Wireless Fax, Laser"
4416.0,-630.882,Furniture,East,HON 5400 Series Task Chairs for Big and Tall
4405.0,1013.127,Furniture,East,"Riverside Palais Royal Lawyers Bookcase, Royale Cherry Finish"
4368.0,327.5922,Technology,South,Samsung Galaxy Mega 6.3
4363.0,305.4,Furniture,North,"Chromcraft Conference Table, with Bottom Storage"
4355.0,1415.4296,Office Supplies,East,GBC DocuBind P400 Electric Binding System
4306.0,1453.1238,Office Supplies,East,GBC DocuBind TL300 Electric Binding System
4306.0,1722.48,Office Supplies,North Asia,"Cuisinart Stove, Red"
4299.0,300.9,Furniture,Central Asia,"Lesro Conference Table, Adjustable Height"
4298.0,-1862.3124,Furniture,South,Chromcraft Bull-Nose Wood Oval Conference Tables & Bases
4242.0,459.9624,Technology,Southeast Asia,"Nokia Smart Phone, with Caller ID"
4229.0,158.5764,Furniture,East,"Riverside Palais Royal Lawyers Bookcase, Royale Cherry Finish"
4195.0,839.04,Office Supplies,Central,"Hoover Refrigerator, White"
4192.0,1164.267,Office Supplies,Oceania,"Breville Refrigerator, White"
4164.0,83.281,Office Supplies,South,Martin Yale Chadless Opener Electric Letter Opener
4164.0,83.281,Office Supplies,Central,Martin Yale Chadless Opener Electric Letter Opener
4159.0,363.9048,Technology,West,Apple iPhone 5
4141.0,1697.67,Technology,North,"Brother Fax Machine, Laser"
4136.0,847.041,Office Supplies,Southeast Asia,"Hamilton Beach Refrigerator, White"
4100.0,956.58,Furniture,Oceania,"Novimex Executive Leather Armchair, Adjustable"
4008.0,-50.098,Furniture,East,DMI Eclipse Executive Suite Bookcases
4001.0,1440.24,Office Supplies,Central Asia,"Hamilton Beach Refrigerator, Red"
4000.0,1159.9855,Technology,East,Bady BDG101FRU Card Printer
3992.0,1995.99,Technology,East,Canon imageCLASS MF7460 Monochrome Digital Laser Multifunction Copier
3979.0,1989.54,Office Supplies,South,"Hoover Stove, Red"
3979.0,1989.54,Office Supplies,North,"Hoover Stove, Red"
3955.0,1383.9,Office Supplies,EMEA,"Hamilton Beach Microwave, Red"
3930.0,-786.0144,Office Supplies,Central,High Speed Automatic Electric Letter Opener
3916.0,1252.98,Technology,Central Asia,"Cisco Smart Phone, Full Size"
3909.0,1563.48,Technology,Africa,"Cisco Smart Phone, Cordless"
3909.0,1563.48,Technology,Africa,"Cisco Smart Phone, Cordless"
3878.0,930.48,Furniture,Africa,"Chromcraft Wood Table, Adjustable Height"
3873.0,890.82,Technology,Central,"Motorola Smart Phone, with Caller ID"
3864.0,1159.02,Technology,Canada,"Motorola Smart Phone, Full Size"
3856.0,1465.2,Technology,Africa,"Motorola Smart Phone, Full Size"
3834.0,268.38,Technology,Africa,"Samsung Smart Phone, Cordless"
3817.0,1068.66,Technology,Africa,"Apple Smart Phone, Full Size"
3813.0,1906.485,Office Supplies,Central,Fellowes PB500 Electric Punch Plastic Comb Binding Machine with Manual Bind
3811.0,-42.504,Office Supplies,Oceania,"Breville Microwave, Silver"
3809.0,1523.52,Furniture,Africa,"Harbour Creations Executive Leather Armchair, Adjustable"
3802.0,1444.59,Office Supplies,South,"Hamilton Beach Stove, Silver"
3799.0,455.76,Technology,Africa,"Canon Fax Machine, High-Speed"
3785.0,420.588,Furniture,East,HON 5400 Series Task Chairs for Big and Tall
3742.0,946.6338,Technology,Southeast Asia,"Motorola Smart Phone, Full Size"
3739.0,747.816,Office Supplies,Oceania,"Breville Refrigerator, Red"
3728.0,1192.86,Furniture,Central Asia,"Ikea Classic Bookcase, Mobile"
3720.0,632.4,Furniture,Oceania,"Office Star Executive Leather Armchair, Adjustable"
3713.0,849.87,Technology,Southeast Asia,"Samsung Smart Phone, Cordless"
3709.0,1288.765,Furniture,Oceania,"Novimex Executive Leather Armchair, Black"
3709.0,1594.89,Furniture,Central Asia,"Bush Classic Bookcase, Metal"
3707.0,1554.432,Furniture,Southeast Asia,"Dania Library with Doors, Traditional"
3702.0,1036.08,Office Supplies,North Asia,"KitchenAid Microwave, White"
3696.0,756.8715,Technology,Southeast Asia,"Samsung Smart Phone, with Caller ID"
3695.0,886.68,Furniture,Oceania,"Hon Conference Table, Adjustable Height"
3671.0,367.08,Office Supplies,North Asia,"Hoover Refrigerator, White"
3638.0,156.402,Furniture,Southeast Asia,"Safco Library with Doors, Pine"
3634.0,108.9,Furniture,Central Asia,"Ikea Library with Doors, Traditional"
3622.0,1267.77,Office Supplies,Central Asia,"Breville Refrigerator, White"
3617.0,36.0,Technology,Central,"HP Wireless Fax, Color"
3611.0,135.4068,Furniture,West,Bretford Rectangular Conference Table Tops
3606.0,1202.016,Office Supplies,Oceania,"Hamilton Beach Refrigerator, Silver"
3570.0,674.163,Office Supplies,Oceania,"Hoover Stove, White"
3547.0,88.44,Furniture,North Asia,"Chromcraft Computer Table, with Bottom Storage"
3547.0,780.24,Furniture,Central Asia,"Chromcraft Computer Table, with Bottom Storage"
3524.0,861.372,Technology,Oceania,"Cisco Smart Phone, Full Size"
3505.0,700.98,Furniture,Central,HON 5400 Series Task Chairs for Big and Tall
3502.0,210.8568,Office Supplies,Southeast Asia,"KitchenAid Refrigerator, Black"
3500.0,909.9818,Technology,South,Samsung Galaxy S4 Active
3499.0,-3009.435,Technology,Central Asia,"Apple Smart Phone, Full Size"
3499.0,594.72,Furniture,EMEA,"Sauder Classic Bookcase, Pine"
3474.0,625.28,Technology,North,"Cisco Smart Phone, Full Size"
3473.0,868.12,Furniture,South,"Harbour Creations Executive Leather Armchair, Black"
3450.0,275.94,Technology,EMEA,"Memorex Router, USB"
3445.0,-775.376,Furniture,North,"SAFCO Executive Leather Armchair, Red"
3442.0,38.07,Technology,North,"Nokia Smart Phone, Full Size"
3427.0,-452.8104,Furniture,Southeast Asia,"Bevis Conference Table, with Bottom Storage"
3425.0,1233.0,Office Supplies,EMEA,"KitchenAid Stove, Silver"
3422.0,1060.56,Technology,Central,"Hewlett Wireless Fax, Laser"
3421.0,874.167,Office Supplies,Oceania,"Hamilton Beach Stove, Silver"
3417.0,854.28,Office Supplies,North Asia,"KitchenAid Stove, Black"
3411.0,136.26,Office Supplies,Central Asia,"Hoover Stove, Red"
3410.0,818.28,Office Supplies,Africa,"KitchenAid Stove, White"
3408.0,613.17,Technology,Central Asia,"Canon Wireless Fax, Laser"
3408.0,238.56,Technology,South,"Samsung Smart Phone, Cordless"
3407.0,160.3136,Furniture,West,DMI Eclipse Executive Suite Bookcases
3405.0,1668.205,Technology,East,Hewlett-Packard Desktjet 6988DT Refurbished Printer
3400.0,-3059.82,Office Supplies,South,"Hoover Stove, White"
3394.0,610.8624,Furniture,West,Bush Advantage Collection Racetrack Conference Table
3393.0,101.76,Technology,South,"Apple Smart Phone, Full Size"
3392.0,271.08,Technology,North Asia,"Canon Wireless Fax, High-Speed"
3387.0,-597.681,Office Supplies,Southeast Asia,"Hoover Stove, Silver"
3369.0,606.42,Office Supplies,EMEA,"Breville Stove, Red"
3360.0,1049.985,Technology,West,Canon Imageclass D680 Copier / Fax
3358.0,377.73,Technology,West,Okidata MB760 Printer
3347.0,636.0003,Technology,West,LogitechÂ P710e Mobile Speakerphone
3315.0,961.38,Furniture,North,"Harbour Creations Executive Leather Armchair, Black"
3312.0,1622.88,Furniture,EMEA,"Bush Classic Bookcase, Pine"
3309.0,318.8598,Office Supplies,Southeast Asia,"KitchenAid Stove, Black"
3300.0,366.282,Technology,Oceania,"Hewlett Copy Machine, Color"
3298.0,1055.25,Furniture,North Asia,"Harbour Creations Executive Leather Armchair, Adjustable"
3279.0,140.8248,Furniture,Southeast Asia,"Safco Classic Bookcase, Mobile"
3274.0,261.9,Furniture,Central Asia,"Bush Library with Doors, Metal"
3272.0,1537.83,Furniture,North Asia,"Office Star Executive Leather Armchair, Black"
3271.0,1341.15,Technology,Central Asia,"Cisco Smart Phone, with Caller ID"
3271.0,1341.15,Technology,North Asia,"Cisco Smart Phone, with Caller ID"
3266.0,1061.5722,Office Supplies,West,GBC DocuBind P400 Electric Binding System
3263.0,848.4,Technology,Central,"Cisco Smart Phone, Full Size"
3257.0,716.4,Technology,Central,"Cisco Smart Phone, Full Size"
3243.0,324.18,Office Supplies,North,"Hamilton Beach Stove, White"
3243.0,421.56,Office Supplies,North Asia,"Hamilton Beach Stove, White"
3238.0,-740.295,Furniture,North Asia,"Bevis Conference Table, Fully Assembled"
3234.0,970.2,Office Supplies,EMEA,"Cuisinart Stove, Silver"
3233.0,-277.155,Furniture,Oceania,"Hon Conference Table, Adjustable Height"
3228.0,742.35,Technology,Central,"Motorola Smart Phone, with Caller ID"
3221.0,1127.49,Furniture,Central,"Novimex Executive Leather Armchair, Red"
3220.0,965.85,Technology,Central,"Motorola Smart Phone, Full Size"
3217.0,611.1,Furniture,North Asia,"Hon Executive Leather Armchair, Adjustable"
3216.0,96.39,Technology,North Asia,"Sharp Wireless Fax, Color"
3201.0,1216.02,Technology,North,"Memorex Router, Bluetooth"
3201.0,-77.2038,Technology,Southeast Asia,"Motorola Smart Phone, Full Size"
3200.0,1183.95,Technology,North Asia,"Sharp Wireless Fax, Digital"
3195.0,830.55,Technology,Central Asia,"Nokia Smart Phone, with Caller ID"
3195.0,1150.2,Technology,Central Asia,"Samsung Smart Phone, Cordless"
3188.0,350.55,Technology,Central Asia,"Apple Smart Phone, Full Size"
3187.0,541.8,Technology,Central Asia,"Samsung Smart Phone, Full Size"
3182.0,344.9718,Technology,Southeast Asia,"Nokia Smart Phone, with Caller ID"
3181.0,1081.35,Technology,North Asia,"Samsung Smart Phone, with Caller ID"
3180.0,381.6,Technology,Central Asia,"Nokia Smart Phone, Full Size"
3178.0,-176.769,Furniture,Central,"Safco Library with Doors, Mobile"
3172.0,856.44,Office Supplies,South,"KitchenAid Refrigerator, Silver"
3172.0,1236.96,Office Supplies,EMEA,"KitchenAid Refrigerator, Silver"
3156.0,34.944,Office Supplies,Central,"Hamilton Beach Refrigerator, Silver"
3151.0,-35.091,Office Supplies,Central,"Hamilton Beach Refrigerator, Red"
3150.0,1480.4671,Technology,West,Canon PC940 Copier
3146.0,629.28,Office Supplies,EMEA,"Hoover Refrigerator, White"
3139.0,941.688,Furniture,Oceania,"Sauder Classic Bookcase, Traditional"
3126.0,-128.7198,Furniture,Southeast Asia,"Harbour Creations Executive Leather Armchair, Red"
3119.0,1528.38,Furniture,North,"Chromcraft Computer Table, Adjustable Height"
3117.0,38.948,Furniture,Central,"Lesro Round Table, Rectangular"
3095.0,1423.44,Furniture,Central Asia,"Bevis Round Table, Rectangular"
3085.0,-4088.376,Technology,EMEA,"Motorola Smart Phone, Cordless"
3083.0,-1665.0522,Furniture,East,"Riverside Palais Royal Lawyers Bookcase, Royale Cherry Finish"
3080.0,1416.8,Technology,South,Cisco 9971 IP Video Phone Charcoal
3079.0,523.08,Technology,Central Asia,"Belkin Router, Erganomic"
3077.0,215.25,Furniture,Central Asia,"Safco Classic Bookcase, Pine"
3070.0,1364.238,Office Supplies,Central,"Hoover Stove, Red"
3068.0,1124.901,Technology,Oceania,"Brother Wireless Fax, Laser"
3063.0,1470.21,Furniture,South,"Safco Classic Bookcase, Metal"
3063.0,581.91,Furniture,Central Asia,"Safco Classic Bookcase, Metal"
3063.0,-141.669,Furniture,Central,"Lesro Computer Table, Fully Assembled"
3060.0,679.996,Technology,Central,Lexmark MX611dhe Monochrome Laser Printer
3060.0,-509.997,Technology,Central,Lexmark MX611dhe Monochrome Laser Printer
3050.0,1143.891,Office Supplies,East,Fellowes PB500 Electric Punch Plastic Comb Binding Machine with Manual Bind
3048.0,1463.07,Furniture,North Asia,"Sauder Classic Bookcase, Metal"
3046.0,1035.58,Technology,North,"Cisco Smart Phone, Full Size"
3046.0,1035.58,Technology,North,"Cisco Smart Phone, Full Size"
3046.0,1035.58,Technology,North,"Cisco Smart Phone, Full Size"
3045.0,91.2,Office Supplies,South,"KitchenAid Stove, Silver"
3041.0,1155.36,Technology,Central Asia,"Canon Wireless Fax, Color"
3040.0,1459.2,Technology,South,Hewlett-Packard Deskjet 3050a All-in-One Color Inkjet Printer
3039.0,1245.84,Technology,North Asia,"Hewlett Wireless Fax, Digital"
3029.0,1484.16,Technology,EMEA,"Canon Wireless Fax, Laser"
3029.0,999.36,Office Supplies,North,"Hoover Stove, Black"
3024.0,226.7946,Technology,West,Samsung Galaxy Mega 6.3
3024.0,86.319,Furniture,Oceania,"Barricks Computer Table, with Bottom Storage"
3019.0,377.244,Office Supplies,Central,"Cuisinart Stove, Silver"
3001.0,1080.18,Office Supplies,North Asia,"Hamilton Beach Refrigerator, Red"
3000.0,1379.977,Technology,West,Canon Image Class D660 Copier
3000.0,1439.976,Technology,South,Hewlett Packard LaserJet 3310 Copier
2993.0,726.825,Furniture,Oceania,"Lesro Conference Table, Rectangular"
2991.0,-128.7468,Technology,Southeast Asia,"Sharp Wireless Fax, Color"
2982.0,1192.52,Technology,Central,"Nokia Smart Phone, with Caller ID"
2973.0,445.86,Office Supplies,Central Asia,"Cuisinart Refrigerator, Black"
2973.0,334.4985,Technology,West,Zebra GX420t Direct Thermal/Thermal Transfer Printer
2971.0,237.6,Technology,Central,"Sharp Fax Machine, Color"
2969.0,89.04,Technology,North,"Apple Smart Phone, Full Size"
2969.0,118.72,Technology,Central,"Samsung Smart Phone, with Caller ID"
2963.0,207.06,Office Supplies,EMEA,"Rogers Lockers, Blue"
2959.0,953.274,Furniture,Central,"Office Star Executive Leather Armchair, Red"
2954.0,754.704,Furniture,Central,"Dania Classic Bookcase, Metal"
2952.0,-632.799,Furniture,Oceania,"Chromcraft Round Table, Fully Assembled"
2951.0,226.962,Technology,Southeast Asia,"Hewlett Wireless Fax, High-Speed"
2944.0,1112.13,Technology,Central,"Cisco Smart Phone, with Caller ID"
2940.0,764.3818,Technology,South,Samsung Galaxy Mega 6.3
2934.0,792.2691,Office Supplies,East,Smead Adjustable Mobile File Trolley with Lockable Top
2927.0,146.16,Furniture,South,"Ikea Library with Doors, Mobile"
2910.0,125.1216,Furniture,Southeast Asia,"Safco Library with Doors, Pine"
2910.0,-68.7225,Technology,Central,"Okidata Inkjet, White"
2907.0,1130.346,Office Supplies,Central,"Cuisinart Stove, Red"
2906.0,1220.52,Furniture,North Asia,"Bush Classic Bookcase, Mobile"
2900.0,927.78,Furniture,Central,"Ikea Classic Bookcase, Mobile"
2898.0,1420.02,Furniture,North,"Bush Classic Bookcase, Pine"
2898.0,901.56,Technology,Oceania,"Motorola Smart Phone, Full Size"
2893.0,-96.54,Technology,Central,"Motorola Smart Phone, Cordless"
2892.0,1188.81,Furniture,Central,"SAFCO Executive Leather Armchair, Black"
2892.0,160.605,Technology,Oceania,"Motorola Smart Phone, Full Size"
2892.0,96.39,Furniture,Oceania,"SAFCO Executive Leather Armchair, Black"
2889.0,173.25,Furniture,North Asia,"Bush Classic Bookcase, Traditional"
2888.0,609.7157,Furniture,East,Hon 4070 Series Pagoda Armless Upholstered Stacking Chairs
2887.0,180.441,Furniture,West,Bretford CR8500 Series Meeting Room Furniture
2885.0,-224.595,Furniture,Oceania,"Novimex Executive Leather Armchair, Black"
2880.0,115.2,Furniture,Africa,"Barricks Computer Table, with Bottom Storage"
2880.0,1295.73,Technology,South,"Brother Fax Machine, Color"
2880.0,1007.9832,Technology,West,Hewlett Packard LaserJet 3310 Copier
2878.0,431.76,Furniture,North Asia,"Ikea Classic Bookcase, Metal"
2876.0,-1783.08,Technology,Central,"Apple Smart Phone, with Caller ID"
2875.0,511.095,Technology,Oceania,"Nokia Smart Phone, with Caller ID"
2875.0,511.095,Technology,Oceania,"Nokia Smart Phone, with Caller ID"
2872.0,57.33,Furniture,Central Asia,"Dania Classic Bookcase, Metal"
2863.0,858.9,Technology,Oceania,"Apple Smart Phone, Cordless"
2863.0,381.75,Technology,South,"Apple Smart Phone, Cordless"
2863.0,-458.19,Technology,Central Asia,"Samsung Smart Phone, VoIP"
2863.0,763.275,Technology,Oceania,"Samsung Smart Phone, with Caller ID"
2863.0,858.9,Technology,Oceania,"Apple Smart Phone, Cordless"
2859.0,171.36,Office Supplies,North,"Tenex Lockers, Single Width"
2855.0,1313.28,Furniture,Central,"Harbour Creations Executive Leather Armchair, Red"
2847.0,711.84,Technology,South,"Sharp Wireless Fax, Laser"
2843.0,255.69,Furniture,North,"Barricks Training Table, Rectangular"
2842.0,710.28,Furniture,Central,"Harbour Creations Executive Leather Armchair, Black"
2842.0,189.42,Furniture,Southeast Asia,"Harbour Creations Executive Leather Armchair, Black"
2842.0,852.48,Furniture,Oceania,"Harbour Creations Executive Leather Armchair, Black"
2834.0,35.36,Furniture,Central,"Hon Wood Table, with Bottom Storage"
2833.0,311.52,Technology,Africa,"Sharp Wireless Fax, High-Speed"
2830.0,-1981.395,Furniture,North,"Sauder Classic Bookcase, Metal"
2822.0,339.8778,Office Supplies,Southeast Asia,"Hoover Stove, White"
2820.0,338.22,Furniture,North Asia,"Office Star Executive Leather Armchair, Adjustable"
2818.0,225.36,Furniture,Caribbean,"Office Star Executive Leather Armchair, Red"
2811.0,702.75,Office Supplies,North,"Breville Stove, Silver"
2808.0,673.8816,Furniture,Central,Office Star - Professional Matrix Back Chair with 2-to-1 Synchro Tilt and Mesh Fabric Seat
2805.0,822.66,Furniture,Southeast Asia,"Office Star Executive Leather Armchair, Black"
2804.0,0.0,Furniture,South,HON 5400 Series Task Chairs for Big and Tall
2804.0,0.0,Furniture,West,HON 5400 Series Task Chairs for Big and Tall
2800.0,1371.9804,Technology,East,Ativa V4110MDD Micro-Cut Shredder
2800.0,1014.9797,Technology,East,Sharp AL-1530CS Digital Copier
2800.0,391.77,Office Supplies,Central Asia,"KitchenAid Microwave, Silver"
2800.0,874.9875,Technology,Central,Canon Imageclass D680 Copier / Fax
2800.0,944.9865,Technology,West,Canon PC1060 Personal Laser Copier
2800.0,944.9865,Technology,West,Canon PC1060 Personal Laser Copier
2797.0,-0.072,Furniture,Central,"Chromcraft Conference Table, Fully Assembled"
2794.0,515.7525,Furniture,Central,"Lesro Conference Table, Adjustable Height"
2794.0,942.8157,Office Supplies,West,Fellowes PB300 Plastic Comb Binding Machine
2785.0,779.52,Office Supplies,Africa,"Smead Lockers, Industrial"
2769.0,27.54,Furniture,North,"SAFCO Executive Leather Armchair, Red"
2764.0,-195.4425,Technology,Central,"Sharp Fax Machine, Laser"
2761.0,110.34,Furniture,North Asia,"Novimex Executive Leather Armchair, Red"
2761.0,110.34,Furniture,Southeast Asia,"Novimex Executive Leather Armchair, Red"
2760.0,-214.725,Furniture,Oceania,"Safco Classic Bookcase, Traditional"
2758.0,744.48,Furniture,EMEA,"Hon Executive Leather Armchair, Adjustable"
2757.0,1163.883,Furniture,Central,"Safco Classic Bookcase, Metal"
2757.0,275.583,Furniture,Oceania,"Safco Classic Bookcase, Metal"
2756.0,413.28,Furniture,Central Asia,"Hon Executive Leather Armchair, Red"
2754.0,358.02,Furniture,North Asia,"SAFCO Executive Leather Armchair, Black"
2753.0,841.7925,Technology,Central,"HP Wireless Fax, Digital"
2751.0,110.0,Furniture,South,"Bush Classic Bookcase, Traditional"
2748.0,82.26,Furniture,Southeast Asia,"Novimex Executive Leather Armchair, Black"
2738.0,301.14,Furniture,Central Asia,"Safco Library with Doors, Pine"
2736.0,341.994,Technology,Central,Apple iPhone 5S
2723.0,408.24,Furniture,Central Asia,"Sauder Library with Doors, Pine"
2716.0,1276.4871,Office Supplies,South,Fellowes PB300 Plastic Comb Binding Machine
2713.0,27.09,Furniture,South,"Sauder Library with Doors, Traditional"
2712.0,1220.25,Office Supplies,South,"Hamilton Beach Stove, Red"
2699.0,890.46,Office Supplies,North,"Breville Microwave, White"
2691.0,1264.7559,Office Supplies,South,GBC DocuBind TL300 Electric Binding System
2684.0,-1476.09,Technology,South,"Samsung Smart Phone, Cordless"
2679.0,241.1046,Furniture,Central,Balt Solid Wood Round Tables
2679.0,1098.24,Furniture,Africa,"Hon Training Table, Adjustable Height"
2677.0,267.6672,Furniture,West,GuestStacker Chair with Chrome Finish Legs
2674.0,26.73,Technology,Central Asia,"Sharp Fax Machine, Color"
2673.0,1069.2,Furniture,Southeast Asia,"Hon Training Table, Fully Assembled"
2673.0,676.167,Technology,Southeast Asia,"Motorola Smart Phone, Full Size"
2671.0,534.24,Technology,South,"Hewlett Wireless Fax, Color"
2671.0,133.392,Technology,South,"Nokia Smart Phone, Full Size"
2668.0,-417.813,Technology,Southeast Asia,"Motorola Smart Phone, Cordless"
2666.0,239.9058,Furniture,West,Hon 94000 Series Round Tables
2664.0,905.7,Furniture,Central Asia,"Hon Wood Table, Fully Assembled"
2645.0,-0.024,Technology,Southeast Asia,"Samsung Smart Phone, Full Size"
2645.0,-0.024,Technology,Southeast Asia,"Samsung Smart Phone, Full Size"
2637.0,949.2,Office Supplies,South,"KitchenAid Refrigerator, Black"
2637.0,184.5,Furniture,Central Asia,"Safco Classic Bookcase, Pine"
2637.0,580.05,Office Supplies,Central Asia,"KitchenAid Refrigerator, Black"
2635.0,116.952,Furniture,Oceania,"Ikea Library with Doors, Mobile"
2625.0,735.0336,Office Supplies,East,"Sanyo Counter Height Refrigerator with Crisper, 3.6 Cubic Foot, Stainless Steel/Black"
2625.0,-944.9946,Technology,South,"HP Designjet T520 Inkjet Large Format Printer - 24"" Color"
2624.0,446.04,Furniture,North,"Sauder Classic Bookcase, Pine"
2621.0,553.3902,Furniture,East,Hon Olson Stacker Chairs
2619.0,232.68,Furniture,Oceania,"Dania Library with Doors, Pine"
2617.0,1151.4,Technology,EMEA,"Cisco Smart Phone, with Caller ID"
2617.0,26.16,Technology,Central,"Cisco Smart Phone, with Caller ID"
2617.0,1151.4,Technology,Central,"Cisco Smart Phone, with Caller ID"
2616.0,1072.44,Furniture,Africa,"Sauder Classic Bookcase, Traditional"
2616.0,575.46,Furniture,South,"Sauder Classic Bookcase, Traditional"
2615.0,-821.961,Furniture,North Asia,"Bevis Wood Table, with Bottom Storage"
2615.0,-821.961,Furniture,Oceania,"Bevis Wood Table, with Bottom Storage"
2611.0,678.72,Technology,Africa,"Cisco Smart Phone, Full Size"
2606.0,364.8,Technology,North Asia,"Cisco Smart Phone, Cordless"
2606.0,1042.32,Technology,Central,"Cisco Smart Phone, Cordless"
2606.0,573.12,Technology,Africa,"Cisco Smart Phone, Full Size"
2606.0,573.12,Technology,EMEA,"Cisco Smart Phone, Full Size"
2605.0,-553.878,Furniture,North Asia,"Dania Library with Doors, Metal"
2596.0,923.013,Furniture,Oceania,"Dania Classic Bookcase, Pine"
2594.0,1141.2,Office Supplies,South,"Breville Refrigerator, Black"
2592.0,621.9744,Office Supplies,East,Tennsco 16-Compartment Lockers with Coat Rack
2584.0,290.598,Furniture,Central Asia,"SAFCO Executive Leather Armchair, Red"
2584.0,660.366,Furniture,Central,"Dania Classic Bookcase, Metal"
2583.0,568.26,Furniture,Oceania,"Lesro Computer Table, with Bottom Storage"
2582.0,361.44,Technology,Central Asia,"Motorola Smart Phone, with Caller ID"
2582.0,593.88,Technology,Africa,"Motorola Smart Phone, with Caller ID"
2582.0,361.44,Technology,Central Asia,"Motorola Smart Phone, with Caller ID"
2582.0,516.36,Technology,North,"Motorola Smart Phone, with Caller ID"
2576.0,978.84,Technology,Central Asia,"Motorola Smart Phone, Full Size"
2576.0,257.5944,Technology,West,Samsung Galaxy Note 2
2576.0,772.68,Technology,EMEA,"Motorola Smart Phone, Full Size"
2574.0,746.4078,Furniture,South,Global Deluxe High-Back Manager's Chair
2573.0,1080.54,Furniture,Central Asia,"Lesro Conference Table, with Bottom Storage"
2571.0,-2211.165,Furniture,Central,"Office Star Executive Leather Armchair, Black"
2571.0,102.84,Technology,North Asia,"Motorola Smart Phone, Cordless"
2571.0,976.8,Technology,EMEA,"Motorola Smart Phone, Full Size"
2571.0,179.88,Technology,EMEA,"Motorola Smart Phone, Cordless"
2571.0,856.98,Furniture,Central,"Harbour Creations Executive Leather Armchair, Adjustable"
2571.0,976.8,Technology,Central,"Motorola Smart Phone, Full Size"
2571.0,102.84,Technology,Oceania,"Motorola Smart Phone, Cordless"
2568.0,770.352,Furniture,Central,Hon Pagoda Stacking Chairs
2566.0,28.404,Technology,Oceania,"Brother Fax Machine, High-Speed"
2564.0,820.32,Furniture,EMEA,"Barricks Training Table, Adjustable Height"
2563.0,313.2624,Furniture,East,Hon 4700 Series Mobuis Mid-Back Task Chairs with Adjustable Arms
2556.0,664.44,Technology,Southeast Asia,"Nokia Smart Phone, with Caller ID"
2556.0,178.92,Technology,North,"Samsung Smart Phone, Cordless"
2553.0,842.52,Furniture,South,"Ikea Library with Doors, Pine"
2550.0,714.0,Technology,Africa,"Apple Smart Phone, Full Size"
2550.0,357.0,Technology,North,"Apple Smart Phone, Full Size"
2550.0,280.44,Technology,Central Asia,"Apple Smart Phone, Full Size"
2550.0,714.0,Technology,Africa,"Apple Smart Phone, Full Size"
2550.0,1172.88,Technology,Africa,"Samsung Smart Phone, Full Size"
2550.0,-3399.98,Technology,West,Lexmark MX611dhe Monochrome Laser Printer
2549.0,280.32,Technology,North,"Nokia Smart Phone, Full Size"
2549.0,286.713,Technology,West,Zebra GX420t Direct Thermal/Thermal Transfer Printer
2546.0,381.78,Furniture,South,"Bush Library with Doors, Metal"
2545.0,1246.8,Technology,Africa,"Samsung Smart Phone, with Caller ID"
2545.0,1068.84,Technology,North Asia,"Samsung Smart Phone, VoIP"
2545.0,1068.84,Technology,North Asia,"Samsung Smart Phone, VoIP"
2545.0,865.08,Technology,Central Asia,"Samsung Smart Phone, with Caller ID"
2545.0,814.2,Technology,Africa,"Nokia Smart Phone, Cordless"
2545.0,712.44,Technology,EMEA,"Apple Smart Phone, Full Size"
2544.0,992.16,Technology,Central,"Nokia Smart Phone, Full Size"
2544.0,621.792,Furniture,Oceania,"Harbour Creations Executive Leather Armchair, Adjustable"
2544.0,305.28,Technology,Oceania,"Nokia Smart Phone, Full Size"
2544.0,1093.92,Technology,Central,"Nokia Smart Phone, Full Size"
2544.0,992.16,Technology,Central,"Nokia Smart Phone, Full Size"
2542.0,1270.99,Office Supplies,East,Fellowes PB500 Electric Punch Plastic Comb Binding Machine with Manual Bind
2540.0,709.9365,Furniture,Southeast Asia,"Sauder Library with Doors, Mobile"
2534.0,278.64,Technology,Oceania,"Brother Fax Machine, High-Speed"
2534.0,136.2375,Furniture,Southeast Asia,"Safco Library with Doors, Metal"
2528.0,176.96,Office Supplies,North,"Hamilton Beach Stove, Black"
2527.0,561.48,Office Supplies,Oceania,"Breville Stove, Red"
2525.0,-294.816,Office Supplies,Oceania,"KitchenAid Refrigerator, White"
2520.0,-251.9958,Technology,Central,Xerox WorkCentre 6505DN Laser Multifunction Printer
2519.0,1032.57,Technology,North,"HP Wireless Fax, Digital"
2519.0,553.98,Technology,North Asia,"HP Wireless Fax, Digital"
2518.0,654.7554,Office Supplies,West,Sanyo 2.5 Cubic Foot Mid-Size Office Refrigerators
2509.0,426.58,Office Supplies,North,"Cuisinart Stove, Black"
2509.0,426.58,Office Supplies,Central,"Cuisinart Stove, Black"
2505.0,626.185,Office Supplies,East,Hoover Shoulder Vac Commercial Portable Vacuum
2504.0,834.552,Furniture,Oceania,"SAFCO Executive Leather Armchair, Set of Two"
2499.0,499.446,Office Supplies,Oceania,"KitchenAid Microwave, White"
2491.0,1046.16,Furniture,North Asia,"Bush Classic Bookcase, Mobile"
2489.0,273.78,Office Supplies,Central,"Cuisinart Microwave, White"
2489.0,348.24,Office Supplies,Central Asia,"KitchenAid Microwave, Silver"
2488.0,-269.7912,Office Supplies,Southeast Asia,"Hamilton Beach Refrigerator, Black"
2486.0,795.24,Furniture,Central Asia,"Ikea Classic Bookcase, Mobile"
2480.0,743.988,Technology,Central,ClearOne CHATAttach 160 -Â speaker phone
2479.0,272.58,Technology,Central,"Sharp Wireless Fax, High-Speed"
2479.0,49.5,Furniture,Africa,"Ikea Classic Bookcase, Pine"
2479.0,1018.98,Furniture,Central,"SAFCO Executive Leather Armchair, Black"
2478.0,1040.55,Office Supplies,North,"Cuisinart Refrigerator, Black"
2478.0,1040.55,Office Supplies,South,"Cuisinart Refrigerator, Black"
2476.0,1015.02,Furniture,South,"Bush Classic Bookcase, Traditional"
2473.0,914.76,Furniture,South,"Dania Classic Bookcase, Pine"
2473.0,1038.42,Furniture,North Asia,"Dania Classic Bookcase, Pine"
2473.0,604.35,Furniture,Central,"Novimex Executive Leather Armchair, Black"
2473.0,903.9933,Technology,Southeast Asia,"Hewlett Wireless Fax, Digital"
2471.0,938.7,Furniture,Africa,"Ikea Classic Bookcase, Traditional"
2471.0,518.76,Furniture,North Asia,"Ikea Classic Bookcase, Traditional"
2471.0,518.76,Furniture,North Asia,"Ikea Classic Bookcase, Traditional"
2466.0,197.19,Furniture,Southeast Asia,"Office Star Executive Leather Armchair, Red"
2461.0,566.02,Office Supplies,South,"KitchenAid Refrigerator, Black"
2461.0,49.12,Furniture,South,"SAFCO Executive Leather Armchair, Red"
2457.0,664.719,Technology,Central,"Epson Printer, Durable"
2456.0,785.82,Office Supplies,North,"Hoover Refrigerator, Red"
2456.0,-191.163,Furniture,Central,"Safco Library with Doors, Traditional"
2453.0,-350.49,Furniture,Central,HON 5400 Series Task Chairs for Big and Tall
2453.0,809.28,Technology,Africa,"Epson Inkjet, Durable"
2452.0,190.575,Furniture,Central,"Safco Library with Doors, Metal"
2448.0,228.3,Technology,Southeast Asia,"Cisco Smart Phone, Full Size"
2444.0,760.305,Office Supplies,Central,"Hamilton Beach Stove, Silver"
2443.0,121.94,Office Supplies,Central,"Hamilton Beach Microwave, Black"
2442.0,-244.251,Furniture,Central,"Sauder Library with Doors, Traditional"
2439.0,867.027,Furniture,Oceania,"Sauder Library with Doors, Metal"
2437.0,-487.368,Furniture,North Asia,"Chromcraft Conference Table, Rectangular"
2432.0,513.36,Office Supplies,Central,"Hamilton Beach Stove, White"
2430.0,388.8128,Furniture,South,"Office Impressions End Table, 20-1/2""H x 24""W x 20""D"
2429.0,534.4,Furniture,Central,"Novimex Executive Leather Armchair, Adjustable"
2424.0,24.22,Office Supplies,South,"Breville Refrigerator, Red"
2419.0,411.18,Furniture,Caribbean,"Barricks Wood Table, Fully Assembled"
2415.0,1134.84,Technology,North Asia,"HP Fax and Copier, Digital"
2408.0,339.8925,Office Supplies,Southeast Asia,"Hoover Stove, White"
2405.0,150.294,Furniture,West,Global Troy Executive Leather Low-Back Tilter
2405.0,793.716,Office Supplies,Central,Honeywell Enviracaire Portable HEPA Air Cleaner for 17' x 22' Room
2403.0,763.155,Technology,Central,"Okidata Inkjet, Wireless"
2400.0,839.986,Technology,West,Hewlett Packard LaserJet 3310 Copier
2400.0,647.892,Technology,East,Polycom CX600 IP Phone VoIP phone
2400.0,569.9905,Technology,Central,Canon PC1080F Personal Copier
2398.0,-1479.126,Furniture,Oceania,"Ikea Library with Doors, Traditional"
2396.0,-317.1528,Furniture,Central,"Riverside Palais Royal Lawyers Bookcase, Royale Cherry Finish"
2396.0,179.73,Technology,West,Panasonic KX MB2061 Multifunction Printer
2395.0,209.58,Technology,West,Okidata MB491 Multifunction Printer
2386.0,381.675,Technology,Southeast Asia,"Apple Smart Phone, Cordless"
2384.0,794.577,Technology,Oceania,"Hewlett Wireless Fax, High-Speed"
2381.0,952.2,Furniture,Central,"Harbour Creations Executive Leather Armchair, Adjustable"
2380.0,740.178,Furniture,North,"Safco Classic Bookcase, Mobile"
2375.0,-207.844,Technology,Caribbean,"Samsung Smart Phone, VoIP"
2372.0,0.0,Technology,Central Asia,"Canon Copy Machine, Color"
2368.0,920.754,Furniture,Central,"Sauder Classic Bookcase, Mobile"
2367.0,604.86,Office Supplies,Oceania,"KitchenAid Refrigerator, White"
2366.0,18.8592,Technology,North,"Sharp Wireless Fax, Digital"
2366.0,551.955,Office Supplies,Central,"Hoover Refrigerator, Black"
2364.0,227.757,Office Supplies,Southeast Asia,"KitchenAid Stove, Black"
2364.0,-218.298,Furniture,Central,"Barricks Conference Table, Adjustable Height"
2357.0,884.058,Office Supplies,West,GBC DocuBind 200 Manual Binding Machine
2349.0,399.2994,Furniture,West,"Bevis Oval Conference Table, Walnut"
2348.0,727.95,Furniture,North Asia,"Office Star Executive Leather Armchair, Red"
2347.0,258.12,Furniture,North Asia,"Safco Library with Doors, Pine"
2344.0,46.88,Furniture,Central,"Safco Classic Bookcase, Pine"
2337.0,1098.45,Furniture,North Asia,"Office Star Executive Leather Armchair, Black"
2333.0,349.86,Furniture,South,"Chromcraft Conference Table, Adjustable Height"
2331.0,1025.46,Technology,North Asia,"Belkin Router, USB"
2325.0,511.52,Furniture,Central,"Sauder Classic Bookcase, Traditional"
2322.0,180.414,Office Supplies,Central,"Smead Lockers, Blue"
2322.0,1114.512,Technology,East,Zebra ZM400 Thermal Label Printer
2321.0,-203.06,Furniture,South,"Chromcraft Conference Table, Rectangular"
2314.0,-1002.7836,Furniture,South,Chromcraft Bull-Nose Wood Oval Conference Tables & Bases
2314.0,836.1225,Office Supplies,Southeast Asia,"KitchenAid Microwave, Black"
2310.0,762.1845,Technology,East,Plantronics CS510 - Over-the-Head monaural Wireless Headset System
2305.0,922.05,Technology,Central,"Enermax Router, Erganomic"
2301.0,91.95,Furniture,Central Asia,"Novimex Executive Leather Armchair, Red"
2301.0,91.95,Furniture,North Asia,"Novimex Executive Leather Armchair, Red"
2301.0,38.196,Technology,South,"Apple Smart Phone, with Caller ID"
2301.0,-953.442,Furniture,Oceania,"Lesro Wood Table, Adjustable Height"
2300.0,408.876,Technology,Oceania,"Nokia Smart Phone, with Caller ID"
2298.0,988.12,Technology,South,"Memorex Router, Bluetooth"
2295.0,459.0,Technology,South,"Apple Smart Phone, Full Size"
2293.0,509.568,Technology,Oceania,"Brother Fax Machine, Laser"
2292.0,-1128.435,Furniture,Central,"Barricks Round Table, Adjustable Height"
2292.0,127.134,Furniture,North,"Bush Library with Doors, Metal"
2290.0,68.55,Furniture,Central Asia,"Novimex Executive Leather Armchair, Black"
2290.0,559.74,Technology,North,"Nokia Smart Phone, Cordless"
2287.0,228.68,Furniture,South,"Lesro Conference Table, with Bottom Storage"
2286.0,845.7,Furniture,North,"Hon Executive Leather Armchair, Black"
2284.0,-0.216,Office Supplies,Central,"Hamilton Beach Microwave, Black"
2281.0,136.8,Technology,Africa,"Canon Wireless Fax, Color"
2280.0,228.0,Furniture,Central,"Lesro Conference Table, Rectangular"
2280.0,592.7896,Technology,East,Xiaomi Mi3
2278.0,751.8,Office Supplies,North,"KitchenAid Stove, Black"
2278.0,706.05,Furniture,Central Asia,"Novimex Executive Leather Armchair, Adjustable"
2276.0,-472.5675,Furniture,Southeast Asia,"Lesro Conference Table, Fully Assembled"
2276.0,542.6388,Technology,North,"Canon Wireless Fax, Color"
2276.0,386.835,Furniture,South,Hon Rectangular Conference Tables
2273.0,840.78,Technology,South,"Brother Wireless Fax, Laser"
2273.0,977.22,Technology,North Asia,"Brother Wireless Fax, Laser"
2270.0,1112.4,Technology,Canada,"Hewlett Wireless Fax, High-Speed"
2266.0,-0.0525,Furniture,Southeast Asia,"Lesro Conference Table, Rectangular"
2266.0,113.28,Office Supplies,Africa,"Hoover Stove, White"
2266.0,-0.0525,Furniture,Southeast Asia,"Lesro Conference Table, Rectangular"
2254.0,375.735,Furniture,East,Global Troy Executive Leather Low-Back Tilter
2250.0,517.4793,Technology,East,Logitech diNovo Edge Keyboard
2250.0,517.4793,Technology,South,Logitech diNovo Edge Keyboard
2249.0,224.88,Office Supplies,Central Asia,"Breville Stove, Silver"
2244.0,246.72,Office Supplies,Africa,"Breville Stove, Black"
2244.0,493.7856,Furniture,South,"Chromcraft 48"" x 96"" Racetrack Double Pedestal Table"
2244.0,246.72,Office Supplies,South,"Breville Stove, Black"
2240.0,223.9936,Technology,South,Samsung Galaxy S III - 16GB - pebble blue (T-Mobile)
2229.0,-754.4145,Furniture,Central,"Hon Computer Table, Adjustable Height"
2227.0,500.976,Furniture,North,"SAFCO Executive Leather Armchair, Adjustable"
2224.0,321.24,Office Supplies,Central,"Cuisinart Refrigerator, White"
2222.0,622.02,Furniture,South,"Harbour Creations Executive Leather Armchair, Adjustable"
2221.0,123.354,Furniture,Oceania,"Ikea Classic Bookcase, Metal"
2219.0,24.624,Technology,South,"Epson Inkjet, Wireless"
2218.0,775.98,Technology,Central Asia,"Memorex Router, USB"
2215.0,-221.571,Furniture,North Asia,"Lesro Round Table, with Bottom Storage"
2206.0,689.088,Furniture,North,"Barricks Wood Table, with Bottom Storage"
2199.0,923.37,Technology,North,"Okidata Inkjet, Wireless"
2198.0,153.75,Furniture,North Asia,"Safco Classic Bookcase, Pine"
2195.0,1031.52,Technology,North Asia,"Konica Inkjet, Wireless"
2195.0,438.75,Furniture,Central Asia,"Dania Floating Shelf Set, Metal"
2195.0,206.556,Technology,Central,"Motorola Smart Phone, with Caller ID"
2191.0,1073.44,Furniture,Caribbean,"Dania Classic Bookcase, Traditional"
2191.0,65.7,Furniture,Central Asia,"Safco Classic Bookcase, Traditional"
2191.0,-410.912,Furniture,Central,"Hon Round Table, Rectangular"
2191.0,316.701,Office Supplies,Southeast Asia,"KitchenAid Refrigerator, Red"
2190.0,372.06,Furniture,North Asia,"Dania Library with Doors, Mobile"
2189.0,541.3698,Furniture,Southeast Asia,"Safco Library with Doors, Mobile"
2188.0,1050.15,Furniture,South,"Safco Classic Bookcase, Metal"
2187.0,481.05,Furniture,Central Asia,"Sauder Classic Bookcase, Pine"
2184.0,447.279,Office Supplies,Southeast Asia,"Hoover Refrigerator, Red"
2183.0,327.24,Furniture,Africa,"Bush Library with Doors, Metal"
2183.0,174.6,Furniture,North Asia,"Bush Library with Doors, Metal"
2180.0,-690.536,Office Supplies,Central,"Cuisinart Refrigerator, Black"
2180.0,959.22,Furniture,Africa,"Ikea Library with Doors, Traditional"
2178.0,-3701.8928,Office Supplies,Central,GBC DocuBind P400 Electric Binding System
2174.0,260.82,Technology,North Asia,"Panasonic Inkjet, White"
2174.0,500.01,Technology,Central Asia,"Konica Inkjet, White"
2174.0,260.82,Technology,Central Asia,"Panasonic Inkjet, White"
2172.0,65.1,Technology,North,"Cisco Smart Phone, Cordless"
2172.0,628.0368,Technology,Southeast Asia,"Cisco Smart Phone, with Caller ID"
2171.0,-2750.28,Furniture,EMEA,"Barricks Conference Table, Rectangular"
2171.0,390.8,Technology,South,"Cisco Smart Phone, Full Size"
2171.0,390.8,Technology,South,"Cisco Smart Phone, Full Size"
2167.0,790.416,Technology,Central,"Samsung Smart Phone, Full Size"
2167.0,391.4976,Technology,Southeast Asia,"Cisco Smart Phone, Full Size"
2155.0,129.294,Furniture,East,"Global Adaptabilites Bookcase, Cherry/Storm Gray Finish"
2153.0,726.5619,Office Supplies,East,GBC DocuBind TL300 Electric Binding System
2153.0,198.636,Furniture,Southeast Asia,"Bush Classic Bookcase, Pine"
2153.0,861.24,Office Supplies,Central Asia,"Cuisinart Stove, Red"
2148.0,923.44,Furniture,South,"Novimex Executive Leather Armchair, Red"
2147.0,429.3,Technology,Central,"Motorola Smart Phone, Full Size"
2147.0,579.81,Office Supplies,Central,"Hoover Microwave, White"
2146.0,364.68,Office Supplies,North,"Cuisinart Stove, White"
2142.0,556.9,Technology,North,"Motorola Smart Phone, Full Size"
2142.0,728.28,Furniture,South,"SAFCO Executive Leather Armchair, Black"
2135.0,21.12,Technology,Central,"Okidata Printer, White"
2134.0,682.92,Furniture,Africa,"Bevis Wood Table, with Bottom Storage"
2132.0,532.8,Technology,Central,"Panasonic Printer, Wireless"
2131.0,473.595,Furniture,Oceania,"Harbour Creations Executive Leather Armchair, Black"
2130.0,851.8,Technology,Caribbean,"Nokia Smart Phone, with Caller ID"
2129.0,938.7954,Technology,Southeast Asia,"Hewlett Wireless Fax, Color"
2125.0,488.6,Technology,South,"Nokia Smart Phone, Full Size"
2125.0,488.6,Technology,North,"Nokia Smart Phone, Full Size"
2125.0,233.64,Technology,South,"Sharp Wireless Fax, High-Speed"
2125.0,148.68,Furniture,Oceania,"Hon Wood Table, with Bottom Storage"
2125.0,488.6,Technology,North,"Nokia Smart Phone, Full Size"
2125.0,297.5,Technology,Central,"Apple Smart Phone, Full Size"
2123.0,124.788,Technology,Central,"Panasonic Inkjet, Durable"
2123.0,-174.87,Office Supplies,Southeast Asia,"Hamilton Beach Refrigerator, Black"
2121.0,275.7,Technology,Central,"Samsung Smart Phone, VoIP"
2121.0,63.6,Technology,North,"Apple Smart Phone, Full Size"
2121.0,275.7,Technology,North,"Samsung Smart Phone, VoIP"
2121.0,169.47,Furniture,Central Asia,"Barricks Coffee Table, Fully Assembled"
2121.0,275.7,Technology,Central,"Samsung Smart Phone, VoIP"
2121.0,106.0,Technology,Central,"Nokia Smart Phone, Cordless"
2121.0,275.7,Technology,Central,"Samsung Smart Phone, VoIP"
2117.0,-1736.28,Office Supplies,Central Asia,"Breville Microwave, Silver"
2115.0,23.49,Furniture,Central,"Office Star Executive Leather Armchair, Adjustable"
2115.0,-396.684,Furniture,North,"Safco Classic Bookcase, Mobile"
2112.0,190.05,Office Supplies,North,"Breville Microwave, Red"
2109.0,527.04,Technology,EMEA,"Canon Copy Machine, Color"
2109.0,527.28,Technology,EMEA,"Hewlett Copy Machine, High-Speed"
2106.0,526.496,Furniture,Central,"Hon Computer Table, Fully Assembled"
2105.0,715.68,Office Supplies,North Asia,"Hoover Refrigerator, Red"
2105.0,989.01,Technology,South,"Canon Fax and Copier, Laser"
2105.0,694.5015,Office Supplies,South,Honeywell Enviracaire Portable HEPA Air Cleaner for 17' x 22' Room
2103.0,321.552,Technology,Central,"Panasonic Inkjet, Red"
2098.0,860.16,Technology,Central Asia,"Brother Copy Machine, High-Speed"
2097.0,188.64,Technology,South,"Canon Copy Machine, Laser"
2096.0,-429.3945,Office Supplies,Southeast Asia,"Hamilton Beach Microwave, White"
2093.0,720.75,Furniture,Central,"Office Star Executive Leather Armchair, Adjustable"
2093.0,720.75,Furniture,Central,"Office Star Executive Leather Armchair, Adjustable"
2093.0,52.272,Furniture,North,"Sauder Classic Bookcase, Traditional"
2088.0,83.52,Technology,Central,"Epson Printer, White"
2087.0,145.95,Technology,North Asia,"HP Fax Machine, High-Speed"
2080.0,603.24,Office Supplies,Central Asia,"Breville Refrigerator, Silver"
2080.0,561.6,Office Supplies,South,"Breville Refrigerator, Silver"
2079.0,852.24,Technology,South,"Enermax Router, Programmable"
2079.0,582.232,Office Supplies,East,Deluxe Rollaway Locking File with Drawer
2077.0,59.166,Furniture,North Asia,"Hon Computer Table, with Bottom Storage"
2077.0,581.64,Office Supplies,Central Asia,"Breville Refrigerator, Red"
2077.0,394.68,Office Supplies,North,"Breville Refrigerator, Red"
2076.0,103.8,Furniture,Central,"Bush Classic Bookcase, Mobile"
2076.0,996.6,Furniture,Caribbean,"Barricks Wood Table, Adjustable Height"
2075.0,892.2,Office Supplies,Oceania,"Breville Refrigerator, Black"
2075.0,276.534,Technology,Oceania,"Enermax Router, Erganomic"
2071.0,-621.27,Furniture,Central,"Novimex Executive Leather Armchair, Red"
2070.0,848.7,Furniture,Central Asia,"Bush Classic Bookcase, Pine"
2070.0,82.8,Technology,Central,"Belkin Router, Bluetooth"
2070.0,413.88,Office Supplies,South,"Breville Refrigerator, White"
2070.0,186.06,Technology,South,"Sharp Fax Machine, Laser"
2068.0,206.685,Furniture,Oceania,"Hon Executive Leather Armchair, Adjustable"
2068.0,206.685,Furniture,Oceania,"Hon Executive Leather Armchair, Adjustable"
2066.0,103.2,Furniture,North Asia,"Dania Classic Bookcase, Mobile"
2066.0,41.25,Furniture,Central Asia,"Ikea Classic Bookcase, Pine"
2065.0,-619.596,Furniture,East,"Riverside Furniture Oval Coffee Table, Oval End Table, End Table with Drawer"
2064.0,141.1884,Furniture,Southeast Asia,"Harbour Creations Executive Leather Armchair, Adjustable"
2063.0,123.75,Furniture,North Asia,"Bush Classic Bookcase, Traditional"
2063.0,123.75,Furniture,North Asia,"Bush Classic Bookcase, Traditional"
2061.0,886.05,Furniture,North Asia,"Bush Classic Bookcase, Metal"
2061.0,700.5,Furniture,South,"Bush Classic Bookcase, Metal"
2061.0,643.9825,Office Supplies,West,Ibico Ibimaster 300 Manual Binding System
2058.0,946.68,Furniture,EMEA,"Barricks Wood Table, Rectangular"
2057.0,431.76,Technology,South,"Sharp Fax Machine, High-Speed"
2057.0,-0.12,Furniture,Oceania,"Hon Executive Leather Armchair, Black"
2056.0,390.6,Furniture,Central,"Ikea Classic Bookcase, Metal"
2054.0,256.784,Furniture,West,Hon Pagoda Stacking Chairs
2053.0,638.46,Technology,Oceania,"Canon Wireless Fax, Color"
2053.0,638.46,Technology,Oceania,"Canon Wireless Fax, Color"
2053.0,410.46,Office Supplies,North,"KitchenAid Stove, Red"
2051.0,40.95,Furniture,Southeast Asia,"Dania Classic Bookcase, Metal"
2051.0,667.113,Office Supplies,Southeast Asia,"Cuisinart Refrigerator, White"
2050.0,-512.712,Office Supplies,Oceania,"KitchenAid Stove, Black"
2050.0,68.19,Furniture,Central,"Novimex Executive Leather Armchair, Adjustable"
2046.0,591.045,Furniture,Oceania,"Hon Executive Leather Armchair, Adjustable"
2045.0,-332.28,Technology,Caribbean,"Samsung Smart Phone, Cordless"
2044.0,756.0,Technology,North Asia,"Motorola Signal Booster, Cordless"
2043.0,-136.26,Technology,Oceania,"Canon Wireless Fax, Digital"
2043.0,255.234,Furniture,Central Asia,"Ikea Library with Doors, Pine"
2041.0,959.14,Furniture,Central,"Sauder Classic Bookcase, Pine"
2040.0,-113.364,Office Supplies,Central,"Hoover Stove, White"
2040.0,-113.364,Office Supplies,Central,"Hoover Stove, White"
2039.0,109.6215,Furniture,Southeast Asia,"Sauder Classic Bookcase, Mobile"
2037.0,366.6348,Furniture,West,Hon 5100 Series Wood Tables
2037.0,359.3025,Technology,Central,"Konica Printer, White"
2036.0,-499.2984,Furniture,Southeast Asia,"Chromcraft Wood Table, Rectangular"
2034.0,762.594,Office Supplies,West,Fellowes PB500 Electric Punch Plastic Comb Binding Machine with Manual Bind
2025.0,607.608,Technology,East,Plantronics Savi W720 Multi-Device Wireless Headset System
2022.0,323.4,Technology,EMEA,"Motorola Signal Booster, Full Size"
2022.0,682.5168,Office Supplies,West,GBC ProClick 150 Presentation Binding System
2020.0,706.68,Furniture,North,"Safco 3-Shelf Cabinet, Metal"
2019.0,928.44,Technology,North Asia,"Sharp Fax and Copier, Digital"
2018.0,-576.909,Furniture,North Asia,"Bevis Coffee Table, Adjustable Height"
2017.0,-0.054,Technology,Central,"Panasonic Printer, Red"
2017.0,-0.054,Technology,Central,"Panasonic Printer, Red"
2015.0,850.836,Technology,Oceania,"Hewlett Fax Machine, Laser"
2014.0,419.8032,Technology,Central,"Brother Wireless Fax, Digital"
2012.0,925.44,Furniture,EMEA,"Barricks Round Table, Fully Assembled"
2012.0,-1021.671,Furniture,Central,"Hon Round Table, with Bottom Storage"
2004.0,861.48,Office Supplies,North,"Hamilton Beach Refrigerator, Silver"
2004.0,-325.572,Furniture,West,Bretford âJust In Timeâ Height-Adjustable Multi-Task Work Tables
2004.0,125.245,Furniture,West,Global Troy Executive Leather Low-Back Tilter
2004.0,-0.084,Technology,North,"Hewlett Fax Machine, High-Speed"
2004.0,-25.049,Furniture,East,DMI Eclipse Executive Suite Bookcases
2003.0,250.396,Technology,Central,Samsung Galaxy S4
2002.0,580.5394,Furniture,Central,Global Deluxe High-Back Manager's Chair
2000.0,624.9875,Technology,Central,Hewlett Packard 610 Color Digital Copier / Printer
2000.0,899.982,Technology,East,Hewlett Packard 610 Color Digital Copier / Printer
1998.0,359.64,Office Supplies,South,"Hamilton Beach Refrigerator, Black"
1995.0,638.46,Furniture,Oceania,"Bevis Training Table, Rectangular"
1993.0,498.24,Office Supplies,Caribbean,"Hamilton Beach Refrigerator, White"
1987.0,337.8,Office Supplies,Central,"Cuisinart Refrigerator, Silver"
1987.0,298.08,Office Supplies,Central Asia,"Cuisinart Refrigerator, Silver"
1984.0,247.996,Technology,West,ClearOne CHATAttach 160 -Â speaker phone
1983.0,616.815,Furniture,Central,"Safco Classic Bookcase, Mobile"
1983.0,-1784.895,Office Supplies,Central,"Hoover Stove, White"
1983.0,616.815,Furniture,North,"Safco Classic Bookcase, Mobile"
1981.0,-71.676,Office Supplies,Southeast Asia,"Smead Lockers, Industrial"
1980.0,653.301,Technology,South,Plantronics CS510 - Over-the-Head monaural Wireless Headset System
1980.0,494.9725,Technology,East,Google Nexus 5
1980.0,148.4946,Technology,Central,Mitel MiVoice 5330e IP Phone
1979.0,158.16,Technology,Africa,"Logitech Router, Bluetooth"
1978.0,276.84,Furniture,EMEA,"Hon Computer Table, with Bottom Storage"
1977.0,592.812,Technology,Oceania,"Memorex Router, Erganomic"
1973.0,767.295,Furniture,Central,"Sauder Classic Bookcase, Mobile"
1972.0,350.475,Furniture,Central,"Safco Classic Bookcase, Traditional"
1971.0,-813.6144,Furniture,Southeast Asia,"Safco Library with Doors, Pine"
1970.0,49.216,Furniture,South,"Hon Conference Table, Adjustable Height"
1970.0,503.316,Furniture,Central,"Ikea Library with Doors, Pine"
1968.0,262.38,Furniture,Oceania,"Sauder Classic Bookcase, Pine"
1964.0,21.69,Furniture,Central,"Dania Library with Doors, Pine"
1962.0,392.4,Furniture,North Asia,"Safco Floating Shelf Set, Metal"
1962.0,420.3,Furniture,North Asia,"Chromcraft Round Table, with Bottom Storage"
1961.0,-147.6048,Technology,Southeast Asia,"Canon Copy Machine, Color"
1958.0,509.04,Technology,Central,"Cisco Smart Phone, Full Size"
1955.0,608.244,Office Supplies,Central,"Hamilton Beach Stove, Silver"
1954.0,312.66,Technology,Southeast Asia,"Cisco Smart Phone, Full Size"
1954.0,282.126,Technology,Oceania,"Apple Audio Dock, VoIP"
1954.0,781.74,Technology,Central,"Cisco Smart Phone, Cordless"
1954.0,312.66,Technology,Central Asia,"Cisco Smart Phone, Full Size"
1954.0,-286.68,Technology,Southeast Asia,"Cisco Smart Phone, Cordless"
1954.0,781.74,Technology,North,"Cisco Smart Phone, Cordless"
1954.0,429.84,Technology,Central,"Cisco Smart Phone, Full Size"
1952.0,759.264,Office Supplies,Central,"Hamilton Beach Stove, Red"
1952.0,897.84,Technology,North,"Memorex Router, Erganomic"
1952.0,585.552,Furniture,Central,"Hon Deluxe Fabric Upholstered Stacking Chairs, Rounded Back"
1952.0,759.264,Office Supplies,Central,"Hamilton Beach Stove, Red"
1950.0,-1121.688,Office Supplies,Central,"Hamilton Beach Stove, Black"
1946.0,114.453,Technology,Central,"Hewlett Wireless Fax, Color"
1945.0,291.6,Furniture,North Asia,"Sauder Library with Doors, Pine"
1943.0,258.93,Technology,Oceania,"HP Wireless Fax, Digital"
1940.0,339.444,Furniture,North,"Bevis Round Table, Fully Assembled"
1938.0,-96.96,Furniture,South,"Barricks Conference Table, Fully Assembled"
1938.0,135.6,Furniture,North Asia,"Sauder Library with Doors, Traditional"
1937.0,445.41,Technology,North,"Motorola Smart Phone, with Caller ID"
1935.0,-411.216,Furniture,South,"Barricks Conference Table, with Bottom Storage"
1933.0,-128.88,Technology,Oceania,"Okidata Printer, Wireless"
1932.0,734.13,Technology,North Asia,"Motorola Smart Phone, Full Size"
1932.0,-386.3916,Technology,East,Samsung Galaxy Note 2
1931.0,321.84,Furniture,East,Safco Contoured Stacking Chairs
1929.0,829.3754,Technology,Central,MaxellÂ iVDR EX 500GB Cartridge
1928.0,751.7601,Office Supplies,Central,Honeywell Enviracaire Portable HEPA Air Cleaner for 16' x 20' Room
1928.0,77.13,Technology,Central Asia,"Motorola Smart Phone, Cordless"
1927.0,712.8,Technology,Africa,"Sharp Copy Machine, Color"
1927.0,308.16,Technology,North Asia,"Sharp Copy Machine, Color"
1926.0,539.2464,Furniture,Central,Hon 4070 Series Pagoda Round Back Stacking Chairs
1924.0,312.676,Office Supplies,East,Honeywell Enviracaire Portable HEPA Air Cleaner for 17' x 22' Room
1922.0,704.628,Technology,Oceania,"Sharp Wireless Fax, Laser"
1922.0,227.2179,Technology,Southeast Asia,"Sharp Fax Machine, Digital"
1920.0,652.92,Furniture,Central Asia,"Chromcraft Wood Table, Rectangular"
1920.0,215.9973,Technology,West,Bady BDG101FRU Card Printer
1920.0,215.9973,Technology,West,Bady BDG101FRU Card Printer
1919.0,633.22,Furniture,Central,"Ikea Classic Bookcase, Metal"
1917.0,498.33,Technology,Central Asia,"Nokia Smart Phone, with Caller ID"
1917.0,517.56,Furniture,Oceania,"Barricks Computer Table, Fully Assembled"
1917.0,747.72,Technology,Oceania,"Hewlett Fax Machine, Digital"
1917.0,939.26,Furniture,Caribbean,"Dania Classic Bookcase, Traditional"
1917.0,690.12,Technology,Central Asia,"Samsung Smart Phone, Cordless"
1917.0,134.19,Technology,Central,"Samsung Smart Phone, Cordless"
1914.0,650.58,Technology,EMEA,"Samsung Signal Booster, VoIP"
1914.0,669.76,Technology,Caribbean,"SanDisk Router, Bluetooth"
1913.0,401.814,Furniture,West,Bush Advantage Collection Round Conference Table
1913.0,535.5,Technology,Central,"Apple Smart Phone, Full Size"
1913.0,210.33,Technology,Central Asia,"Apple Smart Phone, Full Size"
1913.0,899.1,Technology,Central,"Canon Fax and Copier, Laser"
1912.0,-204.0,Technology,Southeast Asia,"Samsung Smart Phone, Full Size"
1909.0,190.8,Technology,Africa,"Hewlett Fax Machine, High-Speed"
1909.0,57.24,Technology,North,"Samsung Smart Phone, VoIP"
1908.0,820.44,Technology,Central,"Nokia Smart Phone, Full Size"
1908.0,820.44,Technology,North,"Nokia Smart Phone, Full Size"
1908.0,534.33,Technology,Central Asia,"Nokia Smart Phone, Cordless"
1904.0,761.76,Furniture,EMEA,"Harbour Creations Executive Leather Armchair, Adjustable"
1904.0,418.92,Furniture,North Asia,"Harbour Creations Executive Leather Armchair, Adjustable"
1903.0,95.004,Office Supplies,Oceania,"KitchenAid Refrigerator, Silver"
1903.0,57.0,Office Supplies,Central,"KitchenAid Stove, Silver"
1902.0,872.82816,Technology,Central,"Sharp Wireless Fax, Color"
1901.0,589.2,Technology,Central,"Hewlett Wireless Fax, Laser"
1901.0,-348.516,Office Supplies,Oceania,"KitchenAid Refrigerator, Red"
1901.0,-1672.5,Technology,Central,"Canon Wireless Fax, Color"
1900.0,398.88,Technology,Central Asia,"Canon Fax Machine, High-Speed"
1900.0,417.96,Technology,EMEA,"Brother Fax Machine, High-Speed"
1900.0,227.88,Technology,Africa,"Canon Fax Machine, High-Speed"
1899.0,227.85,Technology,Central,"Hewlett Wireless Fax, Digital"
1895.0,505.176,Office Supplies,Oceania,"Hoover Refrigerator, Red"
1895.0,570.828,Office Supplies,Southeast Asia,"KitchenAid Stove, Silver"
1894.0,700.65,Technology,South,"Brother Wireless Fax, Laser"
1894.0,-221.112,Office Supplies,Oceania,"KitchenAid Refrigerator, White"
1894.0,-111.4995,Technology,Central,"Canon Fax Machine, Laser"
1893.0,927.6,Technology,North,"Canon Wireless Fax, Laser"
1892.0,832.2,Technology,North,"Canon Wireless Fax, Digital"
1892.0,170.25,Technology,North,"Brother Wireless Fax, Digital"
1892.0,927.15,Technology,Central Asia,"Brother Wireless Fax, Digital"
1890.0,-2929.4845,Office Supplies,Central,Ibico EPK-21 Electric Binding System
1890.0,-377.9892,Technology,East,Samsung Galaxy S III - 16GB - pebble blue (T-Mobile)
1889.0,887.6,Office Supplies,North,"Hoover Stove, White"
1889.0,887.6,Office Supplies,South,"Hoover Stove, White"
1889.0,482.685,Office Supplies,Central,"Breville Microwave, White"
1888.0,-161.964,Furniture,North Asia,"Lesro Round Table, Rectangular"
1888.0,0.0,Office Supplies,Oceania,"Hoover Refrigerator, White"
1885.0,18.72,Technology,Africa,"Okidata Inkjet, Wireless"
1885.0,658.668,Office Supplies,Southeast Asia,"Hoover Stove, Black"
1885.0,791.46,Technology,Africa,"Okidata Inkjet, Wireless"
1881.0,300.78,Technology,Central,"Konica Inkjet, Wireless"
1880.0,545.1884,Technology,Central,Samsung Galaxy S4 Mini
1880.0,211.4955,Technology,West,Samsung Galaxy S4 Mini
1879.0,582.36,Furniture,Central Asia,"Office Star Executive Leather Armchair, Red"
1879.0,732.6,Furniture,Africa,"Office Star Executive Leather Armchair, Red"
1877.0,525.6,Furniture,Africa,"Chromcraft Round Table, Adjustable Height"
1875.0,-968.8833,Furniture,South,Balt Solid Wood Round Tables
1872.0,561.564,Technology,South,Cisco SPA301
1870.0,205.56,Furniture,South,"Office Star Executive Leather Armchair, Black"
1870.0,186.948,Office Supplies,Central,"Breville Refrigerator, Red"
1870.0,878.76,Furniture,Central Asia,"Office Star Executive Leather Armchair, Black"
1868.0,242.64,Technology,Africa,"Okidata Inkjet, White"
1867.0,-93.504,Furniture,North,"Safco Classic Bookcase, Metal"
1866.0,802.17,Office Supplies,Central Asia,"Fellowes Lockers, Blue"
1864.0,708.12,Technology,North,"Konica Inkjet, White"
1864.0,455.565,Furniture,Oceania,"Ikea Classic Bookcase, Mobile"
1863.0,393.24,Technology,Oceania,"Belkin Router, Bluetooth"
1860.0,316.2,Furniture,North Asia,"Office Star Executive Leather Armchair, Adjustable"
1860.0,18.48,Technology,North,"Okidata Printer, Red"
1860.0,316.2,Furniture,Southeast Asia,"Office Star Executive Leather Armchair, Adjustable"
1859.0,-26.67,Furniture,Oceania,"Bevis Wood Table, Rectangular"
1859.0,130.08,Furniture,EMEA,"Chromcraft Round Table, Rectangular"
1857.0,639.51,Furniture,Central,"Bush Classic Bookcase, Traditional"
1856.0,129.84,Furniture,Africa,"SAFCO Executive Leather Armchair, Adjustable"
1856.0,334.1142,Office Supplies,West,Tennsco 6- and 18-Compartment Lockers
1856.0,909.54,Office Supplies,South,"Hoover Microwave, Silver"
1855.0,-1294.3503,Furniture,Southeast Asia,"Barricks Computer Table, Fully Assembled"
1855.0,778.92,Furniture,Africa,"SAFCO Executive Leather Armchair, Set of Two"
1854.0,432.645,Furniture,Central,"Dania Classic Bookcase, Pine"
1853.0,576.375,Furniture,Central,"Ikea Classic Bookcase, Traditional"
1852.0,532.392,Office Supplies,Caribbean,"Cuisinart Refrigerator, Red"
1850.0,184.995,Furniture,Central,"Ikea Classic Bookcase, Metal"
1850.0,259.02,Furniture,Central Asia,"Bevis Conference Table, Fully Assembled"
1849.0,203.4,Technology,Africa,"Epson Inkjet, Wireless"
1848.0,738.96,Furniture,Oceania,"Bevis Conference Table, with Bottom Storage"
1847.0,406.38,Furniture,Caribbean,"Hon Conference Table, Adjustable Height"
1846.0,18.36,Furniture,Africa,"SAFCO Executive Leather Armchair, Red"
1846.0,535.2,Furniture,Central Asia,"SAFCO Executive Leather Armchair, Red"
1846.0,793.8,Technology,Central,"Brother Copy Machine, Color"
1843.0,36.75,Technology,North,"Hewlett Copy Machine, Laser"
1843.0,884.46,Furniture,Africa,"Bevis Conference Table, Rectangular"
1842.0,368.07,Office Supplies,Central,"Tenex Lockers, Industrial"
1841.0,846.54,Office Supplies,Central Asia,"Hoover Microwave, White"
1841.0,496.98,Office Supplies,Africa,"Hoover Microwave, White"
1839.0,238.98,Technology,North Asia,"Epson Printer, Durable"
1839.0,496.32,Furniture,Africa,"Hon Executive Leather Armchair, Adjustable"
1839.0,349.2,Furniture,Central Asia,"Hon Executive Leather Armchair, Adjustable"
1839.0,160.77,Furniture,South,"Hon Executive Leather Armchair, Adjustable"
1839.0,238.98,Technology,North Asia,"Epson Printer, Durable"
1838.0,533.04,Furniture,Caribbean,"Hon Conference Table, Rectangular"
1838.0,275.52,Furniture,Oceania,"Hon Executive Leather Armchair, Red"
1838.0,-114.99,Furniture,North Asia,"Hon Executive Leather Armchair, Red"
1837.0,183.636,Furniture,North Asia,"Chromcraft Conference Table, Adjustable Height"
1836.0,238.68,Furniture,North Asia,"SAFCO Executive Leather Armchair, Black"
1836.0,238.68,Furniture,Oceania,"SAFCO Executive Leather Armchair, Black"
1836.0,752.64,Technology,Central Asia,"Brother Copy Machine, High-Speed"
1833.0,-445.113,Furniture,Oceania,"Chromcraft Conference Table, with Bottom Storage"
1831.0,768.88,Furniture,South,"Safco Library with Doors, Mobile"
1829.0,566.73,Office Supplies,Central,"Tenex Lockers, Wire Frame"
1829.0,-56.43,Furniture,Central,"Lesro Wood Table, Fully Assembled"
1828.0,438.75,Furniture,North Asia,"Bush Library with Doors, Pine"
1826.0,593.7582,Technology,Southeast Asia,"Okidata Inkjet, Wireless"
1824.0,-1303.056,Technology,Central,"Cisco Smart Phone, Cordless"
1823.0,385.776,Technology,Central,"Sharp Wireless Fax, Color"
1822.0,655.65,Furniture,North Asia,"Bush Library with Doors, Traditional"
1822.0,400.8,Furniture,Central,"Novimex Executive Leather Armchair, Adjustable"
1822.0,564.84,Furniture,Oceania,"Novimex Executive Leather Armchair, Adjustable"
1821.0,436.94,Furniture,Central,"Sauder Library with Doors, Mobile"
1820.0,163.7874,Furniture,South,High-Back Leather Manager's Chair
1819.0,654.72,Furniture,North Asia,"Hon Executive Leather Armchair, Adjustable"
1819.0,500.184,Office Supplies,Caribbean,"Hoover Stove, Red"
1817.0,799.35,Furniture,South,"Ikea Library with Doors, Traditional"
1815.0,471.94,Furniture,Central,"Sauder Library with Doors, Pine"
1814.0,653.1,Furniture,South,"Ikea Library with Doors, Metal"
1814.0,145.08,Technology,Central Asia,"Apple Signal Booster, Cordless"
1813.0,851.97,Technology,Central,"Belkin Router, USB"
1811.0,0.0,Technology,EMEA,"StarTech Inkjet, Wireless"
1810.0,325.71,Technology,Central,"Enermax Router, USB"
1810.0,162.9,Office Supplies,EMEA,"Breville Microwave, Red"
1810.0,54.3,Office Supplies,Central,"Hamilton Beach Stove, Silver"
1809.0,155.457,Furniture,Southeast Asia,"Sauder Library with Doors, Pine"
1809.0,-258.495,Furniture,Oceania,"Barricks Wood Table, with Bottom Storage"
1806.0,126.4,Office Supplies,Central,"Hamilton Beach Stove, Black"
1806.0,523.7052,Furniture,Central,"Global Leather and Oak Executive Chair, Black"
1803.0,-130.3863,Office Supplies,Southeast Asia,"Smead Lockers, Wire Frame"
1802.0,-337.806,Office Supplies,East,Tennsco Single-Tier Lockers
1802.0,180.1,Office Supplies,Caribbean,"Hamilton Beach Stove, White"
1802.0,-337.806,Office Supplies,East,Tennsco Single-Tier Lockers
1802.0,-337.806,Office Supplies,South,Tennsco Single-Tier Lockers
1800.0,539.925,Technology,East,Wilson SignalBoost 841262 DB PRO Amplifier Kit
1800.0,239.996,Technology,East,Hewlett Packard LaserJet 3310 Copier
1800.0,-2639.9912,Technology,East,Cubify CubeX 3D Printer Double Head Print
1800.0,719.82,Technology,EMEA,"HP Fax Machine, Laser"
1800.0,701.9883,Technology,West,Canon PC1080F Personal Copier
1799.0,593.64,Office Supplies,Canada,"Breville Microwave, White"
1799.0,86.6364,Office Supplies,Southeast Asia,"Hamilton Beach Stove, Black"
1799.0,86.6364,Office Supplies,Southeast Asia,"Hamilton Beach Stove, Black"
1796.0,843.99,Technology,Central,"Belkin Router, Erganomic"
1796.0,843.99,Technology,Central,"Belkin Router, Erganomic"
1794.0,843.1706,Office Supplies,South,GBC DocuBind TL300 Electric Binding System
1794.0,843.1706,Office Supplies,Central,GBC DocuBind TL300 Electric Binding System
1794.0,843.1706,Office Supplies,East,GBC DocuBind TL300 Electric Binding System
1793.0,394.38,Technology,Central Asia,"Enermax Router, Erganomic"
1792.0,304.7,Office Supplies,South,"Cuisinart Stove, Black"
1791.0,560.7882,Technology,Southeast Asia,"Epson Inkjet, Wireless"
1789.0,99.348,Office Supplies,Oceania,"Cuisinart Refrigerator, Silver"
1789.0,204.282,Furniture,Oceania,"Lesro Computer Table, Adjustable Height"
1786.0,297.648,Office Supplies,Central,"Cuisinart Refrigerator, Red"
1786.0,138.78,Office Supplies,Central,"Smead Lockers, Blue"
1785.0,215.0304,Office Supplies,Southeast Asia,"Cuisinart Stove, Black"
1782.0,873.36,Furniture,EMEA,"Chromcraft Computer Table, Adjustable Height"
1782.0,-653.2834,Furniture,South,Bush Advantage Collection Racetrack Conference Table
1781.0,35.37,Office Supplies,North Asia,"Eldon Lockers, Blue"
1781.0,-134.064,Technology,Southeast Asia,"Sharp Copy Machine, High-Speed"
1781.0,35.37,Office Supplies,North Asia,"Eldon Lockers, Blue"
1780.0,373.779,Furniture,East,Hon 4700 Series Mobuis Mid-Back Task Chairs with Adjustable Arms
1779.0,711.48,Technology,Central,"SanDisk Router, Erganomic"
1778.0,657.75,Technology,North Asia,"Sharp Wireless Fax, Digital"
1777.0,577.304,Furniture,North,"Harbour Creations Executive Leather Armchair, Red"
1774.0,212.76,Furniture,Caribbean,"Chromcraft Computer Table, with Bottom Storage"
1774.0,44.22,Furniture,North Asia,"Chromcraft Computer Table, with Bottom Storage"
1774.0,124.02,Technology,North Asia,"Sharp Fax Machine, Laser"
1774.0,492.624,Technology,Oceania,"Memorex Router, USB"
1772.0,0.0,Technology,Central,"Sharp Fax Machine, Digital"
1771.0,495.75,Technology,Central Asia,"Sharp Wireless Fax, High-Speed"
1771.0,49.65156,Technology,North,"Hewlett Wireless Fax, Laser"
1770.0,422.0524,Technology,South,"Canon Wireless Fax, Color"
1768.0,44.032,Furniture,North,"Ikea Classic Bookcase, Mobile"
1768.0,0.0,Technology,Africa,"Brother Ink, Laser"
1765.0,-98.205,Furniture,Central,"Safco Library with Doors, Mobile"
1764.0,127.335,Technology,Southeast Asia,"StarTech Card Printer, Wireless"
1763.0,669.72,Furniture,EMEA,"Safco Classic Bookcase, Mobile"
1762.0,475.8,Office Supplies,Central,"KitchenAid Refrigerator, Silver"
1762.0,526.0892,Technology,South,"Canon Wireless Fax, Digital"
1762.0,475.8,Office Supplies,North,"KitchenAid Refrigerator, Silver"
1760.0,-326.97,Furniture,North Asia,"Barricks Round Table, Fully Assembled"
1760.0,624.3135,Technology,Southeast Asia,"Hewlett Wireless Fax, High-Speed"
1758.0,70.32,Furniture,EMEA,"Safco Classic Bookcase, Pine"
1758.0,70.32,Furniture,Canada,"Safco Classic Bookcase, Pine"
1758.0,228.48,Furniture,EMEA,"Ikea Corner Shelving, Mobile"
1754.0,214.368,Office Supplies,Oceania,"Cuisinart Microwave, Red"
1753.0,455.64,Furniture,Africa,"Safco Classic Bookcase, Traditional"
1752.0,38.925,Furniture,Oceania,"Safco Library with Doors, Metal"
1747.0,629.01,Furniture,West,"SAFCO PlanMaster Heigh-Adjustable Drafting Table Base, 43w x 30d x 30-37h, Black"
1745.0,122.16,Furniture,North,"Chromcraft Conference Table, with Bottom Storage"
1745.0,122.16,Furniture,Africa,"Chromcraft Conference Table, with Bottom Storage"
1745.0,17.44,Technology,North,"Cisco Smart Phone, with Caller ID"
1745.0,17.44,Technology,Caribbean,"Cisco Smart Phone, with Caller ID"
1745.0,17.44,Technology,Central,"Cisco Smart Phone, with Caller ID"
1745.0,226.86,Furniture,Central Asia,"Chromcraft Conference Table, with Bottom Storage"
1744.0,714.96,Furniture,Africa,"Sauder Classic Bookcase, Traditional"
1744.0,714.96,Furniture,EMEA,"Sauder Classic Bookcase, Traditional"
1744.0,645.24,Furniture,North Asia,"Sauder Classic Bookcase, Traditional"
1742.0,261.24,Furniture,South,"Sauder Classic Bookcase, Metal"
1742.0,261.24,Furniture,North,"Sauder Classic Bookcase, Metal"
1740.0,-24.858,Furniture,Central,SAFCO Arco Folding Chair
1737.0,503.7822,Office Supplies,East,Hoover Upright Vacuum With Dirt Cup
1734.0,728.1,Office Supplies,South,"Breville Refrigerator, Silver"
1733.0,207.9,Technology,South,"Logitech Router, USB"
1731.0,-238.028,Furniture,North,"SAFCO Executive Leather Armchair, Set of Two"
1731.0,17.3,Office Supplies,South,"Breville Refrigerator, Red"
1731.0,17.3,Office Supplies,Central,"Breville Refrigerator, Red"
1729.0,483.84,Furniture,North Asia,"Bush Stackable Bookrack, Mobile"
1727.0,414.3,Furniture,Southeast Asia,"Novimex Executive Leather Armchair, Adjustable"
1727.0,690.9,Technology,Africa,"Apple Speaker Phone, VoIP"
1726.0,-483.3,Furniture,Southeast Asia,"Novimex Executive Leather Armchair, Red"
1726.0,-478.065,Furniture,Central,"Bevis Wood Table, Rectangular"
1725.0,747.612,Technology,Oceania,"Apple Smart Phone, with Caller ID"
1725.0,747.612,Technology,Oceania,"Apple Smart Phone, with Caller ID"
1725.0,-1293.792,Office Supplies,EMEA,"Cuisinart Stove, Silver"
1725.0,306.657,Technology,Oceania,"Nokia Smart Phone, with Caller ID"
1722.0,539.4432,Office Supplies,Southeast Asia,"Breville Refrigerator, Black"
1721.0,19.08,Technology,Oceania,"Apple Smart Phone, Full Size"
1720.0,117.657,Furniture,Southeast Asia,"Harbour Creations Executive Leather Armchair, Adjustable"
1720.0,382.176,Technology,Oceania,"Brother Fax Machine, Laser"
1718.0,610.812,Technology,Oceania,"Brother Fax Machine, Digital"
1718.0,-133.632,Technology,South,"Samsung Smart Phone, VoIP"
1718.0,618.48,Furniture,Central Asia,"Lesro Conference Table, Fully Assembled"
1718.0,68.7,Furniture,EMEA,"Lesro Conference Table, Fully Assembled"
1718.0,372.5604,Office Supplies,Southeast Asia,"Breville Refrigerator, White"
1718.0,150.36,Technology,Central,Wilson Electronics DB Pro Signal Booster
1717.0,725.085,Technology,Oceania,"Hewlett Wireless Fax, Color"
1716.0,583.38,Technology,South,"HP Copy Machine, Color"
1716.0,308.7,Technology,North,"Logitech Router, Erganomic"
1716.0,193.032,Furniture,North,"Hon Executive Leather Armchair, Adjustable"
1716.0,840.63,Technology,North Asia,"HP Copy Machine, Color"
1715.0,-1629.54,Furniture,South,"Lesro Conference Table, with Bottom Storage"
1715.0,300.076,Furniture,North,"Hon Executive Leather Armchair, Red"
1715.0,377.28,Furniture,Africa,"Lesro Conference Table, with Bottom Storage"
1715.0,720.36,Furniture,North Asia,"Lesro Conference Table, with Bottom Storage"
1715.0,300.076,Furniture,North,"Hon Executive Leather Armchair, Red"
1714.0,228.48,Furniture,Oceania,"Harbour Creations Executive Leather Armchair, Adjustable"
1714.0,647.595,Office Supplies,Oceania,"Rogers Lockers, Single Width"
1714.0,445.52,Technology,North,"Motorola Smart Phone, Full Size"
1713.0,551.976,Furniture,Central,"Harbour Creations Executive Leather Armchair, Red"
1711.0,-190.125,Technology,Oceania,"Brother Wireless Fax, Color"
1709.0,588.735,Technology,Oceania,"Hewlett Wireless Fax, Digital"
1709.0,563.85,Office Supplies,South,"KitchenAid Stove, Black"
1708.0,512.4,Technology,South,"Memorex Router, Erganomic"
1707.0,341.28,Technology,North,"Brother Fax and Copier, High-Speed"
1707.0,192.024,Furniture,North,"Hon Wood Table, Adjustable Height"
1706.0,85.3092,Furniture,West,Chromcraft Rectangular Conference Tables
1705.0,-1023.03,Office Supplies,Central Asia,"KitchenAid Stove, White"
1705.0,378.876,Furniture,Oceania,"Harbour Creations Executive Leather Armchair, Black"
1705.0,409.14,Office Supplies,North,"KitchenAid Stove, White"
1705.0,767.2005,Technology,East,Fellowes Powershred HS-440 4-Sheet High Security Shredder
1705.0,511.368,Office Supplies,East,Kensington 7 Outlet MasterPiece HOMEOFFICE Power Control Center
1705.0,272.52,Office Supplies,Canada,"Rogers File Cart, Single Width"
1704.0,119.28,Technology,North,"Samsung Smart Phone, Cordless"
1704.0,681.44,Technology,South,"Nokia Smart Phone, with Caller ID"
1703.0,713.22688,Technology,North,"Brother Fax Machine, Color"
1703.0,737.925,Technology,Oceania,"Brother Wireless Fax, Digital"
1702.0,510.636,Office Supplies,West,"Acco 7-Outlet Masterpiece Power Center, Wihtout Fax/Phone Line Protection"
1700.0,84.96,Office Supplies,North,"Hoover Stove, White"
1700.0,238.0,Technology,Caribbean,"Apple Smart Phone, Full Size"
1700.0,441.72,Office Supplies,EMEA,"Rogers File Cart, Single Width"
1698.0,-63.756,Furniture,North,"Hon Executive Leather Armchair, Adjustable"
1697.0,-148.46,Technology,Caribbean,"Samsung Smart Phone, VoIP"
1697.0,220.56,Technology,North,"Samsung Smart Phone, VoIP"
1697.0,-232.5,Furniture,Southeast Asia,"Office Star Executive Leather Armchair, Adjustable"
1696.0,-37.83,Technology,Oceania,"Canon Wireless Fax, High-Speed"
1696.0,67.84,Technology,North,"Samsung Smart Phone, with Caller ID"
1696.0,734.928,Furniture,Central,"Harbour Creations Executive Leather Armchair, Adjustable"
1696.0,-37.83,Technology,Oceania,"Canon Wireless Fax, High-Speed"
1693.0,220.08,Furniture,Central,"Ikea Library with Doors, Metal"
1693.0,829.5,Technology,North Asia,"HP Copy Machine, Color"
1693.0,166.20768,Technology,North,"Canon Fax Machine, Digital"
1691.0,-832.665,Furniture,Central,"Bevis Round Table, Adjustable Height"
1690.0,422.51,Furniture,South,Global Comet Stacking Arm Chair
1688.0,742.632,Technology,West,Plantronics Savi W720 Multi-Device Wireless Headset System
1688.0,742.632,Technology,East,Plantronics Savi W720 Multi-Device Wireless Headset System
1687.0,674.772,Technology,Oceania,"Konica Printer, Wireless"
1686.0,706.06144,Technology,North,"Brother Fax Machine, High-Speed"
1686.0,320.3172,Furniture,West,Global Adaptabilities Conference Tables
1685.0,706.56,Furniture,Southeast Asia,"Dania Library with Doors, Traditional"
1685.0,210.594,Furniture,West,Global Leather Executive Chair
1683.0,487.98,Office Supplies,North Asia,"Breville Stove, Black"
1683.0,-56.172,Furniture,Central,"Office Star Executive Leather Armchair, Black"
1683.0,-813.492,Furniture,South,"Office Star Executive Leather Armchair, Black"
1681.0,368.256,Furniture,Southeast Asia,"Novimex Executive Leather Armchair, Adjustable"
1680.0,285.6,Technology,EMEA,"Nokia Audio Dock, Full Size"
1680.0,-149.364,Office Supplies,Oceania,"Fellowes Lockers, Single Width"
1680.0,125.997,Technology,West,Samsung Galaxy Mega 6.3
1680.0,-149.364,Office Supplies,Oceania,"Fellowes Lockers, Single Width"
1677.0,309.4515,Furniture,Central,"Lesro Conference Table, Adjustable Height"
1677.0,83.844,Office Supplies,East,"Tennsco Snap-Together Open Shelving Units, Starter Sets and Add-On Units"
1677.0,521.766,Technology,North,"Konica Inkjet, White"
1676.0,206.199,Furniture,Central,"Lesro Computer Table, Fully Assembled"
1674.0,686.4,Furniture,North,"Hon Training Table, Adjustable Height"
1673.0,20.9148,Furniture,West,Chromcraft Round Conference Tables
1670.0,116.872,Furniture,West,Bretford âJust In Timeâ Height-Adjustable Multi-Task Work Tables
1669.0,-1558.152,Furniture,Africa,"SAFCO Executive Leather Armchair, Set of Two"
1667.0,185.076,Office Supplies,Central,"Hoover Microwave, Red"
1667.0,18.396,Office Supplies,Oceania,"Hoover Microwave, Red"
1666.0,33.3124,Office Supplies,South,Martin Yale Chadless Opener Electric Letter Opener
1661.0,83.04,Furniture,Africa,"Bush Classic Bookcase, Mobile"
1661.0,110.649,Technology,Oceania,"Brother Copy Machine, Color"
1661.0,-255.591,Furniture,Central,"Lesro Computer Table, Adjustable Height"
1659.0,431.04,Office Supplies,Africa,"Fellowes Lockers, Blue"
1659.0,282.0,Office Supplies,EMEA,"Fellowes Lockers, Single Width"
1657.0,460.2,Furniture,Central,"Novimex Executive Leather Armchair, Red"
1657.0,-110.52,Furniture,Oceania,"Novimex Executive Leather Armchair, Red"
1657.0,364.44,Furniture,Central,"Ikea Classic Bookcase, Mobile"
1656.0,13.20144,Technology,South,"Sharp Wireless Fax, Digital"
1655.0,681.204,Technology,Central,"HP Copy Machine, Laser"
1655.0,165.348,Furniture,Oceania,"Hon Executive Leather Armchair, Adjustable"
1655.0,165.348,Furniture,Oceania,"Hon Executive Leather Armchair, Adjustable"
1654.0,-689.256,Furniture,Oceania,"Hon Executive Leather Armchair, Red"
1653.0,297.48,Furniture,Central,"Dania Classic Bookcase, Mobile"
1653.0,231.4116,Furniture,Central,Chromcraft Bull-Nose Wood Oval Conference Tables & Bases
1653.0,314.0586,Furniture,South,"Chromcraft Bull-Nose Wood 48"" x 96"" Rectangular Conference Tables"
1652.0,33.0,Furniture,EMEA,"Ikea Classic Bookcase, Pine"
1652.0,55.08,Furniture,Oceania,"SAFCO Executive Leather Armchair, Black"
1652.0,55.08,Furniture,Oceania,"SAFCO Executive Leather Armchair, Black"
1652.0,679.32,Furniture,Central,"SAFCO Executive Leather Armchair, Black"
1650.0,659.98,Technology,West,LogitechÂ Z-906 Speaker sys - home theater - 5.1-CH
1650.0,659.98,Technology,West,LogitechÂ Z-906 Speaker sys - home theater - 5.1-CH
1650.0,544.4175,Technology,Central,Plantronics CS510 - Over-the-Head monaural Wireless Headset System
1649.0,36.624,Technology,Oceania,"Canon Copy Machine, Digital"
1649.0,-109.962,Technology,Oceania,"Epson Inkjet, White"
1649.0,36.624,Technology,Oceania,"Canon Copy Machine, Digital"
1649.0,277.53488,Technology,North,"Sharp Wireless Fax, High-Speed"
1648.0,609.84,Furniture,South,"Dania Classic Bookcase, Pine"
1648.0,-626.52,Furniture,Central,"Dania Classic Bookcase, Pine"
1647.0,625.8,Furniture,EMEA,"Ikea Classic Bookcase, Traditional"
1641.0,459.396,Office Supplies,West,"Sanyo Counter Height Refrigerator with Crisper, 3.6 Cubic Foot, Stainless Steel/Black"
1641.0,459.396,Office Supplies,West,"Sanyo Counter Height Refrigerator with Crisper, 3.6 Cubic Foot, Stainless Steel/Black"
1641.0,473.907,Technology,Oceania,"Brother Copy Machine, Color"
1640.0,382.632,Furniture,Oceania,"Novimex Executive Leather Armchair, Adjustable"
1640.0,557.64,Technology,Central,"Samsung Signal Booster, VoIP"
1639.0,-154.341,Technology,Central,"Motorola Smart Phone, Cordless"
1637.0,472.836,Furniture,Oceania,"Hon Executive Leather Armchair, Adjustable"
1637.0,90.81,Furniture,Central,"Bush Library with Doors, Metal"
1637.0,-36.39,Furniture,Oceania,"Bush Library with Doors, Metal"
1635.0,-127.245,Furniture,Oceania,"Ikea Library with Doors, Traditional"
1633.0,473.6106,Office Supplies,East,Adjustable Depth Letter/Legal Cart
1633.0,-1306.5504,Office Supplies,South,GBC DocuBind P400 Electric Binding System
1632.0,-504.504,Furniture,Central,"Bevis Computer Table, Fully Assembled"
1631.0,652.2,Furniture,Oceania,"Dania Library with Doors, Traditional"
1631.0,18.0,Furniture,Central,"Dania Library with Doors, Traditional"
1630.0,-802.4925,Furniture,Central,"Barricks Round Table, with Bottom Storage"
1630.0,-282.555,Technology,Southeast Asia,"Panasonic Inkjet, White"
1630.0,594.216,Technology,Central,"Hewlett Fax Machine, Digital"
1629.0,374.6286,Furniture,South,O'Sullivan 2-Door Barrister Bookcase in Odessa Pine
1629.0,-153.36,Technology,Central,"Samsung Smart Phone, Cordless"
1629.0,619.11,Office Supplies,South,"Hamilton Beach Stove, Silver"
1629.0,260.6112,Furniture,East,Office Star - Ergonomic Mid Back Chair with 2-Way Adjustable Arms
1629.0,402.4305,Technology,Central,"Nokia Smart Phone, with Caller ID"
1626.0,503.76,Office Supplies,EMEA,"Tenex Lockers, Wire Frame"
1626.0,121.9644,Technology,West,Polycom SoundPoint IP 450 VoIP phone
1625.0,-76.5675,Technology,Central,"Nokia Smart Phone, Full Size"
1623.0,133.605,Technology,Central,"Apple Smart Phone, Cordless"
1623.0,133.605,Technology,Central,"Apple Smart Phone, Cordless"
1622.0,534.213,Technology,Central,"Nokia Smart Phone, Full Size"
1622.0,95.3775,Technology,Central,"Hewlett Wireless Fax, Color"
1622.0,324.3825,Technology,Central,"Nokia Smart Phone, Cordless"
1622.0,-623.94,Furniture,Central,"Barricks Round Table, Rectangular"
1622.0,324.3825,Technology,Central,"Nokia Smart Phone, Cordless"
1622.0,248.0355,Technology,Central,"Apple Smart Phone, Full Size"
1622.0,534.213,Technology,Central,"Nokia Smart Phone, Full Size"
1621.0,210.78,Office Supplies,Central Asia,"Hamilton Beach Stove, White"
1620.0,97.1946,Technology,East,LogitechÂ VX Revolution Cordless Laser Mouse for Notebooks (Black)
1620.0,356.4,Furniture,Central Asia,"Novimex Swivel Stool, Black"
1619.0,258.9,Technology,EMEA,"StarTech Card Printer, White"
1618.0,356.0414,Furniture,West,Bevis 36 x 72 Conference Tables
1616.0,113.9625,Technology,Central,"Brother Wireless Fax, Color"
1615.0,-161.55,Office Supplies,North,"Cuisinart Stove, Red"
1615.0,-1237.8462,Office Supplies,South,GBC DocuBind TL300 Electric Binding System
1613.0,-143.568,Furniture,Oceania,"Harbour Creations Rocking Chair, Set of Two"
1613.0,394.245,Technology,Oceania,"HP Wireless Fax, High-Speed"
1611.0,64.44,Technology,Central Asia,"Okidata Printer, Wireless"
1609.0,241.38,Office Supplies,North Asia,"Cuisinart Stove, White"
1609.0,273.51,Office Supplies,South,"Cuisinart Stove, White"
1609.0,241.38,Office Supplies,Southeast Asia,"Cuisinart Stove, White"
1608.0,482.22,Technology,Central Asia,"Konica Printer, Durable"
1607.0,124.902,Office Supplies,North,"Smead Lockers, Blue"
1607.0,124.902,Office Supplies,Central,"Smead Lockers, Blue"
1606.0,481.869,Office Supplies,East,"Hot File 7-Pocket, Floor Stand"
1605.0,481.47,Furniture,East,Hon Pagoda Stacking Chairs
1603.0,142.344,Office Supplies,Oceania,"Eldon Lockers, Single Width"
1603.0,100.196,Furniture,West,Global Troy Executive Leather Low-Back Tilter
1603.0,100.196,Furniture,West,Global Troy Executive Leather Low-Back Tilter
1603.0,-0.189,Office Supplies,Central,"Eldon Lockers, Blue"
1602.0,-1345.5,Technology,Central,"Memorex Router, USB"
1602.0,587.19,Technology,Oceania,"Sharp Wireless Fax, Laser"
1601.0,15.84,Technology,North,"Okidata Printer, White"
1601.0,368.16,Technology,Central,"StarTech Inkjet, Durable"
1600.0,719.85,Technology,Central,"Brother Fax Machine, Color"
1600.0,719.85,Technology,North,"Brother Fax Machine, Color"
1600.0,751.9624,Technology,South,Canon PC-428 Personal Copier
1599.0,37.476,Technology,Central,"Konica Inkjet, Wireless"
1598.0,-1065.372,Office Supplies,South,GBC Ibimaster 500 Manual ProClick Binding System
1597.0,-53.37,Technology,Oceania,"Sharp Fax Machine, Laser"
1594.0,-225.162,Technology,Central,"Konica Printer, Wireless"
1593.0,652.95,Technology,Central,"Brother Fax Machine, Laser"
1593.0,350.427,Furniture,Central,"Hon Practical Foundations 30 x 60 Training Table, Light Gray/Charcoal"
1593.0,-1242.975,Technology,Central,"Nokia Smart Phone, Full Size"
1593.0,652.95,Technology,North,"Brother Fax Machine, Laser"
1592.0,79.56,Technology,Central Asia,"Motorola Speaker Phone, Cordless"
1591.0,47.7,Technology,Central Asia,"Hewlett Copy Machine, Color"
1591.0,364.23,Technology,Southeast Asia,"Samsung Smart Phone, Cordless"
1591.0,508.95,Technology,North,"Brother Fax Machine, Digital"
1591.0,364.23,Technology,Southeast Asia,"Samsung Smart Phone, Cordless"
1591.0,572.55,Technology,Central Asia,"Hewlett Fax Machine, High-Speed"
1591.0,286.3836,Office Supplies,East,Tennsco 6- and 18-Compartment Lockers
1591.0,540.72,Technology,Central,"Hewlett Copy Machine, Color"
1589.0,349.56,Technology,Africa,"Panasonic Printer, White"
1587.0,412.5394,Furniture,Central,Hon GuestStacker Chair
1587.0,-76.5585,Technology,Southeast Asia,"Nokia Smart Phone, Full Size"
1587.0,666.48,Office Supplies,Oceania,"Eldon Lockers, Industrial"
1587.0,218.208,Furniture,North,"Bevis Computer Table, Fully Assembled"
1587.0,-76.5585,Technology,Southeast Asia,"Nokia Smart Phone, Full Size"
1586.0,0.0,Furniture,North Asia,"Office Star Swivel Stool, Set of Two"
1586.0,17.532,Furniture,Oceania,"Safco Classic Bookcase, Mobile"
1584.0,174.15,Technology,North Asia,"Brother Fax Machine, High-Speed"
1584.0,-102.2217,Technology,Southeast Asia,"HP Copy Machine, Laser"
1584.0,381.717,Technology,Southeast Asia,"Apple Smart Phone, Cordless"
1584.0,126.63,Office Supplies,Central,"KitchenAid Refrigerator, Red"
1583.0,332.4,Technology,Southeast Asia,"Canon Fax Machine, High-Speed"
1582.0,-443.07,Office Supplies,North,"KitchenAid Refrigerator, Black"
1582.0,-886.05,Office Supplies,Central Asia,"KitchenAid Refrigerator, Black"
1582.0,680.4,Technology,Africa,"Brother Copy Machine, Color"
1582.0,-870.3,Furniture,Oceania,"Safco Classic Bookcase, Pine"
1581.0,790.47,Office Supplies,North Asia,"Hoover Refrigerator, Silver"
1581.0,0.0,Technology,North Asia,"Canon Copy Machine, Color"
1580.0,-447.5947,Furniture,East,Bretford Rectangular Conference Table Tops
1580.0,142.08,Office Supplies,Africa,"Smead Lockers, Wire Frame"
1580.0,31.5,Technology,North,"Hewlett Copy Machine, Laser"
1579.0,613.836,Furniture,North,"Sauder Classic Bookcase, Mobile"
1579.0,613.836,Furniture,Central,"Sauder Classic Bookcase, Mobile"
1578.0,757.4112,Office Supplies,Central,GBC DocuBind 300 Electric Binding Machine
1578.0,757.4112,Office Supplies,South,GBC DocuBind 300 Electric Binding Machine
1575.0,204.7682,Office Supplies,West,Tennsco Double-Tier Lockers
1574.0,786.96,Furniture,Oceania,"Safco Floating Shelf Set, Traditional"
1573.0,141.48,Technology,EMEA,"Canon Copy Machine, Laser"
1573.0,196.686,Furniture,East,"Atlantic Metals Mobile 4-Shelf Bookcases, Custom Colors"
1572.0,87.264,Furniture,Oceania,"Sauder Floating Shelf Set, Metal"
1571.0,486.8,Furniture,South,"Harbour Creations Executive Leather Armchair, Adjustable"
1571.0,785.52,Technology,Africa,"Hewlett Copy Machine, Color"
1570.0,104.616,Technology,EMEA,"Cisco Smart Phone, with Caller ID"
1569.0,329.4081,Furniture,Central,Chromcraft Round Conference Tables
1569.0,184.5165,Technology,Central,"Hewlett Copy Machine, High-Speed"
1568.0,208.98,Furniture,Oceania,"Sauder Classic Bookcase, Metal"
1568.0,661.86,Furniture,Oceania,"Sauder Classic Bookcase, Metal"
1567.0,250.65,Technology,North,"Konica Inkjet, Wireless"
1567.0,360.48,Furniture,North,"Sauder Floating Shelf Set, Pine"
1566.0,407.1288,Furniture,Central,"Atlantic Metals Mobile 3-Shelf Bookcases, Custom Colors"
1565.0,172.08,Furniture,Central Asia,"Safco Library with Doors, Pine"
1565.0,-0.04,Furniture,Central,"Safco Library with Doors, Pine"
1565.0,782.28,Furniture,EMEA,"Safco Library with Doors, Pine"
1564.0,-781.848,Technology,EMEA,"Cisco Smart Phone, Cordless"
1564.0,406.7154,Office Supplies,East,Iceberg Mobile Mega Data/Printer Cart 
1560.0,421.2,Office Supplies,South,"Breville Refrigerator, Silver"
1560.0,421.2,Office Supplies,North,"Breville Refrigerator, Silver"
1559.0,405.36,Furniture,Southeast Asia,"Safco Library with Doors, Traditional"
1557.0,264.6,Furniture,Africa,"Safco Library with Doors, Metal"
1555.0,77.7468,Office Supplies,Central,Tennsco 16-Compartment Lockers with Coat Rack
1554.0,730.26,Technology,Central,"Belkin Router, USB"
1554.0,730.26,Technology,Africa,"Belkin Router, USB"
1554.0,341.76,Technology,EMEA,"Hewlett Fax and Copier, Color"
1554.0,730.26,Technology,Central,"Belkin Router, USB"
1553.0,200.9546,Furniture,West,"Atlantic Metals Mobile 3-Shelf Bookcases, Custom Colors"
1553.0,776.25,Technology,North,"HP Fax and Copier, Digital"
1553.0,62.1,Technology,South,"Belkin Router, Bluetooth"
1552.0,108.6,Office Supplies,South,"KitchenAid Microwave, Red"
1550.0,139.32,Technology,South,"Enermax Router, Bluetooth"
1550.0,139.32,Technology,EMEA,"Enermax Router, Bluetooth"
1549.0,-464.697,Furniture,East,"Riverside Furniture Oval Coffee Table, Oval End Table, End Table with Drawer"
1549.0,-438.984,Technology,South,"Motorola Smart Phone, with Caller ID"
1549.0,-56.1114,Office Supplies,Southeast Asia,"KitchenAid Microwave, Silver"
1548.0,650.28,Furniture,North Asia,"Sauder Library with Doors, Metal"
1547.0,340.2,Technology,Central,"SanDisk Router, Programmable"
1545.0,-546.8175,Furniture,Central,"Barricks Computer Table, Adjustable Height"
1543.0,370.32,Technology,South,"Brother Fax and Copier, Color"
1542.0,200.34,Furniture,Central,"Safco 3-Shelf Cabinet, Mobile"
1541.0,445.23,Office Supplies,Central,"KitchenAid Stove, Silver"
1539.0,646.38,Technology,Canada,"SanDisk Router, USB"
1539.0,325.701,Office Supplies,Southeast Asia,"Breville Microwave, Red"
1537.0,614.7,Technology,Africa,"Enermax Router, Erganomic"
1537.0,0.0,Furniture,East,"Hon Deluxe Fabric Upholstered Stacking Chairs, Rounded Back"
1536.0,-409.626,Furniture,Oceania,"Bush Library with Doors, Pine"
1536.0,170.559,Technology,North,"Brother Fax and Copier, High-Speed"
1535.0,552.44,Furniture,South,"Novimex Swivel Stool, Red"
1535.0,-102.411,Office Supplies,Oceania,"Hoover Stove, Red"
1534.0,414.15,Office Supplies,North,"Hoover Microwave, White"
1533.0,-34.11,Office Supplies,Central,"Hoover Stove, Black"
1533.0,-34.11,Office Supplies,Central,"Hoover Stove, Black"
1533.0,-34.11,Office Supplies,Central,"Hoover Stove, Black"
1533.0,-34.11,Office Supplies,Central,"Hoover Stove, Black"
1533.0,505.8,Technology,North,"Epson Inkjet, Durable"
1532.0,444.3,Furniture,South,"Hon Executive Leather Armchair, Adjustable"
1531.0,45.9,Technology,EMEA,"Cisco Signal Booster, Full Size"
1527.0,474.96,Office Supplies,Central,"Rogers Lockers, Industrial"
1527.0,732.72,Technology,Central Asia,"Hewlett Wireless Fax, Color"
1527.0,595.3,Furniture,South,"Novimex Executive Leather Armchair, Black"
1527.0,656.64,Technology,North Asia,"Samsung Audio Dock, Cordless"
1527.0,474.96,Office Supplies,Central,"Rogers Lockers, Industrial"
1527.0,427.4368,Furniture,Central,"Lifetime Advantage Folding Chairs, 4/Carton"
1527.0,732.72,Technology,Central Asia,"Hewlett Wireless Fax, Color"
1525.0,-2287.782,Office Supplies,Central,Fellowes PB500 Electric Punch Plastic Comb Binding Machine with Manual Bind
1524.0,-50.976,Office Supplies,Central,"Rogers Lockers, Blue"
1524.0,-50.976,Office Supplies,South,"Rogers Lockers, Blue"
1524.0,-575.3142,Furniture,Southeast Asia,"Barricks Computer Table, Fully Assembled"
1523.0,169.182,Furniture,East,Hon Every-Day Series Multi-Task Chairs
1523.0,241.14696,Technology,South,"Hewlett Wireless Fax, Color"
1521.0,0.0,Technology,North Asia,"Brother Wireless Fax, Color"
1520.0,653.4,Technology,Africa,"StarTech Printer, Red"
1519.0,561.96,Furniture,Africa,"Rubbermaid Frame, Erganomic"
1519.0,182.28,Technology,Africa,"Hewlett Wireless Fax, Digital"
1519.0,182.28,Technology,EMEA,"Hewlett Wireless Fax, Digital"
1519.0,182.28,Technology,North,"Hewlett Wireless Fax, Digital"
1518.0,252.963,Office Supplies,Central,"Breville Stove, Silver"
1516.0,121.2,Technology,Central Asia,"Canon Fax and Copier, High-Speed"
1516.0,680.60136,Technology,North,"Hewlett Wireless Fax, Digital"
1516.0,394.212,Furniture,Central,Hon Multipurpose Stacking Arm Chairs
1516.0,680.60136,Technology,South,"Hewlett Wireless Fax, Digital"
1515.0,560.52,Technology,Africa,"Brother Wireless Fax, Laser"
1514.0,741.6,Technology,Africa,"Hewlett Wireless Fax, High-Speed"
1514.0,741.6,Technology,South,"Hewlett Wireless Fax, High-Speed"
1514.0,741.6,Technology,Canada,"Hewlett Wireless Fax, High-Speed"
1514.0,741.6,Technology,Central,"Hewlett Wireless Fax, High-Speed"
1513.0,665.76,Technology,EMEA,"Canon Wireless Fax, Digital"
1512.0,498.96,Furniture,Oceania,"Lesro Coffee Table, with Bottom Storage"
1512.0,102.92952,Technology,Caribbean,"Brother Wireless Fax, Laser"
1511.0,509.86,Office Supplies,Caribbean,"Hoover Stove, White"
1509.0,45.15,Technology,Central,"StarTech Inkjet, Wireless"
1508.0,437.28,Technology,Oceania,"Brother Wireless Fax, High-Speed"
1508.0,331.68,Technology,North,"Brother Wireless Fax, High-Speed"
1508.0,-980.544,Technology,South,"Okidata Inkjet, Wireless"
1506.0,-265.761,Technology,Central,"Sharp Fax Machine, Digital"
1505.0,346.0396,Furniture,South,Bretford Rectangular Conference Table Tops
1504.0,-1842.096,Furniture,EMEA,"Office Star Executive Leather Armchair, Adjustable"
1504.0,284.004,Office Supplies,Central,"Cuisinart Microwave, Red"
1503.0,413.184,Furniture,North,"Lesro Wood Table, Adjustable Height"
1503.0,-225.504,Furniture,Caribbean,"Office Star Executive Leather Armchair, Red"
1503.0,413.184,Furniture,Central,"Lesro Wood Table, Adjustable Height"
1503.0,496.0725,Office Supplies,Central,Honeywell Enviracaire Portable HEPA Air Cleaner for 17' x 22' Room
1502.0,225.18,Technology,Central,"Apple Audio Dock, with Caller ID"
1502.0,-250.396,Technology,East,Samsung Galaxy S4
1501.0,89.91,Technology,North Asia,"Sharp Fax and Copier, High-Speed"
1500.0,449.985,Technology,West,Hewlett Packard 310 Color Digital Copier
1500.0,-374.9925,Technology,East,LG G2
1500.0,494.85,Technology,Southeast Asia,"HP Fax Machine, Laser"
1498.0,140.9568,Furniture,West,"Riverside Palais Royal Lawyers Bookcase, Royale Cherry Finish"
1498.0,0.0,Technology,South,"HP Fax Machine, Digital"
1497.0,299.44,Office Supplies,Caribbean,"Breville Stove, Red"
1496.0,688.08,Office Supplies,South,"Breville Stove, Black"
1496.0,224.424,Technology,West,Imation Bio 8GB USBÂ Flash Drive ImationÂ Corp
1495.0,164.4,Furniture,Southeast Asia,"Barricks Coffee Table, Rectangular"
1495.0,657.6,Technology,Central,"StarTech Inkjet, White"
1491.0,74.4,Technology,North,"HP Fax Machine, High-Speed"
1491.0,104.25,Technology,North Asia,"HP Fax Machine, High-Speed"
1491.0,170.235,Furniture,Oceania,"Lesro Computer Table, Adjustable Height"
1488.0,-488.916,Furniture,North Asia,"Hon Wood Table, with Bottom Storage"
1488.0,-297.6848,Furniture,East,"Office Impressions End Table, 20-1/2""H x 24""W x 20""D"
1488.0,185.997,Technology,West,ClearOne CHATAttach 160 -Â speaker phone
1488.0,132.168,Furniture,Central,"Dania Classic Bookcase, Mobile"
1488.0,372.06,Office Supplies,North,"Cuisinart Refrigerator, Red"
1488.0,655.728,Technology,Southeast Asia,"Hewlett Fax Machine, Laser"
1487.0,728.7,Technology,Africa,"Brother Ink, Color"
1487.0,148.704,Furniture,West,GuestStacker Chair with Chrome Finish Legs
1487.0,728.7,Technology,Central,"Brother Ink, Color"
1487.0,148.704,Furniture,West,GuestStacker Chair with Chrome Finish Legs
1487.0,743.4,Furniture,EMEA,"Ikea Stackable Bookrack, Pine"
1487.0,624.33,Office Supplies,South,"Cuisinart Refrigerator, Black"
1486.0,698.4,Technology,EMEA,"Memorex Router, Programmable"
1485.0,-241.296,Furniture,South,"SAFCO Executive Leather Armchair, Adjustable"
1484.0,395.544,Furniture,Central,"Bush Classic Bookcase, Metal"
1483.0,741.5,Furniture,Caribbean,"Chromcraft Computer Table, Fully Assembled"
1483.0,308.94836,Technology,North,"Canon Fax Machine, Laser"
1482.0,711.0,Furniture,North Asia,"Sauder Stackable Bookrack, Pine"
1482.0,68.31,Technology,Southeast Asia,"Canon Wireless Fax, Color"
1481.0,592.2,Technology,Africa,"Apple Speaker Phone, VoIP"
1480.0,333.048,Furniture,South,"Bevis Conference Table, Fully Assembled"
1479.0,103.44,Technology,Central,"Cisco Audio Dock, Cordless"
1479.0,-63.6462,Technology,Southeast Asia,"Hewlett Copy Machine, Color"
1478.0,92.392,Furniture,West,"Bush Cubix Conference Tables, Fully Assembled"
1478.0,132.9,Technology,South,"Sharp Fax Machine, Laser"
1475.0,-21.0686,Furniture,East,"Global Leather and Oak Executive Chair, Black"
1474.0,460.608,Furniture,North,"Bevis Conference Table, Rectangular"
1473.0,412.468,Office Supplies,West,3.6 Cubic Foot Counter Height Office Refrigerator
1473.0,-1694.592,Furniture,Central,"Novimex Executive Leather Armchair, Adjustable"
1472.0,459.9875,Office Supplies,West,Ibico Ibimaster 300 Manual Binding System
1471.0,514.62,Technology,Central Asia,"Logitech Router, Erganomic"
1471.0,264.6,Technology,EMEA,"Logitech Router, Erganomic"
1471.0,-916.0443,Furniture,Southeast Asia,"Bevis Conference Table, Fully Assembled"
1469.0,308.4,Technology,Central,"Sharp Fax Machine, High-Speed"
1469.0,616.95,Technology,Central Asia,"Sharp Fax Machine, High-Speed"
1468.0,381.6,Technology,North Asia,"Konica Receipt Printer, Durable"
1467.0,469.44,Furniture,EMEA,"Bush Library with Doors, Mobile"
1467.0,469.44,Furniture,EMEA,"Bush Library with Doors, Mobile"
1467.0,219.84,Technology,Africa,"Cisco Audio Dock, Full Size"
1467.0,630.96,Furniture,Oceania,"Bush Library with Doors, Mobile"
1464.0,73.08,Furniture,EMEA,"Ikea Library with Doors, Mobile"
1464.0,73.08,Furniture,EMEA,"Ikea Library with Doors, Mobile"
1464.0,541.62,Technology,North Asia,"Memorex Router, Erganomic"
1464.0,439.2,Technology,Africa,"Memorex Router, Erganomic"
1462.0,233.8,Furniture,Central,"Sauder Classic Bookcase, Mobile"
1462.0,233.8,Furniture,South,"Sauder Classic Bookcase, Mobile"
1462.0,321.66,Technology,Southeast Asia,"HP Copy Machine, High-Speed"
1462.0,-17.4555,Technology,Central,"Brother Fax and Copier, Digital"
1461.0,202.185,Furniture,Central,"Lesro Round Table, Rectangular"
1461.0,598.8,Furniture,South,"Safco Classic Bookcase, Traditional"
1461.0,-110.2905,Furniture,Southeast Asia,"Hon Conference Table, Rectangular"
1460.0,-535.32,Furniture,Central,"Dania Library with Doors, Mobile"
1460.0,335.64,Furniture,North,"Dania Library with Doors, Mobile"
1459.0,495.84,Furniture,Oceania,"Harbour Creations Swivel Stool, Set of Two"
1459.0,423.0085,Furniture,Central,Hon 4070 Series Pagoda Armless Upholstered Stacking Chairs
1457.0,378.84,Furniture,Central,"Bush Library with Doors, Traditional"
1457.0,568.32,Technology,Africa,"Cisco Audio Dock, VoIP"
1455.0,116.4,Furniture,North Asia,"Bush Library with Doors, Metal"
1455.0,116.4,Furniture,Central Asia,"Bush Library with Doors, Metal"
1455.0,261.8,Office Supplies,South,"Smead Lockers, Blue"
1455.0,-54.588,Furniture,South,"Barricks Conference Table, Adjustable Height"
1455.0,116.4,Furniture,Central Asia,"Bush Library with Doors, Metal"
1455.0,378.274,Furniture,Central,Global Executive Mid-Back Manager's Chair
1454.0,378.1674,Technology,Central,Aastra 57i VoIP phone
1452.0,-256.149,Office Supplies,Southeast Asia,"Hoover Stove, Silver"
1452.0,595.1,Furniture,South,"Sauder Classic Bookcase, Metal"
1451.0,-362.784,Furniture,South,"Lesro Round Table, Fully Assembled"
1451.0,522.48,Furniture,North,"Ikea Library with Doors, Metal"
1451.0,130.56,Furniture,North Asia,"Ikea Library with Doors, Metal"
1449.0,209.274,Furniture,East,Office Star - Mid Back Dual function Ergonomic High Back Chair with 2-Way Adjustable Arms
1448.0,419.8185,Office Supplies,West,Hoover Upright Vacuum With Dirt Cup
1448.0,564.48,Furniture,Central Asia,"Chromcraft Wood Table, with Bottom Storage"
1448.0,596.0535,Technology,Central,"HP Copy Machine, Laser"
1448.0,318.5,Office Supplies,North,"KitchenAid Microwave, Red"
1447.0,665.4,Technology,North Asia,"HP Wireless Fax, Color"
1447.0,43.32,Furniture,North Asia,"Dania Library with Doors, Metal"
1447.0,506.52,Furniture,Africa,"Dania Library with Doors, Metal"
1445.0,103.068,Furniture,North Asia,"Hon Round Table, with Bottom Storage"
1444.0,330.048,Furniture,North Asia,"Bevis Round Table, Rectangular"
1444.0,375.4296,Office Supplies,South,Iceberg Mobile Mega Data/Printer Cart 
1441.0,86.4,Technology,EMEA,"HP Wireless Fax, Laser"
1441.0,-1268.04,Technology,Central,"HP Wireless Fax, Laser"
1441.0,43.2,Furniture,Oceania,"Harbour Creations Swivel Stool, Red"
1441.0,245.021,Furniture,South,Bevis 44 x 96 Conference Tables
1440.0,-263.9967,Technology,Central,Bady BDG101FRU Card Printer
1440.0,191.9968,Technology,East,Hewlett Packard LaserJet 3310 Copier
1440.0,374.3792,Technology,Central,Polycom VVX 310 VoIP phone
1440.0,485.9892,Technology,Central,Canon PC940 Copier
1440.0,143.9968,Technology,Central,Nokia Lumia 1020
1437.0,587.1612,Technology,North,"HP Wireless Fax, Digital"
1434.0,-84.3705,Office Supplies,Southeast Asia,"Breville Stove, Silver"
1432.0,413.49,Technology,Oceania,"Hewlett Fax Machine, High-Speed"
1432.0,509.01,Technology,Oceania,"Brother Fax Machine, Digital"
1432.0,125.3,Technology,West,Wilson Electronics DB Pro Signal Booster
1431.0,68.77272,Technology,North,"HP Wireless Fax, High-Speed"
1431.0,-127.215,Technology,Oceania,"Canon Fax Machine, Digital"
1431.0,171.6975,Technology,Southeast Asia,"Samsung Smart Phone, with Caller ID"
1431.0,-343.5975,Technology,Southeast Asia,"Apple Smart Phone, Full Size"
1429.0,199.92,Office Supplies,Central Asia,"Tenex Lockers, Single Width"
1429.0,555.48,Office Supplies,Central,"Smead Lockers, Single Width"
1429.0,471.6,Technology,North,"Sharp Wireless Fax, Color"
1429.0,371.49,Office Supplies,North Asia,"Tenex Lockers, Blue"
1429.0,471.6,Technology,Africa,"Sharp Wireless Fax, Color"
1429.0,628.64,Furniture,Caribbean,"Bevis Wood Table, Adjustable Height"
1429.0,471.6,Technology,North,"Sharp Wireless Fax, Color"
1428.0,-57.18,Furniture,Southeast Asia,"Harbour Creations Executive Leather Armchair, Adjustable"
1428.0,314.19,Furniture,North Asia,"Harbour Creations Executive Leather Armchair, Adjustable"
1425.0,356.225,Furniture,Central,Global Commerce Series High-Back Swivel/Tilt Chairs
1424.0,355.92,Technology,Africa,"Sharp Wireless Fax, Laser"
1423.0,160.02,Furniture,South,"Hon Wood Table, Adjustable Height"
1422.0,428.121,Office Supplies,Southeast Asia,"KitchenAid Stove, Silver"
1422.0,526.2,Technology,North Asia,"Sharp Wireless Fax, Digital"
1422.0,-195.4788,Furniture,West,Hon 94000 Series Round Tables
1422.0,526.2,Technology,North Asia,"Sharp Wireless Fax, Digital"
1422.0,-734.5264,Furniture,East,Hon 94000 Series Round Tables
1422.0,468.96,Furniture,EMEA,"Harbour Creations Swivel Stool, Black"
1421.0,355.2,Furniture,South,"Hon Wood Table, Fully Assembled"
1421.0,566.55264,Technology,North,"Sharp Wireless Fax, Laser"
1420.0,625.8636,Technology,Southeast Asia,"Hewlett Wireless Fax, Color"
1420.0,631.296,Office Supplies,Central,"KitchenAid Refrigerator, White"
1419.0,110.313,Office Supplies,Oceania,"Hoover Refrigerator, Black"
1417.0,-290.3022,Office Supplies,Southeast Asia,"Hoover Stove, Silver"
1416.0,0.0,Office Supplies,Oceania,"Hoover Refrigerator, White"
1416.0,88.485,Technology,Central,Polycom VoiceStation 500 ConferenceÂ phone
1415.0,-106.47,Technology,Southeast Asia,"Brother Wireless Fax, Color"
1415.0,235.521,Technology,Oceania,"Brother Personal Copier, Laser"
1413.0,502.5,Technology,North,"Okidata Inkjet, Wireless"
1412.0,251.71124,Technology,Central,"Hewlett Fax and Copier, Laser"
1411.0,580.02,Technology,Oceania,"Konica Inkjet, Wireless"
1411.0,486.054,Technology,Oceania,"Okidata Card Printer, White"
1411.0,405.72,Furniture,South,"Chromcraft Computer Table, Rectangular"
1410.0,169.11,Furniture,Central Asia,"Office Star Executive Leather Armchair, Adjustable"
1410.0,-88.2,Furniture,North,"Hon Wood Table, Rectangular"
1409.0,436.77,Furniture,Central Asia,"Office Star Executive Leather Armchair, Red"
1409.0,436.77,Furniture,Central Asia,"Office Star Executive Leather Armchair, Red"
1409.0,436.77,Furniture,North Asia,"Office Star Executive Leather Armchair, Red"
1408.0,394.268,Furniture,Central,Hon Olson Stacker Stools
1407.0,140.686,Furniture,West,O'Sullivan Living Dimensions 3-Shelf Bookcases
1404.0,70.196,Furniture,West,Office Star - Professional Matrix Back Chair with 2-to-1 Synchro Tilt and Mesh Fabric Seat
1404.0,70.196,Furniture,West,Office Star - Professional Matrix Back Chair with 2-to-1 Synchro Tilt and Mesh Fabric Seat
1403.0,-678.276,Furniture,Central,"Safco Library with Doors, Traditional"
1403.0,449.04,Office Supplies,South,"Hoover Refrigerator, Red"
1403.0,296.082,Technology,Oceania,"Enermax Router, Programmable"
1402.0,126.16,Office Supplies,South,"Hoover Refrigerator, Black"
1402.0,411.33,Furniture,Southeast Asia,"Office Star Executive Leather Armchair, Black"
1402.0,0.0,Furniture,Central Asia,"Lesro Wood Table, with Bottom Storage"
1402.0,108.9,Office Supplies,South,"Rogers File Cart, Industrial"
1400.0,601.9699,Technology,West,Razer Tiamat Over Ear 7.1 Surround Sound PC Gaming Headset
1400.0,601.9699,Technology,East,Razer Tiamat Over Ear 7.1 Surround Sound PC Gaming Headset
1400.0,629.991,Technology,South,Canon Imageclass D680 Copier / Fax
1400.0,52.4979,Technology,Central,Logitech diNovo Edge Keyboard
1399.0,108.783,Furniture,North,"Bevis Round Table, with Bottom Storage"
1397.0,155.169,Office Supplies,Central,"Breville Refrigerator, White"
1397.0,459.06056,Technology,Central,"HP Fax Machine, Laser"
1396.0,362.8404,Office Supplies,East,"Dual Level, Single-Width Filing Carts"
1395.0,237.15,Furniture,Central Asia,"Office Star Executive Leather Armchair, Adjustable"
1395.0,362.687,Technology,South,Avaya IP Phone 1140E VoIP phone
1395.0,237.15,Furniture,Central Asia,"Office Star Executive Leather Armchair, Adjustable"
1395.0,571.95,Furniture,Central,"Office Star Executive Leather Armchair, Adjustable"
1395.0,150.92392,Technology,North,"HP Fax Machine, Digital"
1394.0,356.004,Furniture,North,"Sauder Library with Doors, Metal"
1394.0,572.925,Office Supplies,Oceania,"KitchenAid Microwave, Black"
1394.0,473.76,Technology,Africa,"Okidata Card Printer, White"
1393.0,-139.557,Office Supplies,South,"Rogers File Cart, Blue"
1392.0,97.38,Furniture,Central Asia,"SAFCO Executive Leather Armchair, Adjustable"
1392.0,97.38,Furniture,North,"SAFCO Executive Leather Armchair, Adjustable"
1392.0,69.36,Furniture,EMEA,"Office Star Swivel Stool, Red"
1392.0,-121.836,Furniture,South,"Chromcraft Conference Table, Rectangular"
1392.0,97.38,Furniture,North Asia,"SAFCO Executive Leather Armchair, Adjustable"
1391.0,556.38,Furniture,North Asia,"SAFCO Executive Leather Armchair, Set of Two"
1389.0,154.23,Office Supplies,Central,"Hoover Microwave, Red"
1389.0,680.4,Office Supplies,North,"Eldon Lockers, Industrial"
1389.0,208.32,Office Supplies,Southeast Asia,"Smead Lockers, Blue"
1388.0,242.78,Furniture,Central,"Bevis Round Table, Adjustable Height"
1387.0,360.36,Furniture,Central Asia,"Safco Floating Shelf Set, Pine"
1387.0,582.48,Office Supplies,Central,"Breville Refrigerator, Silver"
1384.0,13.77,Furniture,North,"SAFCO Executive Leather Armchair, Red"
1383.0,-224.84,Office Supplies,Caribbean,"Breville Refrigerator, Black"
1383.0,331.92,Technology,Southeast Asia,"HP Fax and Copier, Laser"
1381.0,-414.18,Furniture,Central,"Novimex Executive Leather Armchair, Red"
1381.0,593.91,Furniture,North Asia,"Novimex Executive Leather Armchair, Adjustable"
1381.0,55.17,Furniture,North Asia,"Novimex Executive Leather Armchair, Red"
1381.0,303.7,Furniture,Caribbean,"Ikea Classic Bookcase, Mobile"
1380.0,648.5624,Technology,East,Cisco SPA525G2 5-Line IP Phone
1380.0,648.6,Furniture,South,"Bush Classic Bookcase, Pine"
1379.0,137.688,Technology,Oceania,"Brother Fax and Copier, Laser"
1379.0,441.12,Technology,North Asia,"Konica Card Printer, Red"
1378.0,289.2,Technology,Africa,"Nokia Signal Booster, Full Size"
1378.0,206.64,Furniture,North Asia,"Hon Executive Leather Armchair, Red"
1377.0,179.01,Furniture,Central Asia,"SAFCO Executive Leather Armchair, Black"
1376.0,94.1256,Furniture,Southeast Asia,"Harbour Creations Executive Leather Armchair, Adjustable"
1376.0,55.0,Furniture,South,"Bush Classic Bookcase, Traditional"
1374.0,54.72,Furniture,North Asia,"Ikea Floating Shelf Set, Pine"
1371.0,137.07,Furniture,North Asia,"Hon Executive Leather Armchair, Black"
1371.0,-1097.28,Furniture,North Asia,"Hon Executive Leather Armchair, Black"
1370.0,-913.176,Office Supplies,East,GBC Ibimaster 500 Manual ProClick Binding System
1370.0,-913.176,Office Supplies,South,GBC Ibimaster 500 Manual ProClick Binding System
1369.0,670.9,Furniture,South,"Dania Classic Bookcase, Traditional"
1368.0,259.8896,Furniture,West,"Rush Hierlooms Collection 1"" Thick Stackable Bookcases"
1367.0,396.5,Furniture,Central,"Dania Classic Bookcase, Metal"
1364.0,85.2475,Technology,South,Cisco Unified IP Phone 7945G VoIP phone
1364.0,-1864.095,Furniture,North,"Barricks Conference Table, Adjustable Height"
1364.0,85.2475,Technology,South,Cisco Unified IP Phone 7945G VoIP phone
1363.0,81.6,Furniture,South,"Ikea Floating Shelf Set, Traditional"
1363.0,-1806.24,Technology,South,"Samsung Smart Phone, Cordless"
1363.0,-19.47,Technology,Central,Okidata C610n Printer
1363.0,-327.105,Furniture,South,"Barricks Conference Table, Fully Assembled"
1362.0,49.0104,Technology,Southeast Asia,"Apple Signal Booster, VoIP"
1362.0,340.41,Furniture,North Asia,"Sauder Floating Shelf Set, Traditional"
1361.0,462.48,Technology,Central,"Epson Card Printer, Durable"
1361.0,-979.65,Furniture,South,"Barricks Conference Table, with Bottom Storage"
1361.0,196.533,Furniture,Central,"Sauder 3-Shelf Cabinet, Pine"
1360.0,118.9965,Technology,South,Motorola Moto X
1360.0,-1869.876,Office Supplies,EMEA,"Hoover Stove, White"
1358.0,-325.875,Office Supplies,North,"Hamilton Beach Stove, Silver"
1358.0,203.7,Furniture,North Asia,"Sauder Floating Shelf Set, Metal"
1358.0,203.7,Furniture,North Asia,"Sauder Floating Shelf Set, Metal"
1357.0,433.92,Technology,Southeast Asia,"Nokia Audio Dock, Cordless"
1357.0,335.5128,Furniture,Southeast Asia,"Ikea Library with Doors, Pine"
1356.0,311.85,Furniture,North Asia,"Lesro Round Table, with Bottom Storage"
1355.0,-60.27,Office Supplies,Central,"Breville Microwave, Black"
1355.0,108.3,Furniture,Central Asia,"Lesro Training Table, Adjustable Height"
1354.0,541.44,Furniture,North Asia,"Sauder 3-Shelf Cabinet, Mobile"
1352.0,14.976,Office Supplies,Central,"Hamilton Beach Refrigerator, Silver"
1352.0,84.502,Furniture,West,Global Comet Stacking Arm Chair
1352.0,-437.5404,Furniture,Central,O'Sullivan Living Dimensions 5-Shelf Bookcases
1351.0,111.15,Technology,Central,"Panasonic Printer, White"
1350.0,364.4595,Technology,East,Panasonic KX MC6040 Color Laser Multifunction Printer
1350.0,256.41,Technology,Central,"Hewlett Fax and Copier, Laser"
1350.0,661.4559,Technology,East,Panasonic KX-TG9541B DECT 6.0 Digital 2-Line Expandable Cordless Phone With Digital Answering System
1350.0,175.5156,Office Supplies,South,Tennsco Double-Tier Lockers
1349.0,-219.1644,Furniture,West,Hon 2090 âPillow Softâ Series Mid Back Swivel/Tilt Chairs
1349.0,389.775,Office Supplies,Oceania,"Breville Microwave, White"
1348.0,84.22,Office Supplies,South,"24 Capacity Maxi Data Binder Racks, Pearl"
1348.0,444.57,Technology,Central,"Hewlett Fax and Copier, Digital"
1345.0,328.779,Office Supplies,Central,"Hamilton Beach Refrigerator, White"
1345.0,-1031.5385,Office Supplies,South,GBC DocuBind TL300 Electric Binding System
1345.0,328.779,Office Supplies,Central,"Hamilton Beach Refrigerator, White"
1342.0,-44.82,Technology,Oceania,"HP Fax Machine, High-Speed"
1340.0,371.4021,Office Supplies,Southeast Asia,"Cuisinart Stove, Red"
1339.0,223.236,Office Supplies,Central,"Cuisinart Refrigerator, Red"
1338.0,311.994,Technology,Oceania,"Memorex Router, Programmable"
1337.0,147.0,Technology,Central,"Canon Fax and Copier, Digital"
1337.0,31.4548,Furniture,West,O'Sullivan 4-Shelf Bookcase in Odessa Pine
1336.0,-217.048,Furniture,West,Bretford âJust In Timeâ Height-Adjustable Multi-Task Work Tables
1336.0,44.436,Technology,Oceania,"Brother Fax Machine, Digital"
1336.0,387.5676,Furniture,Central,"Electrix Architect's Clamp-On Swing Arm Lamp, Black"
1335.0,373.68,Technology,Central,"Nokia Audio Dock, VoIP"
1335.0,360.3,Technology,Central Asia,"Okidata Printer, White"
1334.0,199.92,Technology,Central,"Nokia Audio Dock, with Caller ID"
1333.0,146.64,Furniture,Central Asia,"Sauder 3-Shelf Cabinet, Traditional"
1333.0,547.569,Office Supplies,South,"Tenex File Cart, Single Width"
1332.0,-299.8116,Office Supplies,West,Martin Yale Chadless Opener Electric Letter Opener
1331.0,-172.287,Technology,Central,"Epson Printer, White"
1331.0,-103.608,Technology,South,"Nokia Speaker Phone, VoIP"
1330.0,292.59,Furniture,Southeast Asia,"Chromcraft Computer Table, with Bottom Storage"
1327.0,221.067,Office Supplies,Central,"Rogers Lockers, Wire Frame"
1327.0,318.48,Furniture,North,"Hon Swivel Stool, Set of Two"
1326.0,238.653,Office Supplies,West,Tennsco 6- and 18-Compartment Lockers
1326.0,238.653,Office Supplies,West,Tennsco 6- and 18-Compartment Lockers
1326.0,238.653,Office Supplies,East,Tennsco 6- and 18-Compartment Lockers
1326.0,149.148,Furniture,West,SAFCO Arco Folding Chair
1326.0,149.148,Furniture,West,SAFCO Arco Folding Chair
1325.0,423.92,Office Supplies,South,"Cuisinart Refrigerator, Silver"
1324.0,383.931,Furniture,Central,Hon Olson Stacker Chairs
1324.0,512.4624,Technology,Southeast Asia,"Sharp Wireless Fax, Laser"
1324.0,609.12,Technology,North Asia,"Canon Ink, Laser"
1323.0,357.1911,Technology,East,Wireless Extenders zBoost YX545 SOHO Signal Booster
1323.0,238.0,Office Supplies,North,"Smead Lockers, Blue"
1322.0,33.0,Furniture,North,"Ikea Classic Bookcase, Pine"
1322.0,145.35,Furniture,Central Asia,"Safco Classic Bookcase, Mobile"
1322.0,-317.43,Furniture,South,"Safco Classic Bookcase, Mobile"
1322.0,-99.1764,Furniture,West,Chromcraft Bull-Nose Wood Oval Conference Tables & Bases
1321.0,484.224,Furniture,Oceania,"Bush Library with Doors, Mobile"
1320.0,488.4,Technology,Central Asia,"Sharp Personal Copier, Laser"
1320.0,527.984,Technology,South,LogitechÂ Z-906 Speaker sys - home theater - 5.1-CH
1320.0,-222.7698,Technology,Southeast Asia,"Konica Printer, Red"
1320.0,357.1575,Technology,Central,"Konica Inkjet, White"
1320.0,214.4675,Technology,East,Plantronics CS510 - Over-the-Head monaural Wireless Headset System
1319.0,280.152,Furniture,North,"Dania Classic Bookcase, Pine"
1319.0,567.0,Technology,Central,"Brother Copy Machine, Color"
1318.0,0.0,Technology,North Asia,"Canon Copy Machine, Color"
1318.0,382.2,Office Supplies,Central,"Hamilton Beach Microwave, Red"
1317.0,396.6696,Office Supplies,Southeast Asia,"Eldon Lockers, Industrial"
1317.0,297.4464,Technology,Southeast Asia,"Sharp Wireless Fax, High-Speed"
1317.0,292.776,Furniture,East,"Hon Deluxe Fabric Upholstered Stacking Chairs, Rounded Back"
1316.0,328.8,Furniture,Central Asia,"Novimex Swivel Stool, Red"
1316.0,-526.722,Technology,South,"Konica Inkjet, Wireless"
1314.0,341.73,Furniture,North,"Safco Classic Bookcase, Traditional"
1314.0,39.42,Furniture,North Asia,"Safco Classic Bookcase, Traditional"
1314.0,39.42,Furniture,Southeast Asia,"Safco Classic Bookcase, Traditional"
1314.0,341.73,Furniture,North,"Safco Classic Bookcase, Traditional"
1314.0,-630.99,Furniture,Central,"Safco Classic Bookcase, Traditional"
1314.0,102.072,Furniture,Oceania,"Dania Library with Doors, Mobile"
1314.0,13.12,Technology,North,"Memorex Router, USB"
1314.0,377.832,Furniture,Central,"Dania Classic Bookcase, Traditional"
1313.0,377.34,Furniture,Central,"Hon Computer Table, Fully Assembled"
1312.0,-306.108,Furniture,South,"Bush Library with Doors, Traditional"
1311.0,327.6,Technology,North Asia,"Canon Copy Machine, Laser"
1310.0,72.648,Furniture,Central,"Bush Library with Doors, Metal"
1309.0,494.403,Office Supplies,Central,"Fellowes Lockers, Industrial"
1308.0,536.46,Technology,Central Asia,"Cisco Smart Phone, with Caller ID"
1308.0,536.46,Technology,Oceania,"Cisco Smart Phone, with Caller ID"
1308.0,483.93,Furniture,Central Asia,"Sauder Classic Bookcase, Traditional"
1308.0,536.22,Furniture,South,"Sauder Classic Bookcase, Traditional"
1308.0,13.08,Technology,North,"Cisco Smart Phone, with Caller ID"
1306.0,107.487,Technology,Central,"StarTech Printer, Wireless"
1306.0,260.982,Furniture,Central,"Hon Swivel Stool, Black"
1305.0,443.82,Technology,North,"Cisco Smart Phone, Full Size"
1303.0,208.44,Technology,North Asia,"Cisco Smart Phone, Full Size"
1303.0,521.16,Technology,EMEA,"Cisco Smart Phone, Cordless"
1303.0,286.56,Technology,EMEA,"Cisco Smart Phone, Full Size"
1303.0,39.06,Technology,North,"Cisco Smart Phone, Cordless"
1303.0,286.56,Technology,EMEA,"Cisco Smart Phone, Full Size"
1303.0,-101.424,Furniture,Oceania,"Dania Library with Doors, Metal"
1303.0,182.4,Technology,Central Asia,"Cisco Smart Phone, Cordless"
1303.0,286.56,Technology,EMEA,"Cisco Smart Phone, Full Size"
1301.0,598.56,Technology,South,"Memorex Router, Erganomic"
1301.0,572.55,Technology,Central,"Belkin Router, Programmable"
1301.0,572.55,Technology,Central,"Belkin Router, Programmable"
1300.0,350.9082,Technology,East,Apple iPhone 5
1300.0,-15.516,Technology,Central,"Brother Fax and Copier, Digital"
1300.0,-571.9956,Technology,South,"3D Systems Cube Printer, 2nd Generation, White"
1299.0,311.652,Furniture,West,"Bevis Round Bullnose 29"" High Table Top"
1298.0,64.8,Technology,Central,"Canon Personal Copier, Color"
1298.0,64.8,Technology,South,"Canon Personal Copier, Color"
1298.0,123.591,Furniture,Southeast Asia,"Bush Classic Bookcase, Metal"
1297.0,97.3026,Office Supplies,Central,Standard Rollaway File with Lock
1296.0,310.9872,Office Supplies,West,Tennsco 16-Compartment Lockers with Coat Rack
1296.0,145.782,Technology,West,Polycom SoundStation2 EX ConferenceÂ phone
1296.0,285.12,Furniture,North Asia,"Novimex Swivel Stool, Black"
1295.0,336.635,Technology,East,Nortel Meridian M5316 Digital phone
1295.0,608.55,Technology,South,"Belkin Router, USB"
1295.0,504.96,Technology,Central Asia,"StarTech Card Printer, White"
1294.0,-776.325,Office Supplies,North,"Breville Refrigerator, White"
1294.0,51.75,Technology,South,"Belkin Router, Bluetooth"
1293.0,77.5764,Furniture,West,"Global Adaptabilites Bookcase, Cherry/Storm Gray Finish"
1293.0,80.843,Furniture,West,"Bush Cubix Conference Tables, Fully Assembled"
1293.0,232.65,Technology,Central,"Enermax Router, USB"
1292.0,155.0,Furniture,South,"Sauder Library with Doors, Traditional"
1292.0,-136.86,Technology,Central,"Canon Wireless Fax, Color"
1292.0,155.0,Furniture,Caribbean,"Sauder Library with Doors, Traditional"
1292.0,413.25,Technology,Central Asia,"Enermax Router, Bluetooth"
1291.0,-39.834,Furniture,Central,"Bevis Computer Table, with Bottom Storage"
1291.0,296.94,Technology,EMEA,"Motorola Smart Phone, with Caller ID"
1291.0,25.65,Furniture,North Asia,"Office Star Rocking Chair, Adjustable"
1290.0,618.96,Furniture,North Asia,"Hon Swivel Stool, Black"
1290.0,263.2959,Furniture,Southeast Asia,"Safco Floating Shelf Set, Pine"
1289.0,90.0,Office Supplies,Africa,"Smead File Cart, Single Width"
1288.0,489.42,Technology,Oceania,"Motorola Smart Phone, Full Size"
1288.0,386.34,Technology,EMEA,"Motorola Smart Phone, Full Size"
1287.0,244.6155,Technology,West,LogitechÂ P710e Mobile Speakerphone
1287.0,-2380.35,Furniture,Central Asia,"Hon Conference Table, Rectangular"
1287.0,244.6155,Technology,Central,LogitechÂ P710e Mobile Speakerphone
1287.0,244.6155,Technology,West,LogitechÂ P710e Mobile Speakerphone
1287.0,-536.448,Office Supplies,Oceania,"Cuisinart Stove, White"
1286.0,51.42,Technology,North Asia,"Motorola Smart Phone, Cordless"
1286.0,89.94,Technology,Africa,"Motorola Smart Phone, Cordless"
1286.0,89.94,Technology,EMEA,"Motorola Smart Phone, Cordless"
1286.0,51.42,Technology,North Asia,"Motorola Smart Phone, Cordless"
1286.0,89.94,Technology,Africa,"Motorola Smart Phone, Cordless"
1286.0,51.42,Technology,Central Asia,"Motorola Smart Phone, Cordless"
1286.0,527.04,Technology,Central,"Motorola Smart Phone, Cordless"
1286.0,228.585,Office Supplies,Oceania,"Tenex Lockers, Blue"
1285.0,413.982,Furniture,Central,"Harbour Creations Executive Leather Armchair, Red"
1285.0,552.24,Office Supplies,North Asia,"KitchenAid Blender, Silver"
1285.0,449.88,Technology,EMEA,"Hewlett Fax Machine, Color"
1285.0,-308.58,Technology,Central,"Motorola Smart Phone, Full Size"
1285.0,449.88,Technology,Africa,"Hewlett Fax Machine, Color"
1285.0,199.782,Furniture,Oceania,"Harbour Creations Executive Leather Armchair, Red"
1285.0,449.88,Technology,Central,"Hewlett Fax Machine, Color"
1285.0,565.38,Furniture,Central Asia,"Bush 3-Shelf Cabinet, Metal"
1285.0,89.88,Technology,Central Asia,"Hewlett Fax Machine, Color"
1284.0,205.17,Technology,Central Asia,"Cisco Audio Dock, Full Size"
1283.0,602.85,Technology,South,"Belkin Router, Erganomic"
1283.0,628.5,Technology,Southeast Asia,"SanDisk Router, USB"
1283.0,217.95,Technology,Central Asia,"Belkin Router, Erganomic"
1282.0,213.735,Furniture,East,Global Commerce Series High-Back Swivel/Tilt Chairs
1282.0,499.8,Technology,Central,"SanDisk Router, Bluetooth"
1282.0,499.8,Technology,Central,"SanDisk Router, Bluetooth"
1282.0,12.69,Technology,Southeast Asia,"Hewlett Personal Copier, High-Speed"
1282.0,105.474,Technology,Central,"Brother Wireless Fax, High-Speed"
1281.0,102.45,Technology,Central,"StarTech Printer, Durable"
1280.0,298.536,Office Supplies,Central,"Tenex Lockers, Wire Frame"
1280.0,415.9896,Technology,West,Swingline SM12-08 MicroCut Jam Free Shredder
1280.0,-208.02,Furniture,North,"Barricks Computer Table, with Bottom Storage"
1279.0,225.735,Furniture,West,"Atlantic Metals Mobile 5-Shelf Bookcases, Custom Colors"
1279.0,319.8,Technology,EMEA,"Canon Fax Machine, Color"
1279.0,-639.72,Technology,North,"Canon Fax Machine, Color"
1278.0,-0.08,Technology,South,"Nokia Smart Phone, with Caller ID"
1278.0,-357.9,Technology,South,"Nokia Smart Phone, with Caller ID"
1278.0,89.46,Technology,Central,"Samsung Smart Phone, Cordless"
1278.0,511.08,Technology,North,"Nokia Smart Phone, with Caller ID"
1278.0,89.46,Technology,North,"Samsung Smart Phone, Cordless"
1278.0,460.08,Technology,Central Asia,"Samsung Smart Phone, Cordless"
1278.0,460.08,Technology,North Asia,"Samsung Smart Phone, Cordless"
1278.0,89.46,Technology,Central,"Samsung Smart Phone, Cordless"
1275.0,140.16,Technology,North,"Nokia Smart Phone, Full Size"
1275.0,-1147.65,Furniture,Central,"Bush Library with Doors, Traditional"
1275.0,357.0,Technology,Africa,"Apple Smart Phone, Full Size"
1275.0,140.22,Technology,North Asia,"Apple Smart Phone, Full Size"
1275.0,140.16,Technology,Africa,"Nokia Smart Phone, Full Size"
1275.0,178.5,Technology,Central,"Apple Smart Phone, Full Size"
1275.0,165.66,Technology,North Asia,"Nokia Smart Phone, Full Size"
1275.0,293.16,Technology,North,"Nokia Smart Phone, Full Size"
1275.0,140.22,Technology,Oceania,"Apple Smart Phone, Full Size"
1275.0,293.16,Technology,Central,"Nokia Smart Phone, Full Size"
1275.0,293.16,Technology,North,"Nokia Smart Phone, Full Size"
1275.0,140.16,Technology,Africa,"Nokia Smart Phone, Full Size"
1275.0,140.22,Technology,Central Asia,"Apple Smart Phone, Full Size"
1275.0,497.28,Technology,North,"Cisco Audio Dock, VoIP"
1275.0,357.0,Technology,North,"Apple Smart Phone, Full Size"
1275.0,293.16,Technology,Caribbean,"Nokia Smart Phone, Full Size"
1275.0,216.72,Technology,North Asia,"Samsung Smart Phone, Full Size"
1274.0,382.2,Technology,North Asia,"Brother Fax Machine, Laser"
1274.0,314.8125,Office Supplies,Southeast Asia,"Breville Microwave, White"
1274.0,-127.46,Furniture,South,"Barricks Computer Table, Fully Assembled"
1274.0,-127.46,Furniture,North,"Barricks Computer Table, Fully Assembled"
1274.0,573.0,Technology,North Asia,"Canon Fax Machine, Laser"
1273.0,470.82,Technology,North Asia,"Apple Smart Phone, Cordless"
1273.0,-814.4832,Furniture,West,Bush Advantage Collection Racetrack Conference Table
1273.0,279.96,Technology,EMEA,"Apple Smart Phone, Cordless"
1273.0,534.48,Technology,Central Asia,"Brother Fax Machine, Digital"
1273.0,496.26,Technology,Central,"Apple Smart Phone, Cordless"
1273.0,216.26,Technology,North,"Konica Card Printer, White"
1273.0,-993.195,Furniture,Central,"Dania Library with Doors, Pine"
1273.0,496.26,Technology,Central,"Apple Smart Phone, Cordless"
1273.0,12.6,Office Supplies,Oceania,"Rogers Lockers, Industrial"
1273.0,279.96,Technology,EMEA,"Apple Smart Phone, Cordless"
1272.0,458.04,Technology,Central Asia,"Hewlett Fax Machine, High-Speed"
1272.0,50.88,Technology,North,"Samsung Smart Phone, with Caller ID"
1272.0,546.96,Technology,Central,"Nokia Smart Phone, Full Size"
1272.0,551.196,Furniture,Central,"Harbour Creations Executive Leather Armchair, Adjustable"
1272.0,368.82,Technology,North Asia,"Cisco Speaker Phone, Cordless"
1272.0,356.22,Technology,EMEA,"Apple Smart Phone, Full Size"
1272.0,152.64,Technology,Oceania,"Nokia Smart Phone, Full Size"
1272.0,292.56,Technology,EMEA,"Canon Fax Machine, Digital"
1272.0,623.4,Technology,EMEA,"Samsung Smart Phone, with Caller ID"
1272.0,546.96,Technology,North,"Nokia Smart Phone, Full Size"
1272.0,-1094.34,Technology,North Asia,"Apple Smart Phone, Full Size"
1272.0,407.1,Technology,Africa,"Nokia Smart Phone, Cordless"
1272.0,38.16,Technology,Caribbean,"Apple Smart Phone, Full Size"
1272.0,534.42,Technology,North Asia,"Samsung Smart Phone, VoIP"
1272.0,458.04,Technology,Central Asia,"Hewlett Fax Machine, High-Speed"
1271.0,-127.413,Office Supplies,South,"Smead File Cart, Single Width"
1271.0,635.495,Office Supplies,South,Fellowes PB500 Electric Punch Plastic Comb Binding Machine with Manual Bind
1270.0,558.72,Office Supplies,EMEA,"Rogers Lockers, Single Width"
1270.0,355.44,Furniture,Central,"Harbour Creations Executive Leather Armchair, Adjustable"
1270.0,88.74,Office Supplies,Central,"Rogers Lockers, Blue"
1270.0,558.72,Office Supplies,North Asia,"Rogers Lockers, Single Width"
1270.0,433.41,Technology,Central,"StarTech Inkjet, White"
1270.0,558.72,Office Supplies,Oceania,"Rogers Lockers, Single Width"
1270.0,-36.288,Furniture,North Asia,"Barricks Conference Table, with Bottom Storage"
1270.0,404.61456,Technology,North,"Brother Fax Machine, Digital"
1270.0,545.82,Technology,Central,"Epson Receipt Printer, White"
1270.0,88.74,Office Supplies,EMEA,"Rogers Lockers, Blue"
1269.0,266.4522,Furniture,East,Office Star - Contemporary Swivel Chair with Padded Adjustable Arms and Flex Back
1269.0,583.68,Furniture,South,"Harbour Creations Executive Leather Armchair, Red"
1269.0,14.094,Furniture,Central,"Office Star Executive Leather Armchair, Adjustable"
1269.0,583.68,Furniture,Central,"Harbour Creations Executive Leather Armchair, Red"
1268.0,152.118,Office Supplies,South,"Fellowes Strictly Business Drawer File, Letter/Legal Size"
1268.0,221.76,Furniture,North,"Barricks Computer Table, Adjustable Height"
1268.0,316.8825,Furniture,East,Global Comet Stacking Arm Chair
1267.0,291.3778,Furniture,South,O'Sullivan 2-Door Barrister Bookcase in Odessa Pine
1267.0,139.32,Technology,Oceania,"Brother Fax Machine, High-Speed"
1267.0,278.64,Technology,Africa,"Brother Fax Machine, High-Speed"
1266.0,265.92,Technology,North Asia,"Canon Fax Machine, High-Speed"
1266.0,556.974,Technology,West,Plantronics Savi W720 Multi-Device Wireless Headset System
1266.0,323.46,Furniture,North,"Lesro Wood Table, Fully Assembled"
1265.0,73.465,Technology,Caribbean,"Brother Wireless Fax, Color"
1264.0,301.466,Technology,South,"Canon Wireless Fax, Color"
1264.0,301.466,Technology,South,"Canon Wireless Fax, Color"
1264.0,301.466,Technology,North,"Canon Wireless Fax, Color"
1263.0,315.825,Office Supplies,South,"24 Capacity Maxi Data Binder Racks, Pearl"
1263.0,-56.175,Office Supplies,Central,"Hamilton Beach Microwave, White"
1262.0,-42.129,Furniture,Central,"Office Star Executive Leather Armchair, Black"
1261.0,327.9458,Office Supplies,West,Standard Rollaway File with Lock
1260.0,327.5922,Technology,East,Samsung Galaxy Mega 6.3
1260.0,327.5818,Technology,East,Polycom VVX 310 VoIP phone
1260.0,85.7746,Technology,Central,"Brother Wireless Fax, Laser"
1259.0,375.7774,Technology,Central,"Hewlett Wireless Fax, High-Speed"
1259.0,375.7774,Technology,North,"Hewlett Wireless Fax, High-Speed"
1257.0,12.48,Technology,EMEA,"Okidata Inkjet, Wireless"
1257.0,-29.664,Technology,Central,"Cisco Audio Dock, Cordless"
1256.0,488.595,Office Supplies,Oceania,"Cuisinart Microwave, Silver"
1256.0,75.3732,Furniture,South,Hon 2111 Invitation Series Corner Table
1256.0,432.45,Furniture,Central,"Office Star Executive Leather Armchair, Adjustable"
1256.0,97.65,Furniture,Oceania,"Office Star Executive Leather Armchair, Adjustable"
1254.0,200.52,Technology,Africa,"Konica Inkjet, Wireless"
1253.0,236.67,Office Supplies,Central,"Cuisinart Microwave, Red"
1253.0,-480.2032,Furniture,East,"Bevis Oval Conference Table, Walnut"
1253.0,-41.796,Furniture,Oceania,"SAFCO Executive Leather Armchair, Adjustable"
1253.0,-41.796,Furniture,Central,"SAFCO Executive Leather Armchair, Adjustable"
1253.0,236.67,Office Supplies,Central,"Cuisinart Microwave, Red"
1252.0,417.276,Furniture,Oceania,"SAFCO Executive Leather Armchair, Set of Two"
1252.0,-187.92,Furniture,North,"Office Star Executive Leather Armchair, Red"
1252.0,437.5455,Technology,Southeast Asia,"StarTech Inkjet, Wireless"
1250.0,486.045,Office Supplies,Central,"Smead Lockers, Single Width"
1250.0,444.297,Office Supplies,Oceania,"Eldon Lockers, Industrial"
1250.0,12.48,Technology,EMEA,"Okidata Inkjet, Durable"
1250.0,12.48,Technology,Africa,"Okidata Inkjet, Durable"
1250.0,12.48,Technology,Africa,"Okidata Inkjet, Durable"
1249.0,249.72,Technology,North,"Panasonic Inkjet, Durable"
1249.0,-1779.768,Furniture,EMEA,"Bevis Round Table, Adjustable Height"
1249.0,88.0125,Technology,Central,"Sharp Fax Machine, High-Speed"
1248.0,349.3392,Office Supplies,East,Deluxe Rollaway Locking File with Drawer
1248.0,349.3392,Office Supplies,West,Deluxe Rollaway Locking File with Drawer
1247.0,74.76,Technology,Africa,"Konica Inkjet, Durable"
1246.0,-124.659,Furniture,Central,"SAFCO Executive Leather Armchair, Red"
1246.0,-140.32,Furniture,North,"Office Star Executive Leather Armchair, Black"
1246.0,361.2994,Office Supplies,South,Kensington 7 Outlet MasterPiece Power Center
1246.0,62.28,Furniture,South,"Bush Classic Bookcase, Mobile"
1245.0,161.76,Technology,North,"Okidata Inkjet, White"
1245.0,62.184,Office Supplies,Oceania,"Breville Refrigerator, Black"
1244.0,211.5,Office Supplies,EMEA,"Fellowes Lockers, Single Width"
1244.0,211.5,Office Supplies,EMEA,"Fellowes Lockers, Single Width"
1244.0,534.78,Office Supplies,North Asia,"Fellowes Lockers, Blue"
1244.0,-13.923,Office Supplies,Central,"Smead Lockers, Wire Frame"
1244.0,597.06,Office Supplies,North,"Fellowes Lockers, Blue"
1244.0,211.5,Office Supplies,EMEA,"Fellowes Lockers, Single Width"
1244.0,447.75,Technology,Central,"Logitech Router, Programmable"
1244.0,-134.8956,Office Supplies,Southeast Asia,"Hamilton Beach Refrigerator, Black"
1244.0,-13.923,Office Supplies,Central,"Smead Lockers, Wire Frame"
1244.0,211.5,Office Supplies,North,"Fellowes Lockers, Single Width"
1244.0,-134.8956,Office Supplies,Southeast Asia,"Hamilton Beach Refrigerator, Black"
1243.0,345.15,Furniture,Central,"Novimex Executive Leather Armchair, Red"
1243.0,-140.715,Furniture,Southeast Asia,"Lesro Wood Table, Fully Assembled"
1243.0,262.39,Furniture,East,SAFCO Arco Folding Chair
1243.0,345.15,Furniture,Central,"Novimex Executive Leather Armchair, Red"
1243.0,397.62,Furniture,South,"Ikea Classic Bookcase, Mobile"
1242.0,285.72,Technology,Oceania,"Konica Inkjet, White"
1241.0,86.88,Office Supplies,North,"KitchenAid Microwave, Red"
1241.0,434.4,Office Supplies,North Asia,"KitchenAid Microwave, Red"
1241.0,124.011,Furniture,Oceania,"Hon Executive Leather Armchair, Adjustable"
1241.0,137.844,Office Supplies,Central,"Eldon Lockers, Wire Frame"
1241.0,124.011,Furniture,Oceania,"Hon Executive Leather Armchair, Adjustable"
1241.0,434.4,Office Supplies,North Asia,"KitchenAid Microwave, Red"
1240.0,223.16,Furniture,South,"Hon Rocking Chair, Set of Two"
1240.0,223.11,Furniture,North,"Dania Classic Bookcase, Mobile"
1239.0,61.848,Furniture,North,"Sauder Library with Doors, Metal"
1239.0,24.75,Furniture,Central Asia,"Ikea Classic Bookcase, Pine"
1239.0,0.0,Office Supplies,South,"KitchenAid Microwave, Black"
1239.0,468.132,Furniture,Central,"Safco Floating Shelf Set, Traditional"
1239.0,0.0,Office Supplies,Africa,"KitchenAid Microwave, Black"
1239.0,582.0,Technology,South,"Memorex Router, Programmable"
1239.0,14.4315,Technology,Central,"StarTech Card Printer, White"
1238.0,606.36,Office Supplies,Africa,"Hoover Microwave, Silver"
1237.0,346.32,Technology,Africa,"Panasonic Inkjet, Red"
1237.0,24.72,Technology,Central Asia,"Panasonic Inkjet, Red"
1237.0,74.16,Technology,North,"Cisco Signal Booster, Cordless"
1237.0,24.72,Technology,Oceania,"Panasonic Inkjet, Red"
1237.0,98.85,Technology,Central,"Logitech Router, Bluetooth"
1236.0,420.28,Technology,North,"Panasonic Printer, White"
1236.0,531.63,Furniture,Central Asia,"Bush Classic Bookcase, Metal"
1236.0,383.22,Furniture,North,"Dania Classic Bookcase, Pine"
1236.0,519.21,Furniture,North Asia,"Dania Classic Bookcase, Pine"
1236.0,302.175,Furniture,Central,"Novimex Executive Leather Armchair, Black"
1236.0,-96.255,Furniture,Oceania,"Novimex Executive Leather Armchair, Black"
1236.0,111.28,Furniture,South,"SAFCO Executive Leather Armchair, Set of Two"
1236.0,420.3,Furniture,South,"Bush Classic Bookcase, Metal"
1236.0,519.21,Furniture,Central Asia,"Dania Classic Bookcase, Pine"
1236.0,-137.34,Office Supplies,Africa,"Fellowes File Cart, Single Width"
1235.0,-456.174,Technology,Southeast Asia,"Brother Fax Machine, High-Speed"
1235.0,246.84,Office Supplies,Africa,"Hoover Microwave, Red"
1235.0,469.35,Furniture,South,"Ikea Classic Bookcase, Traditional"
1235.0,469.35,Furniture,South,"Ikea Classic Bookcase, Traditional"
1235.0,135.72,Office Supplies,North Asia,"Hoover Microwave, Red"
1234.0,-0.021,Furniture,Oceania,"Sauder Floating Shelf Set, Pine"
1234.0,234.36,Furniture,North,"Ikea Classic Bookcase, Metal"
1234.0,234.36,Furniture,South,"Ikea Classic Bookcase, Metal"
1234.0,370.278,Furniture,Central,"Hon Executive Leather Armchair, Black"
1234.0,407.16,Office Supplies,Africa,"KitchenAid Microwave, White"
1233.0,135.6,Technology,North,"Epson Inkjet, Wireless"
1232.0,98.55,Technology,Central,"Memorex Router, USB"
1232.0,107.802,Furniture,North Asia,"Hon Round Table, Rectangular"
1232.0,431.1,Technology,Central Asia,"Memorex Router, USB"
1232.0,123.12,Office Supplies,Africa,"Hoover Microwave, Black"
1232.0,529.83,Furniture,South,"Dania Classic Bookcase, Traditional"
1232.0,98.55,Technology,Central,"Memorex Router, USB"
1231.0,24.57,Furniture,Central Asia,"Dania Classic Bookcase, Metal"
1231.0,467.7,Technology,South,"Memorex Router, Bluetooth"
1230.0,286.974,Furniture,Oceania,"Novimex Executive Leather Armchair, Adjustable"
1230.0,399.9765,Office Supplies,Southeast Asia,"Rogers Lockers, Single Width"
1228.0,0.0,Furniture,East,Global Leather Executive Chair
1228.0,526.31992,Technology,Central,"Canon Copy Machine, Color"
1228.0,-36.1176,Furniture,Central,"Atlantic Metals Mobile 5-Shelf Bookcases, Custom Colors"
1228.0,13.617,Furniture,Central,"Hon Executive Leather Armchair, Adjustable"
1228.0,354.627,Furniture,Oceania,"Hon Executive Leather Armchair, Adjustable"
1227.0,73.5,Technology,North Asia,"Konica Card Printer, Durable"
1227.0,527.68,Furniture,Central,"Novimex Executive Leather Armchair, Red"
1227.0,404.64,Technology,EMEA,"Epson Inkjet, Durable"
1227.0,232.92,Technology,North,"Epson Inkjet, Durable"
1226.0,416.7,Technology,South,"HP Copy Machine, Color"
1226.0,118.5945,Technology,Southeast Asia,"Brother Copy Machine, Color"
1226.0,612.99,Technology,Southeast Asia,"Konica Card Printer, Wireless"
1225.0,318.42,Office Supplies,EMEA,"Tenex Lockers, Blue"
1225.0,-129.726,Technology,Central,"HP Wireless Fax, Laser"
1224.0,-692.9388,Technology,Southeast Asia,"Belkin Router, Erganomic"
1222.0,325.611,Technology,Oceania,"Apple Speaker Phone, VoIP"
1221.0,416.52,Technology,Central,"Sharp Copy Machine, High-Speed"
1221.0,462.35336,Technology,North,"Canon Copy Machine, Laser"
1221.0,342.0,Technology,EMEA,"Epson Inkjet, White"
1220.0,381.2375,Office Supplies,West,Ibico Hi-Tech Manual Binding System
1220.0,266.35588,Technology,Caribbean,"Hewlett Copy Machine, Color"
1220.0,243.9,Furniture,Caribbean,"Ikea Library with Doors, Mobile"
1220.0,512.4,Technology,Central Asia,"HP Fax and Copier, Color"
1219.0,198.04,Furniture,North,"Hon Executive Leather Armchair, Black"
1219.0,-121.8735,Furniture,Central,Bretford CR4500 Series Slim Rectangular Table
1218.0,267.75,Furniture,North Asia,"Office Star Swivel Stool, Red"
1218.0,456.588,Office Supplies,East,GBC Ibimaster 500 Manual ProClick Binding System
1218.0,456.588,Office Supplies,East,GBC Ibimaster 500 Manual ProClick Binding System
1218.0,268.05,Technology,North Asia,"HP Copy Machine, High-Speed"
1218.0,351.513,Furniture,Central,"Safco Stackable Bookrack, Pine"
1218.0,419.52,Furniture,North,"Sauder 3-Shelf Cabinet, Mobile"
1217.0,608.25,Technology,North,"HP Copy Machine, Laser"
1217.0,304.08,Furniture,South,"Bush Floating Shelf Set, Mobile"
1216.0,316.1392,Furniture,South,"SAFCO PlanMaster Boards, 60w x 37-1/2d, White Melamine"
1215.0,352.3065,Technology,East,Polycom SoundStation2 EX ConferenceÂ phone
1215.0,267.2,Furniture,Central,"Novimex Executive Leather Armchair, Adjustable"
1215.0,413.04,Technology,North Asia,"Cisco Signal Booster, VoIP"
1215.0,413.04,Technology,Southeast Asia,"Cisco Signal Booster, VoIP"
1215.0,30.32,Furniture,North,"Novimex Executive Leather Armchair, Adjustable"
1214.0,339.78,Technology,North Asia,"Motorola Audio Dock, VoIP"
1214.0,-216.042,Technology,Caribbean,"Brother Wireless Fax, Color"
1213.0,-69.312,Furniture,Central,Hon Multipurpose Stacking Arm Chairs
1213.0,106.1242,Technology,West,Cisco IP Phone 7961G-GE VoIP phone
1213.0,606.2,Furniture,Central,"Dania Library with Doors, Pine"
1213.0,90.972,Furniture,West,Hon Multipurpose Stacking Arm Chairs
1213.0,-45.54,Furniture,Caribbean,"Hon Executive Leather Armchair, Adjustable"
1213.0,508.00876,Technology,South,"Brother Copy Machine, Color"
1211.0,376.596,Furniture,Oceania,"Safco Corner Shelving, Traditional"
1211.0,423.78,Technology,Central Asia,"Okidata Card Printer, Red"
1210.0,241.89,Office Supplies,Central,"Breville Microwave, Silver"
1209.0,241.8,Technology,South,"HP Copy Machine, Color"
1208.0,-286.88704,Technology,Central,"Canon Wireless Fax, Laser"
1208.0,0.0,Technology,EMEA,"StarTech Inkjet, Wireless"
1208.0,-80.55,Technology,Oceania,"Okidata Printer, Wireless"
1208.0,314.0384,Furniture,South,DMI Arturo Collection Mission-style Design Wood Chair
1208.0,144.9,Furniture,South,"Dania Library with Doors, Traditional"
1207.0,36.12,Technology,North,"StarTech Inkjet, Wireless"
1207.0,36.12,Technology,North,"StarTech Inkjet, Wireless"
1207.0,229.2,Office Supplies,North,"Breville Microwave, Red"
1207.0,108.6,Office Supplies,South,"Breville Microwave, Red"
1206.0,204.82,Technology,South,"Enermax Router, Bluetooth"
1203.0,300.735,Furniture,South,Bretford CR8500 Series Meeting Room Furniture
1201.0,-147.852,Furniture,Central,"Bevis Conference Table, with Bottom Storage"
1201.0,226.845,Technology,Oceania,"Okidata Printer, White"
1201.0,132.0,Technology,Africa,"StarTech Inkjet, Durable"
1200.0,224.9925,Technology,West,Brother DCP1000 Digital 3 in 1 Multifunction Machine
1200.0,479.88,Technology,South,"HP Fax Machine, Laser"
1200.0,395.88,Technology,Central Asia,"HP Fax Machine, Laser"
1200.0,467.9922,Technology,East,Canon PC1080F Personal Copier
1200.0,479.88,Technology,Africa,"HP Fax Machine, Laser"
1200.0,323.946,Technology,Central,Polycom CX600 IP Phone VoIP phone
1200.0,395.88,Technology,North Asia,"HP Fax Machine, Laser"
1200.0,374.9925,Technology,West,Hewlett Packard 610 Color Digital Copier / Printer
1200.0,434.9913,Technology,West,Sharp AL-1530CS Digital Copier
1200.0,434.9913,Technology,West,Sharp AL-1530CS Digital Copier
1200.0,179.9964,Technology,East,Sharp AL-1530CS Digital Copier
1200.0,479.88,Technology,North,"HP Fax Machine, Laser"
1200.0,373.272,Furniture,Central,"Novimex Swivel Stool, Set of Two"
1199.0,359.52,Furniture,EMEA,"Sauder Corner Shelving, Mobile"
1198.0,165.5986,Technology,South,"HP Wireless Fax, Laser"
1198.0,70.49,Furniture,West,"Bush Heritage Pine Collection 5-Shelf Bookcase, Albany Pine Finish, *Special Order"
1198.0,165.5986,Technology,Central,"HP Wireless Fax, Laser"
1198.0,0.0,Technology,Africa,"HP Fax Machine, Digital"
1198.0,0.0,Technology,EMEA,"HP Fax Machine, Digital"
1198.0,179.64,Technology,North Asia,"HP Fax Machine, Digital"
1197.0,119.686,Furniture,South,Tenex Antistatic Computer Chair Mats
1196.0,143.46,Furniture,EMEA,"Safco Floating Shelf Set, Mobile"
1196.0,478.38,Technology,North,"StarTech Printer, Durable"
1196.0,574.14,Technology,North,"SanDisk Router, Bluetooth"
1195.0,585.6,Technology,Central Asia,"Sharp Copy Machine, Laser"
1195.0,155.25,Technology,Central,"Sharp Copy Machine, Laser"
1194.0,210.735,Furniture,West,"Atlantic Metals Mobile 4-Shelf Bookcases, Custom Colors"
1193.0,-1580.46,Technology,South,"Samsung Smart Phone, Cordless"
1193.0,-183.603,Technology,Southeast Asia,"Canon Copy Machine, Laser"
1193.0,286.38,Office Supplies,Central,"Smead Lockers, Industrial"
1193.0,59.52,Technology,Central,"HP Fax Machine, High-Speed"
1193.0,334.08,Office Supplies,EMEA,"Smead Lockers, Industrial"
1192.0,57.3106,Technology,North,"HP Wireless Fax, High-Speed"
1191.0,178.56,Office Supplies,Oceania,"Smead Lockers, Blue"
1190.0,14.544,Furniture,Central,"Bush Corner Shelving, Traditional"
1190.0,583.17,Technology,North,"Sharp Fax and Copier, Color"
1190.0,-106.002,Technology,Oceania,"Hewlett Ink, High-Speed"
1190.0,404.67,Technology,Central,"Epson Card Printer, Durable"
1190.0,212.17488,Technology,North,"HP Fax Machine, High-Speed"
1189.0,-396.4275,Furniture,Southeast Asia,"Office Star Swivel Stool, Set of Two"
1189.0,250.992,Furniture,Central,"Sauder Stackable Bookrack, Mobile"
1188.0,95.04,Technology,EMEA,"Sharp Fax Machine, Color"
1188.0,-950.4,Technology,East,Cisco 9971 IP Video Phone Charcoal
1188.0,213.66,Office Supplies,Central Asia,"Eldon Lockers, Single Width"
1188.0,95.04,Technology,Central,"Sharp Fax Machine, Color"
1188.0,23.58,Office Supplies,North,"Eldon Lockers, Single Width"
1187.0,-39.6,Furniture,Oceania,"Safco Classic Bookcase, Pine"
1185.0,106.6248,Furniture,Central,Hon 94000 Series Round Tables
1185.0,130.32,Office Supplies,North Asia,"Smead Lockers, Wire Frame"
1184.0,472.1272,Technology,North,"Sharp Wireless Fax, Laser"
1184.0,-182.349,Furniture,Central,"Barricks Coffee Table, Adjustable Height"
1184.0,445.3896,Technology,Southeast Asia,"Brother Fax Machine, Digital"
1183.0,9.4296,Technology,South,"Sharp Wireless Fax, Digital"
1183.0,106.32,Technology,South,"Sharp Fax Machine, Laser"
1182.0,236.34,Office Supplies,Africa,"Eldon Lockers, Wire Frame"
1182.0,498.807,Furniture,Central,"Safco Classic Bookcase, Metal"
1182.0,236.25,Furniture,North Asia,"Dania Floating Shelf Set, Metal"
1182.0,498.807,Furniture,Central,"Safco Classic Bookcase, Metal"
1181.0,138.8325,Office Supplies,Southeast Asia,"Cuisinart Microwave, Black"
1181.0,0.0,Technology,Africa,"Sharp Fax Machine, Digital"
1181.0,-334.704,Furniture,Oceania,"Bevis Computer Table, Adjustable Height"
1180.0,151.695,Furniture,Oceania,"Bevis Training Table, Adjustable Height"
1180.0,519.3,Furniture,EMEA,"Safco Floating Shelf Set, Traditional"
1180.0,519.3,Furniture,EMEA,"Safco Floating Shelf Set, Traditional"
1180.0,139.4748,Technology,South,"Sharp Fax Machine, Laser"
1179.0,-471.7875,Furniture,Southeast Asia,"Ikea Library with Doors, Metal"
1178.0,12.96,Technology,Central,"Canon Copy Machine, Digital"
1177.0,405.423,Furniture,Central,"Sauder Classic Bookcase, Traditional"
1177.0,353.133,Furniture,Oceania,"Sauder Classic Bookcase, Traditional"
1176.0,117.54,Furniture,Central Asia,"Sauder Floating Shelf Set, Pine"
1176.0,0.0,Furniture,Caribbean,"Lesro Coffee Table, with Bottom Storage"
1175.0,58.72,Furniture,Central,"Safco Classic Bookcase, Mobile"
1175.0,246.72,Technology,Africa,"Sharp Fax Machine, High-Speed"
1175.0,340.56,Furniture,Africa,"Sauder Stackable Bookrack, Mobile"
1175.0,187.92,Furniture,North Asia,"Sauder Stackable Bookrack, Mobile"
1175.0,493.56,Technology,North Asia,"Sharp Fax Machine, High-Speed"
1174.0,222.96,Furniture,South,"Sauder Corner Shelving, Metal"
1173.0,338.4492,Technology,Caribbean,"Sharp Fax Machine, High-Speed"
1173.0,-1172.736,Technology,EMEA,"Cisco Smart Phone, Cordless"
1173.0,129.06,Furniture,North Asia,"Safco Library with Doors, Pine"
1172.0,361.49136,Technology,North,"Canon Ink, Digital"
1172.0,195.18,Technology,Oceania,"Canon Copy Machine, High-Speed"
1172.0,195.18,Technology,Oceania,"Canon Copy Machine, High-Speed"
1170.0,-253.4337,Technology,East,Apple iPhone 5
1169.0,187.04,Furniture,South,"Sauder Classic Bookcase, Mobile"
1169.0,46.71,Technology,North,"Motorola Speaker Phone, VoIP"
1169.0,292.11,Furniture,North Asia,"Novimex Swivel Stool, Adjustable"
1168.0,306.7,Furniture,North,"Safco Classic Bookcase, Traditional"
1168.0,443.94,Technology,Central Asia,"Samsung Audio Dock, VoIP"
1167.0,93.33,Furniture,North,"Sauder Library with Doors, Pine"
1167.0,431.82,Furniture,Africa,"Sauder Floating Shelf Set, Traditional"
1167.0,431.82,Furniture,North,"Sauder Floating Shelf Set, Traditional"
1167.0,-58.44,Furniture,North,"Safco Classic Bookcase, Metal"
1167.0,131.2785,Furniture,South,Hon 4070 Series Pagoda Armless Upholstered Stacking Chairs
1167.0,-204.312,Furniture,North,"Ikea Library with Doors, Pine"
1166.0,58.08,Technology,South,"Hewlett Personal Copier, Color"
1165.0,-238.5525,Office Supplies,Southeast Asia,"Hamilton Beach Microwave, White"
1164.0,-201.825,Technology,Southeast Asia,"Panasonic Inkjet, White"
1163.0,81.36,Furniture,Central Asia,"Sauder Library with Doors, Traditional"
1163.0,255.76,Furniture,South,"Sauder Classic Bookcase, Traditional"
1163.0,11.61,Furniture,South,"Sauder Library with Doors, Traditional"
1163.0,11.61,Furniture,South,"Sauder Library with Doors, Traditional"
1162.0,-103.41,Furniture,Oceania,"Office Star Rocking Chair, Adjustable"
1162.0,284.085,Technology,Oceania,"Enermax Router, Bluetooth"
1161.0,489.984,Furniture,Oceania,"Hon Swivel Stool, Black"
1161.0,-147.5229,Technology,Southeast Asia,"Hewlett Copy Machine, Laser"
1161.0,452.76,Technology,South,"Logitech Router, Programmable"
1159.0,43.4646,Furniture,West,Office Star - Mid Back Dual function Ergonomic High Back Chair with 2-Way Adjustable Arms
1158.0,231.66,Technology,Central,"HP Ink, Laser"
1158.0,435.888,Furniture,Southeast Asia,"Bush Classic Bookcase, Mobile"
1158.0,335.8548,Office Supplies,West,Hoover Upright Vacuum With Dirt Cup
1158.0,130.2885,Office Supplies,South,Hoover Upright Vacuum With Dirt Cup
1158.0,254.52,Technology,North Asia,"Brother Fax and Copier, Color"
1157.0,-12.96,Furniture,Central,"Dania 3-Shelf Cabinet, Pine"
1157.0,-38.664,Technology,Oceania,"Hewlett Fax Machine, Color"
1157.0,300.78,Technology,North Asia,"Hewlett Fax and Copier, Laser"
1157.0,219.78,Technology,South,"Hewlett Fax and Copier, Laser"
1156.0,231.0,Office Supplies,Central,"Smead File Cart, Industrial"
1155.0,417.4416,Technology,Southeast Asia,"Panasonic Card Printer, Durable"
1155.0,205.94556,Technology,Central,"Hewlett Fax and Copier, Laser"
1153.0,347.0859,Office Supplies,Southeast Asia,"Eldon Lockers, Industrial"
1152.0,25.488,Technology,Oceania,"Brother Fax Machine, Color"
1151.0,287.7,Furniture,Southeast Asia,"Novimex Swivel Stool, Red"
1150.0,332.178,Technology,Africa,"Nokia Smart Phone, with Caller ID"
1149.0,172.9125,Furniture,Southeast Asia,"Ikea Classic Bookcase, Traditional"
1147.0,203.823,Office Supplies,Central,"Rogers File Cart, Single Width"
1147.0,11.34,Office Supplies,Central,"Smead File Cart, Blue"
1146.0,100.24,Technology,West,Wilson Electronics DB Pro Signal Booster
1145.0,263.13,Technology,North Asia,"StarTech Card Printer, Wireless"
1145.0,-706.248,Technology,South,"Samsung Smart Phone, VoIP"
1145.0,-686.97,Technology,North,"Hewlett Wireless Fax, Color"
1145.0,228.96,Furniture,Oceania,"Office Star Rocking Chair, Set of Two"
1145.0,549.54,Technology,Southeast Asia,"Hewlett Wireless Fax, Color"
1145.0,356.22,Office Supplies,Central,"Rogers Lockers, Industrial"
1144.0,206.7648,Technology,Southeast Asia,"Konica Card Printer, Red"
1143.0,-571.32,Furniture,EMEA,"Harbour Creations Executive Leather Armchair, Adjustable"
1143.0,320.16,Furniture,Caribbean,"Lesro Conference Table, with Bottom Storage"
1142.0,139.5702,Furniture,East,Office Star - Contemporary Swivel Chair with Padded Adjustable Arms and Flex Back
1142.0,411.0,Office Supplies,South,"KitchenAid Stove, Silver"
1142.0,570.9,Technology,EMEA,"Epson Receipt Printer, Red"
1142.0,57.024,Furniture,Oceania,"Harbour Creations Executive Leather Armchair, Red"
1142.0,479.52,Office Supplies,North Asia,"KitchenAid Stove, Silver"
1141.0,239.49,Technology,North,"Brother Wireless Fax, Color"
1141.0,0.0,Technology,Central Asia,"Brother Wireless Fax, Color"
1141.0,-760.98,Office Supplies,East,GBC Ibimaster 500 Manual ProClick Binding System
1141.0,239.49,Technology,Central,"Brother Wireless Fax, Color"
1140.0,-638.58,Office Supplies,Central Asia,"KitchenAid Stove, Red"
1140.0,433.26,Technology,North Asia,"Canon Wireless Fax, Color"
1140.0,-418.32,Technology,Oceania,"Sharp Copy Machine, Color"
1140.0,284.98,Furniture,South,Global Commerce Series High-Back Swivel/Tilt Chairs
1140.0,319.26,Office Supplies,EMEA,"KitchenAid Stove, Red"
1139.0,187.53,Technology,Central,"Konica Printer, Durable"
1139.0,284.76,Office Supplies,Central Asia,"KitchenAid Stove, Black"
1138.0,364.26,Office Supplies,North,"Hoover Stove, Silver"
1138.0,250.305,Furniture,West,"Hon Practical Foundations 30 x 60 Training Table, Light Gray/Charcoal"
1137.0,-880.956,Furniture,EMEA,"Harbour Creations Executive Leather Armchair, Black"
1137.0,-284.256,Furniture,Central,"Harbour Creations Executive Leather Armchair, Black"
1137.0,45.42,Office Supplies,Central Asia,"Hoover Stove, Red"
1137.0,-189.456,Furniture,Oceania,"Harbour Creations Executive Leather Armchair, Black"
1137.0,-13.5765,Technology,Central,"Brother Fax and Copier, Digital"
1137.0,181.68,Office Supplies,EMEA,"Rogers File Cart, Single Width"
1137.0,568.44,Office Supplies,South,"Hoover Stove, Red"
1137.0,-284.256,Furniture,Central,"Harbour Creations Executive Leather Armchair, Black"
1136.0,-53.529,Technology,Central,"Canon Fax and Copier, Digital"
1136.0,420.39,Technology,Central,"Brother Wireless Fax, Laser"
1136.0,90.84,Office Supplies,Central,"Hoover Stove, Black"
1135.0,453.87,Technology,North Asia,"Samsung Speaker Phone, Cordless"
1135.0,45.36,Technology,Central Asia,"Canon Wireless Fax, Digital"
1135.0,45.36,Technology,Central Asia,"Canon Wireless Fax, Digital"
1135.0,43.08556,Technology,North,"HP Copy Machine, High-Speed"
1134.0,249.48,Furniture,North Asia,"Novimex Swivel Stool, Black"
1133.0,294.671,Furniture,East,Hon GuestStacker Chair
1133.0,532.56,Office Supplies,South,"Hoover Stove, White"
1133.0,294.48,Office Supplies,Central,"Rogers File Cart, Single Width"
1133.0,305.94,Office Supplies,North Asia,"Hoover Stove, White"
1131.0,327.96,Technology,North Asia,"Brother Wireless Fax, High-Speed"
1131.0,-169.728,Furniture,South,"Harbour Creations Executive Leather Armchair, Adjustable"
1131.0,414.6,Technology,Oceania,"Okidata Inkjet, Wireless"
1129.0,485.28,Technology,Oceania,"Brother Personal Copier, High-Speed"
1129.0,112.725,Technology,Oceania,"Nokia Signal Booster, Cordless"
1128.0,-126.882,Furniture,Central,"Office Star Executive Leather Armchair, Adjustable"
1128.0,126.8973,Technology,South,Samsung Galaxy S4 Mini
1128.0,112.68,Office Supplies,Africa,"Hamilton Beach Microwave, Black"
1128.0,259.5297,Furniture,West,Bretford Rectangular Conference Table Tops
1128.0,62.664,Technology,Oceania,"Konica Inkjet, Wireless"
1128.0,304.32,Technology,EMEA,"Canon Personal Copier, High-Speed"
1127.0,225.36,Furniture,Africa,"Dania 3-Shelf Cabinet, Metal"
1126.0,379.82,Furniture,North,"Barricks Coffee Table, with Bottom Storage"
1126.0,56.301,Office Supplies,South,Tennsco Single-Tier Lockers
1126.0,56.301,Office Supplies,West,Tennsco Single-Tier Lockers
1126.0,-1576.824,Furniture,Africa,"Chromcraft Round Table, Adjustable Height"
1125.0,98.4802,Furniture,South,"Global Leather Highback Executive Chair with Pneumatic Height Adjustment, Black"
1125.0,281.1,Office Supplies,EMEA,"Breville Stove, Silver"
1124.0,124.836,Technology,South,"Panasonic Inkjet, Durable"
1124.0,-182.637,Furniture,South,Hon 2090 âPillow Softâ Series Mid Back Swivel/Tilt Chairs
1124.0,252.896,Office Supplies,Caribbean,"Breville Microwave, Black"
1124.0,146.1,Technology,EMEA,"SanDisk Memory Card, Bluetooth"
1123.0,67.32,Office Supplies,EMEA,"Hamilton Beach Microwave, White"
1123.0,-196.3197,Furniture,Southeast Asia,"Safco Floating Shelf Set, Pine"
1123.0,224.58,Office Supplies,Caribbean,"Breville Stove, Red"
1123.0,224.58,Office Supplies,South,"Breville Stove, Red"
1123.0,70.1955,Technology,West,Motorola L703CM
1122.0,0.0,Furniture,West,HON 5400 Series Task Chairs for Big and Tall
1122.0,24.894,Office Supplies,Oceania,"Fellowes Lockers, Industrial"
1122.0,-542.328,Furniture,Central,"Office Star Executive Leather Armchair, Black"
1122.0,20.15216,Technology,Central,"Sharp Copy Machine, Color"
1122.0,124.578,Furniture,Central,"Office Star Rocking Chair, Black"
1122.0,516.06,Office Supplies,North,"Breville Stove, Black"
1121.0,268.92,Technology,Central,"Samsung Speaker Phone, Full Size"
1121.0,55.89,Technology,Southeast Asia,"Samsung Speaker Phone, Full Size"
1120.0,198.882,Office Supplies,Central,"Fellowes Lockers, Blue"
1120.0,198.882,Office Supplies,Central,"Fellowes Lockers, Blue"
1120.0,209.979,Technology,East,Logitech Wireless Headset h800
1120.0,377.9946,Technology,West,Canon PC1060 Personal Laser Copier
1119.0,22.38,Office Supplies,Central,"Breville Stove, White"
1119.0,255.795,Furniture,North Asia,"Barricks Training Table, Fully Assembled"
1119.0,246.24,Office Supplies,North,"Breville Stove, White"
1118.0,55.896,Office Supplies,East,"Tennsco Snap-Together Open Shelving Units, Starter Sets and Add-On Units"
1118.0,55.896,Office Supplies,Central,"Tennsco Snap-Together Open Shelving Units, Starter Sets and Add-On Units"
1118.0,55.896,Office Supplies,West,"Tennsco Snap-Together Open Shelving Units, Starter Sets and Add-On Units"
1118.0,55.896,Office Supplies,West,"Tennsco Snap-Together Open Shelving Units, Starter Sets and Add-On Units"
1118.0,206.301,Furniture,Central,"Lesro Conference Table, Adjustable Height"
1117.0,446.79,Furniture,North,"Dania Stackable Bookrack, Pine"
1117.0,0.0,Office Supplies,Africa,"Cuisinart Microwave, Silver"
1116.0,311.8968,Technology,Southeast Asia,"HP Fax Machine, Laser"
1116.0,37.05,Technology,Oceania,"Sharp Ink, Digital"
1116.0,200.8638,Technology,West,Logitech G19 Programmable Gaming Keyboard
1116.0,368.34,Technology,EMEA,"Motorola Headset, with Caller ID"
1115.0,334.551,Furniture,West,Hon Non-Folding Utility Tables
1115.0,267.57,Furniture,North Asia,"Ikea Stackable Bookrack, Pine"
1115.0,-223.026,Furniture,Central,"Lesro Conference Table, with Bottom Storage"
1115.0,332.9256,Technology,North,"Sharp Copy Machine, High-Speed"
1115.0,178.2,Technology,South,"HP Personal Copier, Digital"
1115.0,211.68,Technology,Southeast Asia,"Nokia Signal Booster, Cordless"
1114.0,376.11,Technology,Central,Bose SoundLink Bluetooth Speaker
1114.0,125.2692,Technology,West,Plantronics HL10 Handset Lifter
1114.0,383.706,Furniture,Central,"Bush Classic Bookcase, Traditional"
1114.0,41.7852,Furniture,West,Bretford CR4500 Series Slim Rectangular Table
1113.0,259.587,Furniture,Central,"Dania Classic Bookcase, Pine"
1113.0,-1475.352,Furniture,EMEA,"SAFCO Executive Leather Armchair, Adjustable"
1113.0,222.588,Office Supplies,West,"Sauder Facets Collection Locker/File Cabinet, Sky Alder Finish"
1113.0,407.988,Furniture,Oceania,"Bush Classic Bookcase, Metal"
1113.0,222.624,Technology,South,"Panasonic Inkjet, Red"
1113.0,296.658,Furniture,Central,"Bush Classic Bookcase, Metal"
1113.0,-705.096,Technology,Oceania,"Panasonic Inkjet, Red"
1113.0,111.3024,Office Supplies,West,"Hunt BOSTON Model 1606 High-Volume Electric Pencil Sharpener, Beige"
1113.0,-705.096,Technology,Oceania,"Panasonic Inkjet, Red"
1112.0,55.56,Office Supplies,Africa,"Cuisinart Microwave, Black"
1112.0,200.04,Office Supplies,Caribbean,"Cuisinart Microwave, Black"
1112.0,135.855,Furniture,Oceania,"Ikea Classic Bookcase, Traditional"
1112.0,379.428,Technology,Central,"Cisco Smart Phone, with Caller ID"
1112.0,135.855,Furniture,Oceania,"Ikea Classic Bookcase, Traditional"
1110.0,110.997,Furniture,Central,"Ikea Classic Bookcase, Metal"
1110.0,143.556,Technology,Central,"Cisco Smart Phone, Full Size"
1110.0,110.997,Furniture,Central,"Ikea Classic Bookcase, Metal"
1109.0,86.202,Furniture,Oceania,"Dania Classic Bookcase, Traditional"
1109.0,498.96,Technology,North Asia,"Samsung Speaker Phone, with Caller ID"
1108.0,47.6469,Furniture,Southeast Asia,"Safco 3-Shelf Cabinet, Pine"
1108.0,325.716,Technology,Central,"Cisco Smart Phone, Cordless"
1107.0,249.1,Furniture,North,"Bush Classic Bookcase, Mobile"
1107.0,121.7601,Furniture,Central,"Global High-Back Leather Tilter, Burgundy"
1107.0,-263.088,Furniture,South,"SAFCO Executive Leather Armchair, Red"
1107.0,420.72,Furniture,South,"Bush Classic Bookcase, Mobile"
1106.0,208.89,Technology,Africa,"Okidata Receipt Printer, Wireless"
1106.0,187.92,Furniture,Central Asia,"Dania Stackable Bookrack, Pine"
1106.0,130.596,Furniture,Southeast Asia,"Sauder Corner Shelving, Pine"
1106.0,-41.52,Furniture,North,"Barricks Wood Table, Fully Assembled"
1106.0,530.72,Office Supplies,Caribbean,"Fellowes Lockers, Blue"
1105.0,27.52,Furniture,North,"Ikea Classic Bookcase, Mobile"
1104.0,208.608,Office Supplies,Central,"Hoover Microwave, White"
1104.0,-690.3,Furniture,EMEA,"Novimex Executive Leather Armchair, Red"
1104.0,496.7865,Office Supplies,Central,Ibico Ibimaster 300 Manual Binding System
1103.0,529.44,Technology,Central,"Samsung Signal Booster, Full Size"
1103.0,-275.634,Furniture,South,"Hon Executive Leather Armchair, Red"
1103.0,55.14,Furniture,Oceania,"Hon Conference Table, Rectangular"
1102.0,198.32,Furniture,Central,"Dania Classic Bookcase, Mobile"
1102.0,139.6476,Technology,Southeast Asia,"Hewlett Personal Copier, Color"
1101.0,473.22,Furniture,Central Asia,"Bush Library with Doors, Mobile"
1101.0,352.08,Furniture,Central,"Bush Library with Doors, Mobile"
1101.0,316.368,Furniture,North,"Hon Round Table, with Bottom Storage"
1101.0,429.5772,Office Supplies,West,Honeywell Enviracaire Portable HEPA Air Cleaner for 16' x 20' Room
1101.0,319.14,Technology,Central,"Konica Receipt Printer, Durable"
1100.0,82.497,Technology,Central,Mitel MiVoice 5330e IP Phone
1100.0,362.835,Technology,West,Plantronics Audio 995 Wireless Stereo Headset
1100.0,164.88,Technology,North,"Cisco Audio Dock, Full Size"
1100.0,175.86,Technology,North Asia,"Cisco Audio Dock, Full Size"
1100.0,285.9896,Technology,Central,Mitel MiVoice 5330e IP Phone
1099.0,233.46,Furniture,North,"Dania Classic Bookcase, Pine"
1098.0,123.4737,Technology,Central,GE 30524EE4
1097.0,252.24,Furniture,North Asia,"SAFCO Rocking Chair, Set of Two"
1096.0,65.7,Furniture,Central Asia,"Harbour Creations Swivel Stool, Adjustable"
1096.0,-657.804,Technology,South,"Epson Printer, White"
1096.0,-421.5975,Furniture,Central,"Bevis Training Table, Adjustable Height"
1095.0,270.6849,Furniture,Southeast Asia,"Safco Library with Doors, Mobile"
1094.0,317.16,Furniture,EMEA,"Harbour Creations Swivel Stool, Set of Two"
1094.0,328.23,Furniture,Central Asia,"Ikea Library with Doors, Pine"
1094.0,328.23,Furniture,Central Asia,"Ikea Library with Doors, Pine"
1094.0,317.16,Furniture,Africa,"Harbour Creations Swivel Stool, Set of Two"
1094.0,123.02,Furniture,North,"Dania Classic Bookcase, Metal"
1094.0,328.23,Furniture,North Asia,"Ikea Library with Doors, Pine"
1093.0,98.16,Technology,EMEA,"Apple Signal Booster, with Caller ID"
1093.0,-20.6688,Furniture,Southeast Asia,"Bevis Round Table, Rectangular"
1093.0,305.76,Technology,Central,"Nokia Signal Booster, VoIP"
1093.0,393.39,Furniture,North Asia,"Bush Library with Doors, Traditional"
1093.0,-328.032,Furniture,Central,"Novimex Executive Leather Armchair, Adjustable"
1092.0,272.9825,Technology,East,Motorola L703CM
1091.0,196.38,Furniture,Central Asia,"Dania Library with Doors, Pine"
1091.0,196.38,Furniture,North Asia,"Dania Library with Doors, Pine"
1091.0,46.9206,Furniture,Southeast Asia,"Safco Library with Doors, Pine"
1091.0,87.3,Furniture,Central Asia,"Bush Library with Doors, Metal"
1091.0,228.96,Office Supplies,Africa,"Fellowes File Cart, Wire Frame"
1091.0,68.198,Technology,West,Cisco Unified IP Phone 7945G VoIP phone
1091.0,119.97,Furniture,South,"Dania Library with Doors, Pine"
1091.0,-290.8752,Furniture,East,"Bevis Round Bullnose 29"" High Table Top"
1091.0,68.198,Technology,West,Cisco Unified IP Phone 7945G VoIP phone
1091.0,-527.548,Furniture,Caribbean,"Safco Library with Doors, Traditional"
1091.0,228.96,Office Supplies,Africa,"Fellowes File Cart, Wire Frame"
1090.0,305.13,Office Supplies,Central,Hoover WindTunnel Plus Canister Vacuum
1090.0,305.13,Office Supplies,West,Hoover WindTunnel Plus Canister Vacuum
1089.0,-1850.9464,Office Supplies,Central,GBC DocuBind P400 Electric Binding System
1089.0,315.7404,Office Supplies,East,Adjustable Depth Letter/Legal Cart
1088.0,353.5792,Office Supplies,East,Fellowes PB200 Plastic Comb Binding Machine
1088.0,333.585,Furniture,Southeast Asia,"Hon Swivel Stool, Black"
1087.0,119.52,Furniture,South,"Dania Library with Doors, Traditional"
1086.0,369.09,Technology,North Asia,"Konica Receipt Printer, White"
1086.0,-155.097,Furniture,North Asia,"Barricks Wood Table, with Bottom Storage"
1086.0,379.89,Furniture,South,"Dania Library with Doors, Metal"
1086.0,-12.084,Office Supplies,Central,"Breville Microwave, Red"
1086.0,268.287,Technology,Central,"Nokia Smart Phone, with Caller ID"
1086.0,32.58,Office Supplies,Central,"Hamilton Beach Stove, Silver"
1086.0,-369.42,Office Supplies,Central Asia,"Hamilton Beach Stove, Silver"
1086.0,412.74,Office Supplies,EMEA,"Hamilton Beach Stove, Silver"
1085.0,282.2092,Office Supplies,West,"Dual Level, Single-Width Filing Carts"
1085.0,10.8,Technology,Central,"HP Wireless Fax, Color"
1085.0,282.2092,Office Supplies,East,"Dual Level, Single-Width Filing Carts"
1085.0,488.1,Office Supplies,Canada,"Hamilton Beach Stove, Red"
1085.0,282.2092,Office Supplies,East,"Dual Level, Single-Width Filing Carts"
1084.0,165.75,Technology,Central,"Apple Smart Phone, Full Size"
1084.0,400.86,Office Supplies,Canada,"Hamilton Beach Stove, Black"
1082.0,-72.303,Furniture,Oceania,"Ikea Floating Shelf Set, Pine"
1082.0,10.8248,Office Supplies,East,"Tennsco Stur-D-Stor Boltless Shelving, 5 Shelves, 24"" Deep, Sand"
1082.0,89.07,Technology,Central,"Apple Smart Phone, Cordless"
1081.0,43.2,Furniture,Oceania,"Lesro Training Table, Fully Assembled"
1081.0,64.8,Technology,Central,"HP Wireless Fax, Laser"
1081.0,101.742,Technology,Central,"Canon Fax Machine, Digital"
1081.0,302.49,Technology,North Asia,"HP Wireless Fax, Laser"
1081.0,356.142,Technology,Central,"Nokia Smart Phone, Full Size"
1080.0,-94.5084,Office Supplies,East,Tennsco Double-Tier Lockers
1080.0,35.868,Furniture,Central,"Safco 3-Shelf Cabinet, Mobile"
1080.0,323.955,Technology,East,Wilson SignalBoost 841262 DB PRO Amplifier Kit
1080.0,125.9972,Technology,East,Canon PC940 Copier
1080.0,275.904,Technology,Oceania,"HP Fax Machine, Laser"
1079.0,-15.4188,Furniture,East,Global Commerce Series Low-Back Swivel/Tilt Chairs
1078.0,452.76,Office Supplies,Caribbean,"Cuisinart Stove, Silver"
1078.0,323.4,Office Supplies,South,"Cuisinart Stove, Silver"
1078.0,366.54,Office Supplies,Southeast Asia,"Cuisinart Stove, Silver"
1078.0,323.4,Office Supplies,Africa,"Cuisinart Stove, Silver"
1078.0,-103.9545,Technology,Southeast Asia,"Epson Printer, Red"
1077.0,-61.134,Office Supplies,Southeast Asia,"Tenex Lockers, Wire Frame"
1077.0,484.44,Office Supplies,Africa,"Cuisinart Stove, Red"
1076.0,-38.034,Technology,Central,"Canon Fax Machine, High-Speed"
1076.0,-38.034,Technology,Central,"Canon Fax Machine, High-Speed"
1076.0,23.904,Furniture,Central,"Safco Floating Shelf Set, Mobile"
1076.0,227.097,Furniture,Central,"Hon Rocking Chair, Set of Two"
1075.0,290.34,Office Supplies,Oceania,"Cuisinart Stove, Black"
1075.0,94.0702,Technology,West,Pyle PMP37LED
1075.0,516.06,Technology,Central,"HP Wireless Fax, High-Speed"
1075.0,344.07,Technology,Central Asia,"HP Wireless Fax, High-Speed"
1075.0,182.82,Office Supplies,Central,"Cuisinart Stove, Black"
1075.0,290.0,Furniture,Central,"Hon Swivel Stool, Black"
1074.0,214.74,Office Supplies,South,"Smead Lockers, Industrial"
1073.0,182.34,Office Supplies,South,"Cuisinart Stove, White"
1073.0,201.184,Furniture,Central,"Barricks Round Table, Fully Assembled"
1072.0,310.8,Technology,Central,"Konica Printer, Durable"
1072.0,-553.6476,Furniture,East,Balt Solid Wood Round Tables
1072.0,310.8,Technology,EMEA,"Konica Printer, Durable"
1072.0,107.1,Technology,Central Asia,"Cisco Signal Booster, Full Size"
1072.0,353.7,Technology,Central,"Sharp Wireless Fax, Color"
1071.0,-14.355,Furniture,Southeast Asia,"Harbour Creations Executive Leather Armchair, Red"
1071.0,171.36,Technology,East,WD My Passport Ultra 2TB Portable External Hard Drive
1071.0,83.268,Office Supplies,North,"Smead Lockers, Blue"
1071.0,285.621,Technology,North,"Epson Card Printer, Durable"
1071.0,71.421,Technology,Oceania,"Epson Card Printer, Durable"
1070.0,321.0,Furniture,EMEA,"Bevis Wood Table, Fully Assembled"
1069.0,-0.126,Office Supplies,Central,"Eldon Lockers, Blue"
1069.0,71.088,Furniture,Central,"Safco Stackable Bookrack, Traditional"
1069.0,391.944,Technology,Oceania,"Samsung Audio Dock, Cordless"
1068.0,91.7172,Technology,Southeast Asia,"Canon Fax and Copier, Laser"
1068.0,224.2674,Furniture,South,Hon 4700 Series Mobuis Mid-Back Task Chairs with Adjustable Arms
1067.0,394.65,Technology,Central Asia,"Sharp Wireless Fax, Digital"
1066.0,223.92,Technology,North,"Panasonic Printer, Durable"
1066.0,266.4,Technology,EMEA,"Panasonic Printer, Wireless"
1066.0,-11.934,Office Supplies,Central,"Smead Lockers, Wire Frame"
1066.0,468.96,Technology,North Asia,"Panasonic Printer, Wireless"
1065.0,319.44,Technology,Africa,"Konica Printer, White"
1064.0,-2.1322,Technology,Central,"Canon Fax Machine, Color"
1064.0,-2.1322,Technology,South,"Canon Fax Machine, Color"
1064.0,531.0672,Technology,Central,"Hewlett Fax Machine, Laser"
1064.0,224.532,Furniture,Central,"Safco 3-Shelf Cabinet, Traditional"
1063.0,361.41,Technology,North Asia,"Cisco Signal Booster, VoIP"
1063.0,265.65,Technology,Central,"Cisco Signal Booster, with Caller ID"
1063.0,-175.026,Technology,Central,"Okidata Inkjet, Durable"
1063.0,63.63,Technology,Central,"Cisco Signal Booster, VoIP"
1062.0,180.6,Furniture,North,"Bevis Wood Table, Rectangular"
1061.0,53.04,Technology,EMEA,"Motorola Speaker Phone, Cordless"
1061.0,254.56,Office Supplies,North,"Smead Lockers, Industrial"
1061.0,-35.52,Furniture,Central,"Sauder Corner Shelving, Traditional"
1061.0,254.56,Office Supplies,North,"Smead Lockers, Industrial"
1060.0,360.48,Technology,Central,"Hewlett Copy Machine, Color"
1059.0,235.377,Furniture,Oceania,"Safco Library with Doors, Mobile"
1059.0,307.1448,Furniture,South,Hon Olson Stacker Chairs
1059.0,105.84,Furniture,Central,"Office Star Swivel Stool, Adjustable"
1058.0,-2.1208,Technology,North,"Hewlett Fax Machine, High-Speed"
1058.0,73.95,Office Supplies,North,"Rogers Lockers, Blue"
1058.0,340.872,Furniture,Oceania,"SAFCO Swivel Stool, Red"
1058.0,-2.1208,Technology,Central,"Hewlett Fax Machine, High-Speed"
1058.0,73.95,Office Supplies,North,"Rogers Lockers, Blue"
1058.0,-76.53,Technology,Southeast Asia,"Apple Smart Phone, Full Size"
1058.0,338.46,Furniture,Central Asia,"Hon Wood Table, Rectangular"
1058.0,158.64,Furniture,Africa,"Hon Wood Table, Rectangular"
1058.0,103.8798,Technology,South,"Canon Fax Machine, Digital"
1058.0,-24.99,Technology,Central,"Okidata Inkjet, White"
1057.0,158.529,Furniture,South,"Iceberg OfficeWorks 42"" Round Tables"
1057.0,0.0,Furniture,North Asia,"Office Star Swivel Stool, Set of Two"
1057.0,274.86,Technology,EMEA,"Motorola Audio Dock, Cordless"
1057.0,454.62,Office Supplies,North Asia,"KitchenAid Refrigerator, Silver"
1057.0,306.4894,Furniture,South,"Global Manager's Adjustable Task Chair, Storm"
1057.0,412.32,Office Supplies,Central,"KitchenAid Refrigerator, Silver"
1057.0,285.48,Office Supplies,Central,"KitchenAid Refrigerator, Silver"
1056.0,-127.2714,Technology,Southeast Asia,"Apple Smart Phone, Full Size"
1055.0,-34.083,Technology,Southeast Asia,"Canon Wireless Fax, Digital"
1055.0,379.68,Office Supplies,Africa,"KitchenAid Refrigerator, Black"
1055.0,263.64,Technology,Central,"Hewlett Copy Machine, High-Speed"
1054.0,-316.28,Office Supplies,South,"Hoover Refrigerator, Silver"
1054.0,441.2884,Technology,Central,"Brother Fax Machine, High-Speed"
1054.0,441.2884,Technology,North,"Brother Fax Machine, High-Speed"
1054.0,441.2884,Technology,Caribbean,"Brother Fax Machine, High-Speed"
1054.0,337.26,Office Supplies,EMEA,"Hoover Refrigerator, Silver"
1054.0,337.26,Office Supplies,North,"Hoover Refrigerator, Silver"
1054.0,337.26,Office Supplies,South,"Hoover Refrigerator, Silver"
1054.0,-152.4924,Office Supplies,Southeast Asia,"Rogers Lockers, Blue"
1053.0,58.455,Furniture,Central,"Sauder Library with Doors, Mobile"
1053.0,-105.3164,Furniture,East,Bretford Rectangular Conference Table Tops
1053.0,145.5894,Technology,North,"Canon Fax Machine, High-Speed"
1052.0,526.08,Office Supplies,Africa,"KitchenAid Refrigerator, White"
1052.0,-81.927,Furniture,Central,"Safco Library with Doors, Traditional"
1052.0,105.21,Furniture,North Asia,"Safco Stackable Bookrack, Pine"
1052.0,0.0,Office Supplies,South,"KitchenAid Refrigerator, White"
1052.0,-111.456,Technology,Central,"Cisco Signal Booster, Cordless"
1052.0,308.4975,Furniture,Southeast Asia,"Office Star Executive Leather Armchair, Black"
1051.0,315.072,Furniture,Central,"Sauder Floating Shelf Set, Traditional"
1051.0,399.36,Technology,Africa,"Epson Printer, Durable"
1051.0,94.62,Office Supplies,South,"Hoover Refrigerator, Black"
1050.0,94.44,Technology,Central Asia,"Epson Printer, Wireless"
1050.0,-23.364,Furniture,Central,"Sauder Library with Doors, Pine"
1050.0,-209.994,Technology,East,Samsung Galaxy S III - 16GB - pebble blue (T-Mobile)
1050.0,293.9804,Technology,South,Motorola Droid Maxx
1050.0,-314.904,Furniture,Oceania,"Sauder Classic Bookcase, Pine"
1049.0,262.08,Technology,North Asia,"Canon Copy Machine, Laser"
1049.0,440.7648,Technology,West,Imation Bio 2GB USBÂ Flash Drive ImationÂ Corp
1049.0,209.76,Office Supplies,Africa,"Hoover Refrigerator, White"
1049.0,157.32,Office Supplies,North,"Hoover Refrigerator, White"
1049.0,272.792,Furniture,West,Luxo Professional Fluorescent Magnifier Lamp with Clamp-Mount Base
1049.0,272.792,Furniture,East,Luxo Professional Fluorescent Magnifier Lamp with Clamp-Mount Base
1049.0,-1195.2387,Furniture,Southeast Asia,"Lesro Training Table, Adjustable Height"
1048.0,-49.332,Technology,Central,"Epson Inkjet, Wireless"
1048.0,-49.332,Technology,Central,"Epson Inkjet, Wireless"
1048.0,-69.89,Furniture,East,"SAFCO PlanMaster Heigh-Adjustable Drafting Table Base, 43w x 30d x 30-37h, Black"
1048.0,-284.526,Furniture,North Asia,"Lesro Coffee Table, Rectangular"
1047.0,523.68,Technology,Central,"Hewlett Copy Machine, Color"
1046.0,-52.344,Furniture,Oceania,"Sauder Classic Bookcase, Traditional"
1046.0,-976.5,Furniture,Southeast Asia,"Lesro Wood Table, Rectangular"
1046.0,-111.6,Furniture,Southeast Asia,"Office Star Executive Leather Armchair, Adjustable"
1045.0,-295.9785,Furniture,East,Bretford CR4500 Series Slim Rectangular Table
1045.0,355.32,Technology,EMEA,"Okidata Card Printer, White"
1045.0,240.2649,Furniture,West,Bretford CR4500 Series Slim Rectangular Table
1044.0,-650.2734,Furniture,Southeast Asia,"Chromcraft Training Table, Rectangular"
1044.0,-295.5096,Technology,Southeast Asia,"Memorex Router, Bluetooth"
1044.0,271.4192,Furniture,East,"Atlantic Metals Mobile 3-Shelf Bookcases, Custom Colors"
1041.0,281.016,Office Supplies,East,"1.7 Cubic Foot Compact ""Cube"" Office Refrigerators"
1041.0,208.11,Furniture,South,"Sauder Corner Shelving, Pine"
1040.0,103.9992,Technology,West,"3D Systems Cube Printer, 2nd Generation, White"
1040.0,405.54,Technology,Africa,"Motorola Audio Dock, with Caller ID"
1040.0,90.9762,Technology,West,Apple iPhone 5
1039.0,279.07728,Technology,Central,"Canon Copy Machine, High-Speed"
1039.0,301.32,Technology,Central Asia,"Enermax Router, Programmable"
1039.0,51.942,Furniture,West,"Bevis Round Bullnose 29"" High Table Top"
1039.0,93.48,Technology,Central Asia,"Epson Printer, Red"
1038.0,298.5096,Furniture,Southeast Asia,"Harbour Creations Swivel Stool, Black"
1038.0,149.769,Furniture,Oceania,"Hon Rocking Chair, Black"
1038.0,456.48,Office Supplies,Africa,"Breville Refrigerator, Black"
1038.0,-311.598,Furniture,North Asia,"Bevis Computer Table, Fully Assembled"
1037.0,51.8312,Office Supplies,South,Tennsco 16-Compartment Lockers with Coat Rack
1037.0,20.7,Office Supplies,North Asia,"Fellowes Lockers, Single Width"
1037.0,373.38,Furniture,North,"Sauder Stackable Bookrack, Pine"
1037.0,51.8312,Office Supplies,Central,Tennsco 16-Compartment Lockers with Coat Rack
1036.0,269.308,Technology,East,Star Micronics TSP100 TSP143LAN Receipt Printer
1036.0,22.869,Office Supplies,Central,"Eldon File Cart, Industrial"
1036.0,455.76,Technology,Southeast Asia,"Belkin Router, USB"
1036.0,320.94,Furniture,North,"Bush Floating Shelf Set, Pine"
1036.0,455.76,Technology,North Asia,"Belkin Router, USB"
1036.0,352.08,Technology,South,"Belkin Router, USB"
1035.0,41.4,Technology,Africa,"Belkin Router, Bluetooth"
1035.0,-86.436,Technology,Oceania,"Memorex Router, USB"
1035.0,455.2,Furniture,South,"Sauder Floating Shelf Set, Metal"
1035.0,-62.3862,Office Supplies,Southeast Asia,"Fellowes Lockers, Industrial"
1035.0,248.34,Office Supplies,Caribbean,"Breville Refrigerator, White"
1035.0,352.0,Technology,South,"Konica Inkjet, White"
1034.0,361.92,Technology,North,"Enermax Router, USB"
1034.0,227.5,Office Supplies,North,"KitchenAid Microwave, Red"
1033.0,340.7,Office Supplies,North,"KitchenAid Microwave, Black"
1033.0,-165.24,Furniture,Southeast Asia,"SAFCO Executive Leather Armchair, Black"
1033.0,175.56,Technology,Central,"Enermax Router, Bluetooth"
1032.0,20.58,Furniture,EMEA,"Hon Round Table, with Bottom Storage"
1032.0,123.84,Furniture,North,"Novimex Rocking Chair, Black"
1032.0,298.08,Furniture,Central,"Office Star Rocking Chair, Adjustable"
1031.0,133.98,Technology,North Asia,"Brother Ink, Laser"
1031.0,72.0,Office Supplies,Africa,"Smead File Cart, Single Width"
1031.0,185.64,Technology,Southeast Asia,"SanDisk Router, Programmable"
1031.0,164.97,Technology,Central Asia,"Enermax Memory Card, USB"
1031.0,-317.385,Furniture,Central,"Hon Wood Table, Rectangular"
1031.0,72.0,Office Supplies,EMEA,"Smead File Cart, Single Width"
1030.0,205.92,Technology,Central,"HP Ink, Laser"
1030.0,298.6855,Technology,East,AT&T CL83451 4-Handset Telephone
1029.0,-220.419,Furniture,North Asia,"Hon Computer Table, Adjustable Height"
1029.0,-247.125,Furniture,North,"Ikea Classic Bookcase, Traditional"
1029.0,10.8189,Furniture,Southeast Asia,"Bush Stackable Bookrack, Traditional"
1029.0,-221.6325,Technology,Southeast Asia,"Canon Fax Machine, High-Speed"
1028.0,274.08,Furniture,Oceania,"Dania 3-Shelf Cabinet, Pine"
1028.0,20.37,Technology,North Asia,"Hewlett Ink, High-Speed"
1028.0,182.688,Technology,Oceania,"Canon Personal Copier, Laser"
1028.0,296.82,Office Supplies,Central,"KitchenAid Stove, Silver"
1027.0,-719.208,Furniture,Central,"Bush Library with Doors, Mobile"
1027.0,441.36,Office Supplies,Central,"Eldon File Cart, Single Width"
1027.0,400.32,Technology,Africa,"HP Fax and Copier, High-Speed"
1027.0,131.70208,Technology,North,"Brother Fax and Copier, Color"
1027.0,287.52,Office Supplies,Central Asia,"Smead File Cart, Industrial"
1026.0,430.92,Technology,Central,"SanDisk Router, USB"
1026.0,482.28,Technology,South,"Belkin Router, Erganomic"
1026.0,235.9524,Furniture,East,Sauder Inglewood Library Bookcases
1026.0,0.0,Technology,North,"Belkin Router, Erganomic"
1026.0,389.52,Furniture,EMEA,"Hon Rocking Chair, Black"
1026.0,174.36,Technology,North Asia,"Belkin Router, Erganomic"
1025.0,-29.2776,Furniture,Central,Hon Deluxe Fabric Upholstered Stacking Chairs
1025.0,399.84,Technology,South,"SanDisk Router, Bluetooth"
1025.0,-286.92,Technology,North Asia,"StarTech Printer, Wireless"
1025.0,399.84,Technology,Africa,"SanDisk Router, Bluetooth"
1024.0,215.1198,Furniture,Central,Bevis Round Conference Table Top & Single Column Base
1024.0,179.1888,Technology,West,NETGEAR AC1750 Dual Band GigabitÂ Smart WiFi Router
1024.0,92.16,Furniture,South,"Bush Floating Shelf Set, Metal"
1023.0,320.4504,Technology,Southeast Asia,"Epson Inkjet, Wireless"
1023.0,327.14,Technology,North,"Samsung Signal Booster, Cordless"
1023.0,122.64,Office Supplies,North,"Eldon File Cart, Industrial"
1023.0,-255.7425,Technology,East,Cisco Unified IP Phone 7945G VoIP phone
1023.0,332.288,Furniture,North,"Barricks Computer Table, Fully Assembled"
1023.0,184.08,Office Supplies,Central,"Eldon File Cart, Single Width"
1023.0,-30.098,Furniture,Central,"Atlantic Metals Mobile 5-Shelf Bookcases, Custom Colors"
1023.0,184.08,Office Supplies,Africa,"Eldon File Cart, Single Width"
1022.0,-22.74,Office Supplies,Central,"Hoover Stove, Black"
1022.0,-0.064,Technology,Central,"Nokia Smart Phone, with Caller ID"
1022.0,40.86,Furniture,Central Asia,"Ikea Floating Shelf Set, Traditional"
1022.0,61.2,Furniture,South,"Ikea Floating Shelf Set, Traditional"
1021.0,387.9,Furniture,EMEA,"SAFCO Swivel Stool, Set of Two"
1021.0,-48.108,Technology,Central,"StarTech Inkjet, Durable"
1021.0,112.32,Furniture,North Asia,"SAFCO Swivel Stool, Set of Two"
1021.0,387.9,Furniture,EMEA,"SAFCO Swivel Stool, Set of Two"
1021.0,112.32,Furniture,North Asia,"SAFCO Swivel Stool, Set of Two"
1020.0,264.87,Furniture,South,"Eldon Frame, Durable"
1020.0,-408.016,Technology,South,"Samsung Smart Phone, Full Size"
1020.0,79.2,Office Supplies,Central,"Rogers File Cart, Industrial"
1020.0,142.74,Technology,Africa,"Epson Card Printer, Wireless"
1018.0,183.24,Technology,Africa,"StarTech Printer, White"
1018.0,-373.3048,Furniture,East,Bush Advantage Collection Racetrack Conference Table
1018.0,-814.464,Technology,EMEA,"Apple Smart Phone, Full Size"
1018.0,-22.698,Technology,Oceania,"Canon Wireless Fax, High-Speed"
1018.0,214.857,Technology,Oceania,"Brother Wireless Fax, High-Speed"
1017.0,381.297,Office Supplies,West,Fellowes PB500 Electric Punch Plastic Comb Binding Machine with Manual Bind
1017.0,406.56,Technology,Central,"SanDisk Router, Erganomic"
1017.0,406.56,Technology,Africa,"SanDisk Router, Erganomic"
1016.0,101.52,Furniture,North,"Harbour Creations Executive Leather Armchair, Adjustable"
1016.0,314.85,Office Supplies,North,"Tenex Lockers, Wire Frame"
1016.0,-24.03,Technology,Central,"Sharp Copy Machine, Laser"
1016.0,-278.3952,Furniture,Southeast Asia,"SAFCO Executive Leather Armchair, Adjustable"
1015.0,329.888,Furniture,North,"Harbour Creations Executive Leather Armchair, Red"
1015.0,141.96,Furniture,Southeast Asia,"Ikea 3-Shelf Cabinet, Mobile"
1015.0,-499.599,Furniture,Central,"Bevis Round Table, Adjustable Height"
1014.0,101.3832,Furniture,South,Hon Olson Stacker Stools
1013.0,76.0116,Furniture,West,Global Ergonomic Managers Chair
1013.0,303.804,Technology,South,Plantronics Savi W720 Multi-Device Wireless Headset System
1013.0,171.99,Furniture,Central Asia,"Harbour Creations Rocking Chair, Black"
1012.0,126.336,Furniture,North,"Lesro Training Table, Adjustable Height"
1012.0,58.772,Technology,South,"Brother Wireless Fax, Color"
1012.0,404.628,Technology,Central,"Sharp Fax and Copier, Color"
1012.0,20.1,Technology,EMEA,"Logitech Memory Card, Erganomic"
1011.0,161.7,Technology,North,"Motorola Signal Booster, Full Size"
1010.0,-44.94,Office Supplies,Central,"Hamilton Beach Microwave, White"
1010.0,60.48,Technology,South,"Epson Card Printer, White"
1009.0,343.08,Technology,EMEA,"Sharp Fax and Copier, Digital"
1008.0,68.61968,Technology,North,"Brother Wireless Fax, Laser"
1008.0,260.46048,Technology,South,"Canon Wireless Fax, Laser"
1008.0,433.44,Technology,Africa,"Nokia Speaker Phone, Cordless"
1008.0,28.773,Furniture,North Asia,"Barricks Computer Table, with Bottom Storage"
1008.0,75.5958,Technology,West,Polycom VVX 310 VoIP phone
1008.0,43.1991,Technology,Central,"Canon Color ImageCLASS MF8580Cdw Wireless Laser All-In-One Printer, Copier, Scanner"
1007.0,134.304,Office Supplies,Central,"Breville Stove, White"
1007.0,75.5424,Furniture,East,Luxo Professional Fluorescent Magnifier Lamp with Clamp-Mount Base
1007.0,-110.4003,Furniture,Southeast Asia,"Hon Executive Leather Armchair, Adjustable"
1006.0,88.0299,Office Supplies,East,Smead Adjustable Mobile File Trolley with Lockable Top
1006.0,-165.4659,Furniture,Southeast Asia,"Hon Executive Leather Armchair, Red"
1005.0,-175.8708,Furniture,West,Hon 2111 Invitation Series Corner Table
1005.0,83.736,Office Supplies,Oceania,"Cuisinart Microwave, Silver"
1004.0,0.0,Office Supplies,West,Office Impressions Heavy Duty Welded Shelving & Multimedia Storage Drawers
1004.0,-112.9527,Furniture,West,"Bevis Round Conference Table Top, X-Base"
1004.0,-96.8328,Office Supplies,Southeast Asia,"Breville Microwave, Silver"
1004.0,-177.174,Technology,Central,"Sharp Fax Machine, Digital"
1003.0,30.06,Furniture,EMEA,"Barricks Round Table, with Bottom Storage"
1003.0,451.2,Furniture,North Asia,"Bush Corner Shelving, Pine"
1003.0,451.08,Technology,North,"Epson Card Printer, Red"
1003.0,-329.8095,Furniture,Southeast Asia,"Novimex Executive Leather Armchair, Black"
1003.0,168.79008,Technology,South,"Canon Wireless Fax, High-Speed"
1003.0,354.06,Technology,Central,"Sharp Fax and Copier, Laser"
1003.0,168.79008,Technology,Caribbean,"Canon Wireless Fax, High-Speed"
1003.0,-942.9,Furniture,South,"Barricks Round Table, with Bottom Storage"
1003.0,178.94928,Technology,North,"Brother Wireless Fax, High-Speed"
1002.0,50.06,Office Supplies,South,"Hamilton Beach Refrigerator, Silver"
1002.0,125.198,Technology,Central,Samsung Galaxy S4
1002.0,125.198,Technology,West,Samsung Galaxy S4
1002.0,80.1,Furniture,EMEA,"Novimex Swivel Stool, Adjustable"
1002.0,250.38,Furniture,North Asia,"Novimex Swivel Stool, Adjustable"
1002.0,110.16,Office Supplies,Africa,"Hamilton Beach Refrigerator, Silver"
1002.0,230.4,Technology,North Asia,"Apple Audio Dock, VoIP"
1002.0,250.38,Furniture,North Asia,"Novimex Swivel Stool, Adjustable"
1001.0,26.6625,Technology,Southeast Asia,"Okidata Printer, White"
1001.0,-233.2134,Furniture,Southeast Asia,"Hon Executive Leather Armchair, Black"
1001.0,9.9,Technology,North,"Nokia Audio Dock, VoIP"
1001.0,280.26,Technology,Central,"Nokia Audio Dock, VoIP"
1001.0,-233.2134,Furniture,Southeast Asia,"Hon Executive Leather Armchair, Black"
1001.0,280.26,Technology,EMEA,"Nokia Audio Dock, VoIP"
1000.0,449.991,Technology,Central,Hewlett Packard 610 Color Digital Copier / Printer
1000.0,449.991,Technology,West,Hewlett Packard 610 Color Digital Copier / Printer
1000.0,290.0058,Office Supplies,West,Letter Size Cart
1000.0,290.0058,Office Supplies,West,Letter Size Cart
1000.0,200.04,Office Supplies,South,"Hamilton Beach Refrigerator, Red"
1000.0,268.8039,Technology,Southeast Asia,"HP Wireless Fax, High-Speed"
1000.0,90.0,Office Supplies,Africa,"Hamilton Beach Refrigerator, Red"
1000.0,229.9908,Technology,Central,Logitech diNovo Edge Keyboard
999.0,-199.77,Technology,Central,StarTech.com 10/100 VDSL2 Ethernet Extender Kit
999.0,179.82,Office Supplies,Central,"Hamilton Beach Refrigerator, Black"
999.0,29.9646,Office Supplies,West,"Carina Mini System Audio Rack, Model AR050B"
999.0,124.929,Office Supplies,Central,"Hot File 7-Pocket, Floor Stand"
999.0,70.41,Technology,Central,"Sharp Fax Machine, High-Speed"
998.0,327.9004,Technology,South,"HP Fax Machine, Laser"
998.0,419.13,Furniture,Central Asia,"Hon Training Table, with Bottom Storage"
997.0,9.87,Technology,North Asia,"Hewlett Personal Copier, High-Speed"
997.0,318.84,Office Supplies,Africa,"Hamilton Beach Refrigerator, White"
996.0,119.55,Furniture,North,"Safco Floating Shelf Set, Mobile"
996.0,219.0,Furniture,Central,"Harbour Creations Rocking Chair, Set of Two"
995.0,139.2,Office Supplies,Southeast Asia,"Smead Lockers, Industrial"
995.0,358.2,Technology,EMEA,"Logitech Router, Programmable"
994.0,-397.635,Furniture,North,"Chromcraft Training Table, with Bottom Storage"
994.0,-655.86,Office Supplies,North,"Cuisinart Refrigerator, Silver"
994.0,198.681,Technology,Central,"Apple Audio Dock, VoIP"
994.0,168.9,Office Supplies,Africa,"Cuisinart Refrigerator, Silver"
993.0,357.48,Furniture,Africa,"SAFCO Swivel Stool, Black"
993.0,-3.40592,Technology,South,"Sharp Wireless Fax, Laser"
993.0,-0.0945,Technology,Central,"Apple Audio Dock, with Caller ID"
992.0,-347.1174,Furniture,East,"Chromcraft Bull-Nose Wood 48"" x 96"" Rectangular Conference Tables"
992.0,176.8124,Technology,North,"HP Fax Machine, High-Speed"
992.0,248.04,Office Supplies,Africa,"Cuisinart Refrigerator, Red"
992.0,456.24,Furniture,North Asia,"Bush Corner Shelving, Traditional"
991.0,416.22,Office Supplies,EMEA,"Cuisinart Refrigerator, Black"
991.0,-878.7684,Furniture,Southeast Asia,"Lesro Wood Table, with Bottom Storage"
991.0,-297.48,Furniture,Central,"Ikea Classic Bookcase, Pine"
991.0,257.712,Office Supplies,East,Economy Rollaway Files
990.0,118.8,Technology,Central,"Logitech Router, USB"
990.0,475.23,Furniture,North,"Dania 3-Shelf Cabinet, Traditional"
990.0,395.988,Technology,West,LogitechÂ Z-906 Speaker sys - home theater - 5.1-CH
990.0,-173.358,Furniture,North Asia,"Bush Classic Bookcase, Traditional"
990.0,242.028,Furniture,Central,"Bush Library with Doors, Mobile"
990.0,435.51,Furniture,South,"Deflect-O Frame, Black"
990.0,178.05,Office Supplies,North Asia,"Eldon Lockers, Single Width"
990.0,148.5,Furniture,South,"Safco Floating Shelf Set, Pine"
990.0,356.4,Technology,North Asia,"Logitech Router, USB"
989.0,-435.24,Furniture,South,"Bevis Computer Table, Fully Assembled"
989.0,138.42,Furniture,Africa,"Hon Computer Table, with Bottom Storage"
989.0,88.98,Furniture,Central Asia,"Bevis Computer Table, Fully Assembled"
989.0,395.352,Office Supplies,Oceania,"Fellowes File Cart, Blue"
989.0,-435.24,Furniture,South,"Bevis Computer Table, Fully Assembled"
988.0,43.857,Furniture,Oceania,"Ikea Library with Doors, Mobile"
988.0,-1235.052,Furniture,EMEA,"Office Star Swivel Stool, Adjustable"
988.0,29.54,Office Supplies,Central,"Rogers Lockers, Blue"
988.0,126.7194,Technology,Central,"Sharp Fax Machine, Color"
988.0,276.48,Furniture,Central Asia,"Bush Stackable Bookrack, Mobile"
988.0,-708.5673,Furniture,Southeast Asia,"Lesro Training Table, Rectangular"
988.0,-54.963,Furniture,Central,"Ikea Library with Doors, Mobile"
988.0,59.22,Office Supplies,South,"Rogers Lockers, Single Width"
987.0,-115.176,Furniture,South,"Ikea Classic Bookcase, Metal"
987.0,-1011.636,Furniture,Central,"Ikea Classic Bookcase, Metal"
987.0,335.52,Technology,Central Asia,"Apple Speaker Phone, VoIP"
987.0,88.8,Office Supplies,North,"Smead Lockers, Wire Frame"
986.0,-419.076,Furniture,Central,"Dania Classic Bookcase, Traditional"
986.0,-408.618,Furniture,North Asia,"Lesro Wood Table, Adjustable Height"
986.0,78.84,Technology,Africa,"Memorex Router, USB"
986.0,78.84,Technology,South,"Memorex Router, USB"
986.0,108.36,Furniture,North Asia,"Office Star Rocking Chair, Red"
985.0,-936.032,Furniture,South,"Hon Conference Table, Adjustable Height"
985.0,24.608,Furniture,North,"Hon Conference Table, Adjustable Height"
985.0,78.72,Technology,Africa,"Nokia Speaker Phone, with Caller ID"
985.0,423.45,Office Supplies,Central Asia,"Eldon Lockers, Wire Frame"
985.0,142.254,Furniture,Central,"Dania Library with Doors, Mobile"
985.0,-225.24,Furniture,Oceania,"Chromcraft Training Table, Rectangular"
985.0,374.16,Technology,EMEA,"Memorex Router, Bluetooth"
985.0,78.72,Technology,Africa,"Nokia Speaker Phone, with Caller ID"
984.0,-11.16,Technology,South,"Apple Signal Booster, with Caller ID"
984.0,344.46,Furniture,Africa,"Bevis Computer Table, Adjustable Height"
984.0,9.84,Furniture,Caribbean,"Bevis Computer Table, Adjustable Height"
983.0,-12.288,Furniture,South,"Hon Conference Table, with Bottom Storage"
982.0,87.255,Furniture,Oceania,"Dania Library with Doors, Pine"
981.0,215.73,Technology,Southeast Asia,"StarTech Receipt Printer, White"
981.0,176.4,Technology,Central,"Logitech Router, Erganomic"
981.0,-176.67,Technology,Central Asia,"Cisco Smart Phone, with Caller ID"
981.0,-140.196,Furniture,Central,HON 5400 Series Task Chairs for Big and Tall
981.0,-117.81,Technology,North,"Cisco Smart Phone, with Caller ID"
981.0,210.15,Furniture,North Asia,"Chromcraft Round Table, with Bottom Storage"
980.0,110.28,Furniture,South,"Hon Conference Table, Rectangular"
980.0,284.1855,Technology,East,GE 30524EE4
980.0,264.5865,Technology,East,Plantronics Calisto P620-M USB Wireless Speakerphone System
980.0,283.005,Furniture,Central,"Ikea Library with Doors, Metal"
980.0,274.386,Technology,South,Panasonic KX-TG9471B
980.0,274.386,Technology,East,Panasonic KX-TG9471B
979.0,110.1195,Technology,South,Cisco IPÂ PhoneÂ 7961G VoIPÂ phoneÂ - Dark gray
978.0,10.8,Furniture,Central,"Dania Library with Doors, Traditional"
978.0,205.38,Technology,North Asia,"Cisco Speaker Phone, Full Size"
977.0,232.0,Furniture,North,"Novimex Executive Leather Armchair, Black"
977.0,247.0272,Technology,Southeast Asia,"Samsung Audio Dock, Full Size"
977.0,244.02,Technology,Central,"Apple Signal Booster, Cordless"
977.0,271.332,Furniture,Central,"Dania Library with Doors, Metal"
977.0,97.44,Furniture,North Asia,"Dania Corner Shelving, Traditional"
977.0,173.7408,Furniture,East,Global Ergonomic Managers Chair
977.0,271.332,Furniture,Central,"Dania Library with Doors, Metal"
976.0,292.8,Technology,Central,"Memorex Router, Erganomic"
976.0,292.8,Technology,Africa,"Memorex Router, Erganomic"
976.0,361.08,Technology,Central Asia,"Memorex Router, Erganomic"
976.0,292.8,Technology,Africa,"Memorex Router, Erganomic"
976.0,292.776,Furniture,South,"Hon Deluxe Fabric Upholstered Stacking Chairs, Rounded Back"
976.0,292.8,Technology,Central,"Memorex Router, Erganomic"
976.0,448.92,Technology,Central,"Memorex Router, Erganomic"
976.0,121.99,Furniture,West,"Hon Deluxe Fabric Upholstered Stacking Chairs, Rounded Back"
976.0,292.8,Technology,Africa,"Memorex Router, Erganomic"
975.0,119.166,Office Supplies,Oceania,"Hamilton Beach Stove, Black"
975.0,-219.48,Furniture,North,"Bush Library with Doors, Pine"
975.0,-97.4988,Furniture,Central,Bretford CR4500 Series Slim Rectangular Table
973.0,205.344,Office Supplies,Central,"Hamilton Beach Stove, White"
973.0,194.427,Technology,Oceania,"HP Wireless Fax, Laser"
973.0,486.6,Technology,Central,"HP Copy Machine, Laser"
973.0,9.72,Technology,North Asia,"HP Copy Machine, Laser"
973.0,194.427,Technology,Oceania,"HP Wireless Fax, Laser"
973.0,36.93048,Technology,South,"HP Copy Machine, High-Speed"
973.0,-486.465,Office Supplies,North Asia,"Cuisinart Microwave, Black"
973.0,32.424,Office Supplies,Oceania,"Hamilton Beach Stove, White"
973.0,106.92,Furniture,Central,"Advantus Frame, Durable"
973.0,58.32,Furniture,South,"Ikea Library with Doors, Pine"
973.0,-24.38,Furniture,North,"Dania Library with Doors, Mobile"
973.0,-75.672,Furniture,Oceania,"Harbour Creations Swivel Stool, Red"
973.0,36.93048,Technology,South,"HP Copy Machine, High-Speed"
972.0,408.24,Furniture,Central Asia,"Dania Corner Shelving, Metal"
972.0,72.768,Furniture,North,"Barricks Coffee Table, Adjustable Height"
972.0,252.59,Furniture,East,Electrix Halogen Magnifier Lamp
972.0,109.3365,Technology,Central,Polycom SoundStation2 EX ConferenceÂ phone
970.0,145.5,Furniture,Central Asia,"Sauder Floating Shelf Set, Metal"
970.0,215.592,Office Supplies,Central,"Cuisinart Stove, Silver"
970.0,-36.432,Furniture,North,"Hon Executive Leather Armchair, Adjustable"
969.0,348.81,Furniture,North Asia,"Office Star Rocking Chair, Black"
969.0,302.0628,Technology,Southeast Asia,"Brother Copy Machine, Color"
969.0,-75.546,Technology,Oceania,"Sharp Personal Copier, Digital"
969.0,348.81,Furniture,Central Asia,"Office Star Rocking Chair, Black"
969.0,38.64,Technology,North,"Cisco Speaker Phone, with Caller ID"
969.0,314.8418,Office Supplies,East,Ibico EB-19 Dual Function Manual Binding System
968.0,-205.608,Furniture,Central,"Barricks Conference Table, with Bottom Storage"
968.0,406.56,Furniture,EMEA,"Dania Stackable Bookrack, Traditional"
968.0,474.0,Technology,Oceania,"HP Copy Machine, Color"
968.0,-205.608,Furniture,North,"Barricks Conference Table, with Bottom Storage"
968.0,106.44,Furniture,Caribbean,"Chromcraft Wood Table, Fully Assembled"
968.0,445.26,Furniture,Africa,"Chromcraft Wood Table, Fully Assembled"
968.0,193.44,Technology,Africa,"HP Copy Machine, Color"
968.0,193.44,Technology,Africa,"HP Copy Machine, Color"
968.0,406.56,Furniture,South,"Dania Stackable Bookrack, Traditional"
968.0,474.0,Technology,North Asia,"HP Copy Machine, Color"
968.0,247.296,Office Supplies,Central,"Cuisinart Stove, Black"
967.0,270.72,Furniture,Canada,"Hon Swivel Stool, Black"
967.0,251.28,Technology,Africa,"Panasonic Receipt Printer, Wireless"
967.0,-13.81,Furniture,Central,SAFCO Arco Folding Chair
967.0,-435.168,Technology,Oceania,"Okidata Printer, Durable"
966.0,135.219,Office Supplies,Central,Fellowes Staxonsteel Drawer Files
966.0,376.53,Technology,Central Asia,"Apple Signal Booster, Full Size"
966.0,51.7944,Furniture,Southeast Asia,"Safco Stackable Bookrack, Traditional"
966.0,-96.7,Furniture,North,"Dania Library with Doors, Traditional"
966.0,115.92,Furniture,Caribbean,"Dania Library with Doors, Traditional"
965.0,-68.1525,Technology,Central,"Brother Wireless Fax, Digital"
965.0,-68.1525,Technology,Central,"Brother Wireless Fax, Digital"
965.0,463.26,Technology,Central,"Samsung Signal Booster, Full Size"
965.0,125.37,Office Supplies,Central,"Fellowes File Cart, Industrial"
965.0,-68.1525,Technology,Central,"Brother Wireless Fax, Digital"
964.0,337.41,Technology,North,"Hewlett Fax Machine, Color"
964.0,231.3,Technology,Central,"Canon Fax and Copier, Color"
964.0,231.3,Technology,Central,"Canon Fax and Copier, Color"
964.0,-887.04,Technology,North Asia,"Motorola Smart Phone, Cordless"
964.0,395.01,Furniture,Central,"Deflect-O Frame, Durable"
964.0,269.82,Technology,North Asia,"StarTech Card Printer, Red"
963.0,154.08,Technology,Central Asia,"Sharp Copy Machine, Color"
963.0,154.08,Technology,Central Asia,"Sharp Copy Machine, Color"
963.0,-385.1055,Furniture,Central,"Hon Computer Table, Fully Assembled"
963.0,108.3528,Furniture,West,"Global Leather and Oak Executive Chair, Black"
963.0,423.78,Office Supplies,Central,"Fellowes Lockers, Wire Frame"
962.0,163.38,Furniture,Central Asia,"SAFCO Rocking Chair, Adjustable"
962.0,335.5912,Technology,Central,"HP Wireless Fax, Color"
962.0,163.38,Furniture,Central Asia,"SAFCO Rocking Chair, Adjustable"
962.0,156.338,Office Supplies,South,Honeywell Enviracaire Portable HEPA Air Cleaner for 17' x 22' Room
961.0,278.56,Furniture,Central,"Harbour Creations Swivel Stool, Red"
961.0,17.27328,Technology,South,"Sharp Copy Machine, Color"
961.0,-204.3145,Office Supplies,South,Premier Automatic Letter Opener
961.0,278.56,Furniture,Caribbean,"Harbour Creations Swivel Stool, Red"
960.0,460.62,Technology,Central Asia,"Hewlett Fax Machine, Laser"
960.0,335.9944,Technology,West,Hewlett Packard LaserJet 3310 Copier
960.0,311.9948,Technology,South,Canon Image Class D660 Copier
960.0,119.996,Technology,South,Hewlett Packard 310 Color Digital Copier
960.0,460.62,Technology,North Asia,"Hewlett Fax Machine, Laser"
960.0,335.9944,Technology,Central,Hewlett Packard LaserJet 3310 Copier
960.0,57.6,Technology,EMEA,"Sharp Personal Copier, Laser"
959.0,11.984,Furniture,Central,"Lesro Round Table, Rectangular"
959.0,132.47888,Technology,Central,"HP Wireless Fax, Laser"
959.0,373.86,Technology,Central Asia,"Hewlett Fax Machine, Digital"
959.0,78.852,Technology,Central,"Brother Personal Copier, High-Speed"
958.0,-383.031,Furniture,South,Bretford CR4500 Series Slim Rectangular Table
958.0,0.0,Technology,North Asia,"Sharp Copy Machine, High-Speed"
957.0,201.864,Furniture,Central,"Hon Rocking Chair, Set of Two"
957.0,-225.0976,Furniture,Central,O'Sullivan Plantations 2-Door Library in Landvery Oak
957.0,315.72,Technology,Central,"Motorola Headset, with Caller ID"
957.0,191.31,Technology,North Asia,"Apple Signal Booster, VoIP"
957.0,-225.0976,Furniture,Central,O'Sullivan Plantations 2-Door Library in Landvery Oak
956.0,391.77,Technology,Central,"Brother Fax Machine, Laser"
956.0,468.48,Technology,North Asia,"Sharp Copy Machine, Laser"
956.0,-44.9925,Technology,Central,"StarTech Card Printer, Red"
956.0,162.54,Technology,Central Asia,"Nokia Signal Booster, VoIP"
956.0,229.2675,Technology,Southeast Asia,"Cisco Audio Dock, with Caller ID"
956.0,-153.015,Technology,Southeast Asia,"Nokia Smart Phone, Full Size"
956.0,124.2,Technology,South,"Sharp Copy Machine, Laser"
956.0,276.99,Technology,North,"Nokia Signal Booster, with Caller ID"
956.0,-95.7,Technology,North,"Okidata Printer, Red"
956.0,191.214,Technology,Oceania,"Sharp Wireless Fax, High-Speed"
955.0,95.49,Technology,Central,"Canon Fax Machine, Laser"
955.0,152.7,Furniture,EMEA,"Harbour Creations Steel Folding Chair, Black"
955.0,-413.76,Office Supplies,Oceania,"Smead Lockers, Industrial"
955.0,429.75,Technology,Central Asia,"Canon Fax Machine, Laser"
955.0,257.6,Technology,Central,"Memorex Memory Card, Bluetooth"
955.0,429.75,Technology,North Asia,"Canon Fax Machine, Laser"
955.0,305.37,Technology,Central,"Brother Fax Machine, Digital"
954.0,131.94,Furniture,Southeast Asia,"Sauder Corner Shelving, Metal"
954.0,38.145,Technology,Southeast Asia,"Nokia Smart Phone, Cordless"
954.0,219.42,Technology,South,"Canon Fax Machine, Digital"
954.0,296.85,Office Supplies,Central,"Rogers Lockers, Industrial"
954.0,45.84848,Technology,Central,"HP Wireless Fax, High-Speed"
954.0,95.4,Technology,North,"Hewlett Fax Machine, High-Speed"
954.0,-1557.99,Furniture,North,"Lesro Round Table, Adjustable Height"
954.0,343.53,Technology,North Asia,"Hewlett Fax Machine, High-Speed"
954.0,-81.81,Furniture,Oceania,"Lesro Round Table, Adjustable Height"
954.0,219.42,Technology,Central,"Canon Fax Machine, Digital"
953.0,-428.868,Furniture,Oceania,"Office Star Swivel Stool, Adjustable"
953.0,104.72,Office Supplies,Central,"Tenex Lockers, Blue"
952.0,371.16,Furniture,EMEA,"Harbour Creations Executive Leather Armchair, Red"
952.0,66.3,Technology,Central Asia,"Samsung Headset, with Caller ID"
952.0,-31.86,Office Supplies,Central,"Rogers Lockers, Blue"
952.0,-53.01,Office Supplies,Oceania,"Rogers Lockers, Blue"
952.0,380.88,Furniture,Africa,"Harbour Creations Executive Leather Armchair, Adjustable"
952.0,35.8176,Technology,Southeast Asia,"SanDisk Router, USB"
952.0,-495.0,Furniture,Central Asia,"Harbour Creations Executive Leather Armchair, Red"
952.0,228.36,Furniture,North Asia,"Harbour Creations Executive Leather Armchair, Red"
951.0,-646.0974,Furniture,Southeast Asia,"Barricks Coffee Table, Rectangular"
950.0,-437.2728,Technology,Southeast Asia,"Canon Wireless Fax, High-Speed"
950.0,113.94,Technology,South,"Canon Fax Machine, High-Speed"
950.0,208.98,Technology,South,"Brother Fax Machine, High-Speed"
950.0,171.0,Technology,Oceania,"Sharp Copy Machine, Color"
950.0,132.96,Technology,EMEA,"Sharp Copy Machine, Color"
950.0,171.0,Technology,Central Asia,"Sharp Copy Machine, Color"
949.0,-105.456,Technology,Oceania,"Panasonic Printer, Red"
949.0,421.578,Office Supplies,Oceania,"Hoover Refrigerator, Silver"
948.0,200.076,Technology,Oceania,"Hewlett Copy Machine, Laser"
948.0,28.35,Furniture,Central Asia,"Hon Coffee Table, with Bottom Storage"
948.0,66.3,Technology,South,"Canon Fax and Copier, High-Speed"
948.0,126.321,Technology,Central,"Motorola Headset, Full Size"
947.0,377.70176,Technology,Central,"Sharp Wireless Fax, Laser"
947.0,236.76,Furniture,South,"Harbour Creations Executive Leather Armchair, Black"
947.0,9.4717,Office Supplies,West,"Tennsco Stur-D-Stor Boltless Shelving, 5 Shelves, 24"" Deep, Sand"
947.0,-0.021,Furniture,Oceania,"Safco Stackable Bookrack, Pine"
947.0,274.68,Furniture,North,"Harbour Creations Executive Leather Armchair, Black"
947.0,-236.88,Furniture,South,"Harbour Creations Executive Leather Armchair, Black"
947.0,-694.2936,Office Supplies,West,GBC DocuBind 300 Electric Binding Machine
946.0,118.293,Technology,Central,ShoreTel ShorePhone IP 230 VoIP phone
946.0,-351.405,Furniture,Oceania,"Lesro Training Table, Fully Assembled"
946.0,7.54368,Technology,North,"Sharp Wireless Fax, Digital"
946.0,-392.892,Furniture,Southeast Asia,"Bush Library with Doors, Metal"
946.0,118.293,Technology,Central,ShoreTel ShorePhone IP 230 VoIP phone
946.0,-392.892,Furniture,Southeast Asia,"Bush Library with Doors, Metal"
945.0,-299.2614,Furniture,South,Hon Racetrack Conference Tables
945.0,236.2325,Technology,Central,Avaya 5420 Digital phone
944.0,-10.536,Technology,Central,"Canon Copy Machine, Laser"
944.0,209.706,Furniture,Central,"Sauder Corner Shelving, Mobile"
944.0,217.1,Office Supplies,North,"Hamilton Beach Microwave, Silver"
944.0,217.1,Office Supplies,Central,"Hamilton Beach Microwave, Silver"
943.0,94.2784,Office Supplies,South,3.6 Cubic Foot Counter Height Office Refrigerator
942.0,-601.74176,Technology,Central,"Sharp Fax Machine, Digital"
942.0,292.08,Furniture,South,"Harbour Creations Executive Leather Armchair, Adjustable"
942.0,292.08,Furniture,Caribbean,"Harbour Creations Executive Leather Armchair, Adjustable"
941.0,-202.716,Furniture,Central,"Chromcraft Wood Table, with Bottom Storage"
941.0,-202.716,Furniture,Central,"Chromcraft Wood Table, with Bottom Storage"
941.0,197.6,Furniture,South,"Office Star Swivel Stool, Adjustable"
940.0,141.03,Technology,North Asia,"Konica Inkjet, Wireless"
940.0,-219.36,Furniture,Central,"Office Star Executive Leather Armchair, Adjustable"
940.0,-443.5284,Furniture,Southeast Asia,"Chromcraft Computer Table, with Bottom Storage"
940.0,141.03,Technology,Central Asia,"Konica Inkjet, Wireless"
939.0,366.3,Furniture,Africa,"Office Star Executive Leather Armchair, Red"
938.0,-0.195,Technology,Central Asia,"Brother Personal Copier, Color"
936.0,102.9,Furniture,North,"Novimex Rocking Chair, Set of Two"
936.0,168.3,Office Supplies,North,"Hamilton Beach Microwave, White"
936.0,65.52,Technology,Central,"Panasonic Inkjet, Wireless"
935.0,20.622,Furniture,Oceania,"Safco Stackable Bookrack, Traditional"
935.0,439.38,Furniture,Central Asia,"Office Star Executive Leather Armchair, Black"
935.0,65.4,Furniture,EMEA,"Office Star Executive Leather Armchair, Black"
935.0,-249.3216,Furniture,South,"Bevis Round Bullnose 29"" High Table Top"
935.0,114.252,Technology,North,"Epson Printer, Red"
934.0,105.0228,Furniture,West,Hon 4070 Series Pagoda Armless Upholstered Stacking Chairs
934.0,-1331.652,Technology,EMEA,"Samsung Audio Dock, with Caller ID"
934.0,-915.705,Technology,Central,"Okidata Printer, White"
933.0,-173.3472,Furniture,Central,"Bevis Traditional Conference Table Top, Plinth Base"
933.0,27.99,Office Supplies,North,"KitchenAid Microwave, Silver"
933.0,-78.7386,Office Supplies,Southeast Asia,"Breville Stove, Silver"
933.0,-458.1468,Furniture,South,Bush Advantage Collection Racetrack Conference Table
933.0,269.661,Furniture,Central,"Sauder Stackable Bookrack, Pine"
933.0,165.735,Office Supplies,South,"Fellowes Lockers, Blue"
933.0,314.832,Furniture,North,"Sauder Classic Bookcase, Pine"
932.0,214.29,Technology,North Asia,"Konica Inkjet, White"
932.0,214.29,Technology,Central Asia,"Konica Inkjet, White"
932.0,242.13,Furniture,North Asia,"Hon Rocking Chair, Adjustable"
931.0,314.2719,Office Supplies,West,Fellowes PB300 Plastic Comb Binding Machine
931.0,279.252,Furniture,North,"Sauder Floating Shelf Set, Metal"
931.0,103.446,Office Supplies,Central,"Breville Refrigerator, White"
931.0,314.2719,Office Supplies,East,Fellowes PB300 Plastic Comb Binding Machine
930.0,227.268,Technology,Oceania,"Enermax Router, Bluetooth"
930.0,455.7,Furniture,South,"Office Star Executive Leather Armchair, Adjustable"
930.0,455.7,Furniture,South,"Office Star Executive Leather Armchair, Adjustable"
930.0,158.1,Furniture,Central Asia,"Office Star Executive Leather Armchair, Adjustable"
930.0,158.1,Furniture,North Asia,"Office Star Executive Leather Armchair, Adjustable"
930.0,158.1,Furniture,Southeast Asia,"Office Star Executive Leather Armchair, Adjustable"
930.0,455.7,Furniture,South,"Office Star Executive Leather Armchair, Adjustable"
929.0,361.2,Office Supplies,Central,"Fellowes Lockers, Wire Frame"
929.0,65.04,Furniture,EMEA,"Chromcraft Round Table, Rectangular"
929.0,-92.88,Office Supplies,Central,"Fellowes Lockers, Wire Frame"
928.0,222.74,Office Supplies,Central,"Smead Lockers, Industrial"
928.0,352.56,Furniture,Caribbean,"SAFCO Executive Leather Armchair, Adjustable"
928.0,-81.224,Furniture,South,"Chromcraft Conference Table, Rectangular"
928.0,389.79,Office Supplies,Central Asia,"Hoover Microwave, Silver"
928.0,222.74,Office Supplies,Central,"Smead Lockers, Industrial"
928.0,259.74,Technology,Central,"Panasonic Inkjet, Red"
928.0,-81.224,Furniture,South,"Chromcraft Conference Table, Rectangular"
928.0,64.92,Furniture,North Asia,"SAFCO Executive Leather Armchair, Adjustable"
926.0,101.79,Office Supplies,North Asia,"Hoover Microwave, Red"
926.0,101.79,Office Supplies,North Asia,"Hoover Microwave, Red"
925.0,-447.18,Technology,South,"Epson Inkjet, Wireless"
925.0,61.656,Furniture,Oceania,"Sauder Stackable Bookrack, Mobile"
925.0,397.53,Technology,North Asia,"Epson Inkjet, Wireless"
925.0,305.31,Furniture,Africa,"Bevis Conference Table, Fully Assembled"
924.0,249.39,Furniture,EMEA,"Bevis Conference Table, with Bottom Storage"
924.0,397.35,Office Supplies,North Asia,"Hoover Microwave, Black"
924.0,9.1,Office Supplies,North,"Eldon Lockers, Blue"
923.0,341.49,Furniture,EMEA,"Hon Conference Table, Fully Assembled"
923.0,9.18,Furniture,Africa,"SAFCO Executive Leather Armchair, Red"
922.0,216.918,Office Supplies,Southeast Asia,"Hamilton Beach Stove, Red"
921.0,-172.125,Technology,Southeast Asia,"Nokia Signal Booster, with Caller ID"
921.0,395.94,Furniture,South,"Novimex Executive Leather Armchair, Adjustable"
921.0,395.94,Furniture,Central,"Novimex Executive Leather Armchair, Adjustable"
920.0,322.14,Furniture,EMEA,"Novimex Executive Leather Armchair, Red"
920.0,46.0,Furniture,Central,"Novimex Executive Leather Armchair, Red"
920.0,-575.25,Furniture,South,"Novimex Executive Leather Armchair, Red"
920.0,303.48,Technology,Central,"Epson Inkjet, Durable"
920.0,395.76,Furniture,Central,"Novimex Executive Leather Armchair, Red"
920.0,-276.12,Furniture,North,"Novimex Executive Leather Armchair, Red"
920.0,303.48,Technology,Central,"Epson Inkjet, Durable"
919.0,-118.1295,Furniture,Central,Hon Racetrack Conference Tables
919.0,-168.54,Furniture,South,"Hon Executive Leather Armchair, Adjustable"
919.0,-128.67,Furniture,Central Asia,"Hon Conference Table, Rectangular"
919.0,0.0,Furniture,EMEA,"Hon Executive Leather Armchair, Red"
919.0,266.58,Furniture,South,"Hon Executive Leather Armchair, Adjustable"
919.0,128.64,Furniture,EMEA,"Eldon Frame, Erganomic"
918.0,75.5937,Furniture,West,"Bush Andora Bookcase, Maple/Graphite Gray Finish"
918.0,21.519,Technology,Central,"Okidata Receipt Printer, Red"
918.0,119.34,Furniture,Southeast Asia,"SAFCO Executive Leather Armchair, Black"
918.0,-397.71,Technology,South,"Epson Card Printer, Wireless"
917.0,146.64,Technology,Central Asia,"Enermax Memory Card, USB"
916.0,192.39,Technology,Central,"Cisco Office Telephone, Cordless"
916.0,357.18,Furniture,Central,"Novimex Executive Leather Armchair, Black"
916.0,240.28,Furniture,North,"Ikea Floating Shelf Set, Pine"
916.0,357.18,Furniture,South,"Novimex Executive Leather Armchair, Black"
916.0,-15.3,Furniture,South,"Novimex Executive Leather Armchair, Black"
916.0,81.432,Technology,South,"Samsung Audio Dock, Cordless"
916.0,36.63,Technology,North Asia,"Epson Inkjet, White"
915.0,137.04,Technology,North Asia,"Enermax Memory Card, Bluetooth"
915.0,102.9528,Furniture,West,Global Deluxe High-Back Manager's Chair
915.0,411.7365,Office Supplies,Central,Ibico Hi-Tech Manual Binding System
915.0,-98.5545,Furniture,Central,"Chromcraft Round Table, Adjustable Height"
915.0,102.9528,Furniture,West,Global Deluxe High-Back Manager's Chair
915.0,-98.5545,Furniture,Central,"Chromcraft Round Table, Adjustable Height"
915.0,-598.6875,Furniture,Central,"Bevis Training Table, Rectangular"
914.0,91.38,Furniture,Oceania,"Hon Executive Leather Armchair, Black"
914.0,356.58,Furniture,Central Asia,"Hon Rocking Chair, Red"
914.0,213.24,Office Supplies,Central,"Tenex Lockers, Wire Frame"
914.0,91.38,Furniture,North Asia,"Hon Executive Leather Armchair, Black"
914.0,91.38,Furniture,Oceania,"Hon Executive Leather Armchair, Black"
913.0,-169.637,Furniture,Central,"Bevis Oval Conference Table, Walnut"
913.0,428.76,Technology,Africa,"Samsung Headset, Cordless"
913.0,54.75,Furniture,North Asia,"Harbour Creations Swivel Stool, Adjustable"
913.0,118.6575,Furniture,West,"Lesro Round Back Collection Coffee Table, End Table"
913.0,-889.92,Technology,EMEA,"Brother Wireless Fax, Color"
913.0,-52.196,Furniture,Central,"Atlantic Metals Mobile 3-Shelf Bookcases, Custom Colors"
912.0,-319.464,Technology,Oceania,"Hewlett Wireless Fax, Laser"
912.0,309.78,Technology,Central Asia,"Cisco Signal Booster, VoIP"
912.0,113.998,Technology,West,Apple iPhone 5S
912.0,54.54,Technology,Central,"Cisco Signal Booster, VoIP"
912.0,309.78,Technology,North Asia,"Cisco Signal Booster, VoIP"
912.0,401.22,Furniture,EMEA,"Safco Corner Shelving, Mobile"
912.0,101.214,Furniture,Oceania,"Dania Floating Shelf Set, Metal"
912.0,68.4,Office Supplies,Caribbean,"KitchenAid Stove, Red"
911.0,68.3568,Technology,West,Konftel 250 ConferenceÂ phoneÂ - Charcoal black
911.0,118.2,Technology,Central,"Nokia Signal Booster, VoIP"
911.0,118.38,Furniture,Africa,"Novimex Executive Leather Armchair, Adjustable"
911.0,70.728,Furniture,Oceania,"Harbour Creations Rocking Chair, Black"
911.0,227.7,Technology,EMEA,"Cisco Signal Booster, with Caller ID"
911.0,282.42,Furniture,Oceania,"Novimex Executive Leather Armchair, Adjustable"
911.0,355.2,Technology,Central,"Cisco Audio Dock, VoIP"
911.0,282.42,Furniture,Central Asia,"Novimex Executive Leather Armchair, Adjustable"
911.0,-615.192,Office Supplies,South,"KitchenAid Stove, Black"
911.0,-637.608,Office Supplies,EMEA,"Hoover Stove, Silver"
911.0,202.398,Furniture,Central,"Harbour Creations Rocking Chair, Black"
910.0,391.35,Technology,North Asia,"Cisco Audio Dock, with Caller ID"
910.0,200.25,Technology,North,"Cisco Audio Dock, with Caller ID"
910.0,-51.984,Furniture,East,Hon Multipurpose Stacking Arm Chairs
910.0,30.272,Office Supplies,Central,"Hoover Stove, Red"
910.0,391.35,Technology,North Asia,"Cisco Audio Dock, with Caller ID"
910.0,200.25,Technology,Central,"Cisco Audio Dock, with Caller ID"
909.0,372.6,Furniture,EMEA,"Safco Stackable Bookrack, Pine"
909.0,-193.152,Furniture,North,"Lesro Computer Table, Adjustable Height"
909.0,9.0912,Office Supplies,Central,SAFCO Boltless Steel Shelving
909.0,227.205,Furniture,East,"Global Fabric Manager's Chair, Dark Gray"
907.0,-30.429,Furniture,Central,"Dania 3-Shelf Cabinet, Mobile"
907.0,-30.429,Furniture,Central,"Dania 3-Shelf Cabinet, Mobile"
907.0,110.856,Furniture,Central,"Bush Stackable Bookrack, Pine"
907.0,68.001,Furniture,West,Hon GuestStacker Chair
907.0,110.88,Technology,Oceania,"Nokia Speaker Phone, Cordless"
907.0,90.7152,Technology,West,Mitel 5320 IP Phone VoIP phone
906.0,235.44,Furniture,Central,"Eldon Frame, Durable"
905.0,253.372,Office Supplies,East,Avanti 4.4 Cu. Ft. Refrigerator
905.0,289.47,Furniture,EMEA,"Barricks Conference Table, Rectangular"
905.0,81.45,Office Supplies,North,"Breville Microwave, Red"
904.0,101.592,Office Supplies,Caribbean,"Hamilton Beach Microwave, Red"
903.0,33.8517,Furniture,West,Bretford Rectangular Conference Table Tops
903.0,33.8517,Furniture,West,Bretford Rectangular Conference Table Tops
903.0,-42.534,Technology,Central,"Sharp Wireless Fax, High-Speed"
902.0,297.6435,Office Supplies,East,Honeywell Enviracaire Portable HEPA Air Cleaner for 17' x 22' Room
902.0,100.128,Furniture,Oceania,"Office Star Rocking Chair, Set of Two"
902.0,297.6435,Office Supplies,East,Honeywell Enviracaire Portable HEPA Air Cleaner for 17' x 22' Room
901.0,441.36,Technology,Oceania,"SanDisk Memory Card, USB"
901.0,63.0,Technology,Central Asia,"HP Ink, Laser"
901.0,45.0,Technology,North Asia,"Hewlett Ink, Color"
900.0,377.9622,Technology,West,Logitech G700s Rechargeable Gaming Mouse
900.0,149.877,Technology,Oceania,"Brother Personal Copier, Laser"
900.0,296.91,Technology,Southeast Asia,"HP Fax Machine, Laser"
900.0,260.034,Office Supplies,Oceania,"Hamilton Beach Refrigerator, Red"
900.0,117.0104,Office Supplies,South,Tennsco Double-Tier Lockers
900.0,395.9604,Technology,East,Razer Kraken 7.1 Surround Sound Over Ear USB Gaming Headset
900.0,74.9985,Technology,East,Hewlett Packard 610 Color Digital Copier / Printer
900.0,323.82,Office Supplies,Central Asia,"Breville Microwave, White"
900.0,359.91,Technology,North,"HP Fax Machine, Laser"
900.0,314.9895,Technology,South,Brother DCP1000 Digital 3 in 1 Multifunction Machine
900.0,53.997,Technology,East,LogitechÂ VX Revolution Cordless Laser Mouse for Notebooks (Black)
900.0,9.972,Furniture,Oceania,"Sauder 3-Shelf Cabinet, Traditional"
900.0,323.82,Office Supplies,North Asia,"Breville Microwave, White"
900.0,-10.026,Office Supplies,Central,"Hamilton Beach Refrigerator, Red"
900.0,117.0104,Office Supplies,East,Tennsco Double-Tier Lockers
900.0,-1109.55,Office Supplies,Africa,"Breville Microwave, White"
899.0,89.67,Office Supplies,North Asia,"Eldon File Cart, Single Width"
899.0,134.73,Technology,North Asia,"HP Fax Machine, Digital"
899.0,112.392,Furniture,East,"Atlantic Metals Mobile 4-Shelf Bookcases, Custom Colors"
899.0,395.58,Furniture,Africa,"Lesro Round Table, Rectangular"
899.0,-12.849,Furniture,East,Global Commerce Series Low-Back Swivel/Tilt Chairs
899.0,-146.1096,Furniture,West,Hon 2090 âPillow Softâ Series Mid Back Swivel/Tilt Chairs
899.0,79.908,Office Supplies,Central,"Hamilton Beach Refrigerator, Black"
899.0,-12.849,Furniture,Central,Global Commerce Series Low-Back Swivel/Tilt Chairs
899.0,395.58,Furniture,North,"Lesro Round Table, Rectangular"
898.0,116.76,Technology,North,"HP Ink, Digital"
897.0,161.28,Furniture,Africa,"Safco Corner Shelving, Traditional"
897.0,322.92,Furniture,South,"Harbour Creations Rocking Chair, Adjustable"
897.0,421.5853,Office Supplies,South,GBC DocuBind TL300 Electric Binding System
897.0,-197.505,Technology,North,"SanDisk Router, Bluetooth"
897.0,-1480.0335,Office Supplies,Central,GBC DocuBind TL300 Electric Binding System
897.0,219.186,Office Supplies,Central,"Hamilton Beach Refrigerator, White"
897.0,123.3,Furniture,North,"Bevis Training Table, Fully Assembled"
897.0,-10.044,Furniture,Oceania,"Hon Swivel Stool, Adjustable"
897.0,403.47,Technology,North Asia,"StarTech Inkjet, White"
897.0,251.202,Furniture,East,Global Comet Stacking Armless Chair
897.0,-205.188,Furniture,North Asia,"Barricks Training Table, Adjustable Height"
896.0,-35.925,Technology,Central,"HP Wireless Fax, High-Speed"
896.0,302.373,Office Supplies,West,GBC DocuBind TL200 Manual Binding Machine
896.0,421.0824,Office Supplies,Central,GBC DocuBind TL200 Manual Binding Machine
896.0,302.373,Office Supplies,East,GBC DocuBind TL200 Manual Binding Machine
896.0,22.4082,Furniture,West,Bevis 36 x 72 Conference Tables
896.0,302.373,Office Supplies,West,GBC DocuBind TL200 Manual Binding Machine
896.0,190.3881,Technology,East,Logitech Wireless Gaming Headset G930
895.0,178.95,Office Supplies,Central,"Smead Lockers, Industrial"
895.0,39.75,Office Supplies,Oceania,"Smead Lockers, Industrial"
895.0,152.02,Furniture,Caribbean,"Dania Corner Shelving, Traditional"
894.0,129.1704,Office Supplies,Southeast Asia,"Tenex File Cart, Single Width"
894.0,247.6014,Office Supplies,Southeast Asia,"Cuisinart Stove, Red"
894.0,62.55,Technology,North Asia,"HP Fax Machine, High-Speed"
893.0,386.805,Office Supplies,Central,"Eldon Lockers, Industrial"
893.0,347.175,Office Supplies,Central,"Smead Lockers, Single Width"
893.0,80.3682,Furniture,West,Balt Solid Wood Round Tables
893.0,393.4368,Technology,Southeast Asia,"Hewlett Fax Machine, Laser"
893.0,0.0,Furniture,Africa,"Office Star Steel Folding Chair, Black"
892.0,44.46,Technology,Oceania,"Brother Ink, Color"
892.0,445.83,Technology,Southeast Asia,"Epson Phone, Durable"
892.0,89.2224,Furniture,West,GuestStacker Chair with Chrome Finish Legs
892.0,178.38,Furniture,North,"Sauder Corner Shelving, Pine"
892.0,109.4856,Technology,Caribbean,"Sharp Copy Machine, High-Speed"
892.0,111.517,Furniture,West,Hon Non-Folding Utility Tables
892.0,207.996,Technology,Oceania,"Memorex Router, Programmable"
892.0,89.2224,Furniture,West,GuestStacker Chair with Chrome Finish Legs
892.0,169.38,Technology,North Asia,"Canon Ink, Color"
892.0,106.92,Technology,Africa,"Hewlett Ink, Laser"
892.0,267.705,Office Supplies,West,"Hot File 7-Pocket, Floor Stand"
892.0,158.529,Office Supplies,Central,"Rogers File Cart, Single Width"
891.0,-152.7156,Furniture,Central,Bush Advantage Collection Racetrack Conference Table
891.0,89.02,Furniture,Central,"Hon Training Table, Fully Assembled"
891.0,158.355,Furniture,Oceania,"Safco Floating Shelf Set, Pine"
891.0,-0.105,Office Supplies,Central,"Eldon Lockers, Blue"
891.0,79.08,Office Supplies,Oceania,"Eldon Lockers, Single Width"
891.0,257.388,Technology,Oceania,"Logitech Router, USB"
891.0,-0.105,Office Supplies,Central,"Eldon Lockers, Blue"
890.0,66.7152,Technology,West,Toshiba IPT2010-SD IPÂ Telephone
890.0,-41.988,Technology,Central,"Canon Copy Machine, Digital"
890.0,114.7785,Technology,Southeast Asia,"Brother Fax and Copier, Laser"
890.0,131.91612,Technology,Central,"Brother Fax and Copier, Digital"
890.0,355.86,Technology,Oceania,"Hewlett Ink, Digital"
889.0,239.82,Office Supplies,Southeast Asia,"Eldon File Cart, Blue"
889.0,320.04,Furniture,Africa,"Sauder Stackable Bookrack, Pine"
889.0,59.22,Office Supplies,South,"Rogers Lockers, Single Width"
888.0,246.456,Technology,Oceania,"Samsung Speaker Phone, VoIP"
888.0,-69.258,Technology,Oceania,"Canon Personal Copier, High-Speed"
888.0,327.3408,Technology,Central,"Sharp Fax and Copier, High-Speed"
888.0,296.1255,Technology,Southeast Asia,"Hewlett Fax and Copier, High-Speed"
888.0,256.16016,Technology,South,"Hewlett Ink, Digital"
888.0,17.7568,Office Supplies,South,"Stur-D-Stor Shelving, Vertical 5-Shelf: 72""H x 36""W x 18 1/2""D"
887.0,79.74,Technology,Central,"Sharp Fax Machine, Laser"
887.0,319.2,Furniture,Central Asia,"Office Star Chairmat, Black"
887.0,-63.3765,Furniture,East,Global Comet Stacking Arm Chair
887.0,-63.3765,Furniture,East,Global Comet Stacking Arm Chair
887.0,177.4206,Furniture,East,Hon Olson Stacker Stools
886.0,-99.6219,Furniture,West,"Global High-Back Leather Tilter, Burgundy"
886.0,98.46,Office Supplies,Central,"Eldon Lockers, Wire Frame"
886.0,-88.809,Office Supplies,South,"Rogers File Cart, Blue"
886.0,106.7412,Technology,Southeast Asia,"Okidata Printer, White"
886.0,159.39,Technology,North Asia,"Sharp Fax Machine, Digital"
885.0,255.432,Technology,Oceania,"Okidata Receipt Printer, Wireless"
885.0,-88.752,Furniture,Central,"Dania Stackable Bookrack, Pine"
885.0,-341.28,Furniture,North Asia,"Hon Coffee Table, with Bottom Storage"
884.0,353.43,Furniture,Oceania,"Hon Swivel Stool, Red"
884.0,234.27,Technology,Southeast Asia,"Konica Printer, White"
884.0,99.432,Furniture,West,SAFCO Arco Folding Chair
884.0,-397.8,Technology,Oceania,"Brother Ink, Laser"
884.0,287.092,Office Supplies,Caribbean,"Smead File Cart, Blue"
884.0,99.432,Furniture,West,SAFCO Arco Folding Chair
884.0,114.84,Technology,North Asia,"Brother Ink, Laser"
884.0,70.5,Office Supplies,Oceania,"Breville Blender, Black"
884.0,308.928,Office Supplies,Southeast Asia,"Tenex File Cart, Blue"
884.0,49.05,Furniture,Central,"Hon Swivel Stool, Red"
884.0,-110.49,Furniture,East,O'Sullivan Living Dimensions 5-Shelf Bookcases
883.0,298.064,Furniture,North,"Bush Classic Bookcase, Pine"
883.0,387.29096,Technology,Caribbean,"Canon Fax and Copier, High-Speed"
883.0,132.9561,Technology,Southeast Asia,"Canon Fax Machine, High-Speed"
882.0,229.3018,Technology,South,Adtran 1202752G1
882.0,220.4825,Technology,East,BlackBerry Q10
882.0,164.565,Furniture,Southeast Asia,"Hon Rocking Chair, Red"
882.0,185.04,Technology,Central,"Sharp Fax Machine, High-Speed"
882.0,130.7326,Technology,Caribbean,"Hewlett Copy Machine, Color"
882.0,148.3524,Technology,Central,"Brother Ink, Laser"
882.0,185.04,Technology,Central,"Sharp Fax Machine, High-Speed"
882.0,114.6,Furniture,North Asia,"Office Star Swivel Stool, Adjustable"
881.0,334.86,Furniture,Africa,"Safco Classic Bookcase, Mobile"
881.0,70.32,Furniture,EMEA,"Deflect-O Frame, Duo Pack"
881.0,0.0,Furniture,Central Asia,"Office Star Swivel Stool, Set of Two"
881.0,334.86,Furniture,South,"Safco Classic Bookcase, Mobile"
881.0,184.95,Technology,Southeast Asia,"Motorola Audio Dock, Cordless"
881.0,96.84,Technology,EMEA,"Canon Ink, Digital"
880.0,68.256,Furniture,Oceania,"Deflect-O Frame, Erganomic"
880.0,96.72,Furniture,EMEA,"Rubbermaid Frame, Duo Pack"
880.0,70.32,Furniture,EMEA,"Tenex Frame, Duo Pack"
880.0,96.72,Furniture,EMEA,"Rubbermaid Frame, Duo Pack"
880.0,44.016,Furniture,Oceania,"Bush Library with Doors, Mobile"
880.0,329.994,Technology,East,Sharp 1540cs Digital Laser Copier
880.0,387.12,Furniture,South,"Deflect-O Frame, Black"
880.0,329.994,Technology,West,Sharp 1540cs Digital Laser Copier
880.0,96.72,Furniture,Central,"Rubbermaid Frame, Duo Pack"
879.0,114.24,Furniture,North,"Ikea Corner Shelving, Mobile"
879.0,35.1,Technology,Central Asia,"Okidata Card Printer, Wireless"
879.0,-0.216,Furniture,Oceania,"Dania Corner Shelving, Traditional"
879.0,35.16,Furniture,EMEA,"Safco Classic Bookcase, Pine"
879.0,-556.7,Furniture,Caribbean,"Safco Classic Bookcase, Pine"
879.0,35.16,Furniture,Africa,"Safco Classic Bookcase, Pine"
878.0,280.8,Furniture,EMEA,"Advantus Frame, Erganomic"
878.0,-127.077,Office Supplies,Southeast Asia,"Rogers Lockers, Blue"
878.0,87.675,Technology,Oceania,"Nokia Signal Booster, Cordless"
877.0,375.9428,Technology,North,"Canon Copy Machine, Color"
877.0,105.24,Furniture,Oceania,"Sauder Classic Bookcase, Mobile"
877.0,394.62,Furniture,North,"Sauder Classic Bookcase, Mobile"
877.0,314.6418,Technology,South,"Brother Copy Machine, Color"
877.0,394.8,Furniture,Central Asia,"Bush Corner Shelving, Pine"
877.0,121.311,Furniture,Central,"Lesro Round Table, Rectangular"
877.0,50.9422,Technology,Caribbean,"Hewlett Copy Machine, High-Speed"
877.0,-701.352,Furniture,EMEA,"Harbour Creations Swivel Stool, Adjustable"
877.0,394.62,Furniture,EMEA,"Sauder Classic Bookcase, Mobile"
876.0,420.21,Furniture,South,"Ikea Stackable Bookrack, Mobile"
876.0,227.82,Furniture,North,"Safco Classic Bookcase, Traditional"
876.0,359.28,Furniture,Central,"Safco Classic Bookcase, Traditional"
876.0,-137.349,Technology,Southeast Asia,"Okidata Card Printer, Durable"
876.0,14.6,Furniture,Caribbean,"Safco Classic Bookcase, Traditional"
876.0,-227.88,Furniture,Central,"Sauder Floating Shelf Set, Traditional"
876.0,227.82,Furniture,North,"Safco Classic Bookcase, Traditional"
876.0,359.28,Furniture,Central,"Safco Classic Bookcase, Traditional"
876.0,-292.1,Furniture,South,BPI Conference Tables
875.0,-577.32,Furniture,Central,"Sauder Classic Bookcase, Pine"
875.0,166.26,Furniture,Southeast Asia,"Safco Classic Bookcase, Metal"
875.0,411.06,Furniture,South,"Sauder Classic Bookcase, Pine"
875.0,-493.32,Office Supplies,Southeast Asia,"Smead Lockers, Industrial"
875.0,311.016,Furniture,Oceania,"Dania Corner Shelving, Metal"
875.0,139.98,Furniture,South,"Safco Classic Bookcase, Metal"
875.0,192.42,Furniture,Central Asia,"Sauder Classic Bookcase, Pine"
875.0,148.68,Furniture,Africa,"Sauder Classic Bookcase, Pine"
875.0,-590.904,Furniture,EMEA,"Ikea Library with Doors, Pine"
875.0,-68.058,Furniture,Central,"Novimex Swivel Stool, Black"
875.0,148.68,Furniture,Africa,"Sauder Classic Bookcase, Pine"
874.0,340.83,Furniture,South,"Bush Stackable Bookrack, Pine"
874.0,-10.6365,Office Supplies,Southeast Asia,"Rogers Lockers, Wire Frame"
874.0,340.83,Furniture,North,"Bush Stackable Bookrack, Pine"
873.0,61.08,Furniture,North,"Chromcraft Conference Table, with Bottom Storage"
873.0,384.12,Technology,Central Asia,"Brother Ink, High-Speed"
873.0,164.3514,Technology,North,"Brother Copy Machine, High-Speed"
873.0,168.2928,Office Supplies,Southeast Asia,"KitchenAid Refrigerator, White"
873.0,-130.968,Furniture,North Asia,"Bush Library with Doors, Metal"
873.0,157.1292,Furniture,South,Hon 5100 Series Wood Tables
873.0,226.9644,Furniture,Central,Global Executive Mid-Back Manager's Chair
872.0,87.18,Office Supplies,South,Hoover WindTunnel Plus Canister Vacuum
872.0,244.2496,Furniture,East,"Lifetime Advantage Folding Chairs, 4/Carton"
872.0,322.62,Furniture,Central Asia,"Sauder Classic Bookcase, Traditional"
872.0,357.48,Furniture,Africa,"Sauder Classic Bookcase, Traditional"
872.0,8.72,Technology,South,"Cisco Smart Phone, with Caller ID"
872.0,43.47,Technology,North Asia,"Samsung Speaker Phone, Full Size"
872.0,252.84,Furniture,North,"Dania Corner Shelving, Mobile"
872.0,8.61,Furniture,North Asia,"Dania Corner Shelving, Mobile"
872.0,244.2496,Furniture,East,"Lifetime Advantage Folding Chairs, 4/Carton"
871.0,367.488,Furniture,Oceania,"Hon Swivel Stool, Black"
871.0,130.62,Furniture,North,"Sauder Classic Bookcase, Metal"
871.0,165.48,Technology,Southeast Asia,"Nokia Speaker Phone, Full Size"
871.0,357.15,Technology,Central Asia,"Okidata Card Printer, White"
871.0,148.138,Furniture,West,"Chromcraft Bull-Nose Wood Round Conference Table Top, Wood Base"
871.0,-387.258,Furniture,Southeast Asia,"Chromcraft Wood Table, Fully Assembled"
870.0,295.88,Technology,Caribbean,"Cisco Smart Phone, Full Size"
870.0,408.75,Technology,North Asia,"Panasonic Card Printer, Durable"
870.0,208.62,Furniture,North,"Ikea 3-Shelf Cabinet, Mobile"
870.0,191.25,Furniture,Central Asia,"Office Star Swivel Stool, Red"
870.0,191.25,Furniture,North Asia,"Office Star Swivel Stool, Red"
870.0,295.88,Technology,South,"Cisco Smart Phone, Full Size"
870.0,295.88,Technology,North,"Cisco Smart Phone, Full Size"
870.0,304.56,Furniture,Africa,"Chromcraft Conference Table, Rectangular"
870.0,347.76,Office Supplies,EMEA,"Rogers Trays, Industrial"
870.0,304.56,Furniture,EMEA,"Chromcraft Conference Table, Rectangular"
869.0,43.35,Furniture,Central Asia,"Bush Floating Shelf Set, Mobile"
869.0,187.119,Furniture,Central,"Chromcraft Computer Table, Adjustable Height"
869.0,251.8911,Office Supplies,Central,Hoover Upright Vacuum With Dirt Cup
869.0,366.744,Technology,South,"Samsung Signal Booster, Full Size"
869.0,217.2,Furniture,North,"Bush Floating Shelf Set, Mobile"
869.0,26.04,Technology,North,"Cisco Smart Phone, Cordless"
869.0,252.0,Technology,Central Asia,"Panasonic Card Printer, Wireless"
869.0,66.762,Furniture,Central,"Hon Training Table, Fully Assembled"
868.0,86.76,Technology,Oceania,"HP Wireless Fax, Color"
868.0,173.5,Technology,Central,"Belkin Router, Programmable"
868.0,28.917,Office Supplies,Central,"Fellowes File Cart, Industrial"
867.0,173.3292,Furniture,East,Hon 4070 Series Pagoda Round Back Stacking Chairs
867.0,138.6,Technology,Central,"Motorola Signal Booster, Full Size"
867.0,251.4,Technology,North,"Motorola Audio Dock, VoIP"
866.0,268.38,Technology,Africa,"Brother Personal Copier, Color"
866.0,34.56,Technology,North Asia,"Hewlett Personal Copier, Laser"
866.0,121.2,Technology,Central,"Enermax Router, Programmable"
866.0,225.264,Furniture,South,Hon Multipurpose Stacking Arm Chairs
866.0,-727.23,Technology,Central,"Logitech Router, Bluetooth"
866.0,129.8,Technology,South,"Epson Printer, Red"
866.0,51.84,Technology,EMEA,"Hewlett Personal Copier, Laser"
866.0,232.5644,Technology,South,"Canon Copy Machine, High-Speed"
866.0,225.264,Furniture,South,Hon Multipurpose Stacking Arm Chairs
866.0,232.5644,Technology,North,"Canon Copy Machine, High-Speed"
865.0,345.933,Office Supplies,Oceania,"Fellowes File Cart, Blue"
865.0,-96.138,Office Supplies,Central,"Fellowes File Cart, Single Width"
864.0,259.2,Technology,Oceania,"Sharp Personal Copier, Laser"
864.0,107.985,Technology,South,Wilson SignalBoost 841262 DB PRO Amplifier Kit
864.0,86.3928,Technology,South,Jabra Supreme Plus Driver EditionÂ Headset
864.0,107.955,Technology,Central,Cisco SPA 502G IP Phone
864.0,0.0,Furniture,Central Asia,"Dania 3-Shelf Cabinet, Mobile"
863.0,-224.8749,Furniture,Southeast Asia,"Novimex Rocking Chair, Red"
863.0,-160.2952,Furniture,Central,Laminate Occasional Tables
863.0,301.98,Technology,Central Asia,"Samsung Speaker Phone, VoIP"
863.0,-32.3673,Furniture,West,Laminate Occasional Tables
863.0,241.71,Technology,Central,"Samsung Speaker Phone, VoIP"
863.0,293.4,Technology,North,"Belkin Router, USB"
863.0,293.4,Technology,South,"Belkin Router, USB"
863.0,277.992,Technology,Oceania,"Hewlett Fax Machine, Digital"
862.0,-95.76,Technology,Oceania,"Sharp Copy Machine, High-Speed"
862.0,405.0,Technology,North Asia,"Konica Phone, Wireless"
862.0,198.15,Technology,Central,"Konica Card Printer, Red"
862.0,172.2,Technology,EMEA,"Konica Phone, Wireless"
862.0,275.7,Technology,Central Asia,"Konica Card Printer, Red"
862.0,114.2478,Office Supplies,Southeast Asia,"Breville Refrigerator, Red"
862.0,97.0137,Technology,West,Nortel Meridian M3904 Professional Digital phone
862.0,28.704,Office Supplies,Central,"Cuisinart Stove, Silver"
862.0,198.15,Technology,Central,"Konica Card Printer, Red"
862.0,249.9104,Technology,East,Aastra 6757i CT Wireless VoIP phone
861.0,382.848,Technology,North,"Sharp Personal Copier, Digital"
861.0,60.27,Technology,Central Asia,"Okidata Receipt Printer, Durable"
861.0,189.4046,Furniture,Central,Hon Mobius Operator's Chair
861.0,327.15,Technology,Central,"Panasonic Card Printer, White"
861.0,143.325,Technology,Oceania,"Apple Signal Booster, with Caller ID"
861.0,68.67,Furniture,Central Asia,"Bush Stackable Bookrack, Traditional"
860.0,266.4,Technology,South,"SanDisk Router, Programmable"
860.0,-0.027,Technology,Central,"Canon Fax Machine, Laser"
860.0,28.56,Technology,Oceania,"Konica Receipt Printer, Red"
859.0,-186.16,Technology,East,Wilson Electronics DB Pro Signal Booster
859.0,42.84,Technology,Central,"Motorola Signal Booster, VoIP"
859.0,34.2,Furniture,EMEA,"Office Star Rocking Chair, Set of Two"
859.0,171.72,Technology,Caribbean,"Motorola Smart Phone, Full Size"
859.0,-790.35,Furniture,South,"Lesro Conference Table, Fully Assembled"
859.0,75.18,Technology,West,Wilson Electronics DB Pro Signal Booster
859.0,-317.3535,Furniture,Southeast Asia,"Safco Classic Bookcase, Mobile"
859.0,-365.12,Furniture,South,"Novimex Executive Leather Armchair, Red"
859.0,75.18,Technology,West,Wilson Electronics DB Pro Signal Booster
858.0,143.04,Furniture,East,Safco Contoured Stacking Chairs
858.0,248.64,Furniture,North Asia,"Ikea Stackable Bookrack, Traditional"
857.0,265.44,Office Supplies,Africa,"Rogers Shelving, Wire Frame"
857.0,128.4,Furniture,North Asia,"Safco 3-Shelf Cabinet, Mobile"
857.0,107.082,Office Supplies,Central,"Hot File 7-Pocket, Floor Stand"
857.0,291.24,Furniture,North Asia,"Dania 3-Shelf Cabinet, Pine"
857.0,274.08,Furniture,North,"Lesro Computer Table, Fully Assembled"
857.0,222.76,Technology,South,"Motorola Smart Phone, Full Size"
857.0,171.3,Furniture,Oceania,"SAFCO Steel Folding Chair, Red"
856.0,385.38,Technology,North,"Canon Personal Copier, Laser"
856.0,222.66,Technology,Oceania,"Canon Personal Copier, Laser"
856.0,68.46,Technology,North Asia,"Konica Receipt Printer, Wireless"
856.0,154.05,Furniture,South,"Bush Floating Shelf Set, Traditional"
855.0,-376.335,Office Supplies,South,"KitchenAid Stove, Red"
855.0,384.81,Furniture,EMEA,"Lesro Conference Table, Rectangular"
855.0,205.2,Technology,Central Asia,"HP Fax and Copier, High-Speed"
855.0,213.735,Furniture,East,Global Commerce Series High-Back Swivel/Tilt Chairs
855.0,213.84,Furniture,EMEA,"Rubbermaid Frame, Durable"
855.0,-241.956,Furniture,Southeast Asia,"Lesro Training Table, with Bottom Storage"
854.0,-24.398,Furniture,Central,Hon Deluxe Fabric Upholstered Stacking Chairs
854.0,10.6794,Furniture,West,Hon 4700 Series Mobuis Mid-Back Task Chairs with Adjustable Arms
854.0,196.35,Furniture,South,"Ikea Stackable Bookrack, Metal"
854.0,290.43,Furniture,North,"Dania Corner Shelving, Traditional"
854.0,0.0,Furniture,East,"Hon Deluxe Fabric Upholstered Stacking Chairs, Rounded Back"
854.0,290.43,Furniture,South,"Dania Corner Shelving, Traditional"
854.0,102.3,Furniture,North Asia,"Dania Floating Shelf Set, Pine"
854.0,221.85,Furniture,North Asia,"Bush Floating Shelf Set, Metal"
853.0,-170.577,Furniture,Southeast Asia,"Sauder Classic Bookcase, Pine"
853.0,-42.696,Technology,Oceania,"Sharp Wireless Fax, Digital"
853.0,-227.4912,Furniture,East,Chromcraft Rectangular Conference Tables
852.0,189.438,Furniture,Oceania,"Harbour Creations Executive Leather Armchair, Black"
852.0,356.61344,Technology,Caribbean,"Brother Fax Machine, Color"
852.0,68.04,Office Supplies,North Asia,"Rogers File Cart, Single Width"
852.0,356.61344,Technology,Central,"Brother Fax Machine, Color"
852.0,51.0,Furniture,South,"Ikea Floating Shelf Set, Traditional"
852.0,136.26,Office Supplies,North,"Rogers File Cart, Single Width"
852.0,213.12,Furniture,Central,"Hon Wood Table, Fully Assembled"
852.0,136.26,Office Supplies,Central,"Rogers File Cart, Single Width"
852.0,76.59,Furniture,Central Asia,"Chromcraft Training Table, with Bottom Storage"
852.0,179.958,Furniture,Central,"Harbour Creations Executive Leather Armchair, Black"
851.0,245.7,Office Supplies,Central,Harmony Air Purifier
851.0,93.6,Furniture,North Asia,"SAFCO Swivel Stool, Set of Two"
851.0,93.6,Furniture,Central Asia,"Safco 3-Shelf Cabinet, Pine"
851.0,317.7872,Technology,Caribbean,"Hewlett Fax Machine, Laser"
850.0,289.05,Technology,North,"Epson Card Printer, Durable"
850.0,144.36,Office Supplies,Africa,"Rogers File Cart, Industrial"
850.0,-786.1,Technology,South,"Nokia Smart Phone, Full Size"
850.0,119.0,Technology,South,"Apple Smart Phone, Full Size"
850.0,203.85,Technology,North Asia,"Epson Card Printer, Wireless"
850.0,390.977,Office Supplies,East,Fellowes PB200 Plastic Comb Binding Machine
850.0,135.96,Technology,South,"Samsung Smart Phone, Full Size"
850.0,136.05,Technology,North Asia,"Epson Card Printer, Durable"
850.0,195.44,Technology,North,"Nokia Smart Phone, Full Size"
849.0,-21.2136,Office Supplies,East,Tennsco 6- and 18-Compartment Lockers
848.0,194.85,Office Supplies,North Asia,"Hamilton Beach Microwave, Red"
848.0,322.32,Office Supplies,Canada,"Rogers Lockers, Industrial"
848.0,110.28,Technology,Central,"Samsung Smart Phone, VoIP"
848.0,-996.78,Technology,South,"Samsung Smart Phone, VoIP"
848.0,322.32,Office Supplies,Africa,"Rogers Lockers, Industrial"
848.0,364.8,Technology,Central Asia,"Samsung Audio Dock, Cordless"
848.0,152.7,Technology,Central,"Samsung Audio Dock, Cordless"
848.0,322.32,Office Supplies,EMEA,"Rogers Lockers, Industrial"
848.0,310.95,Technology,Oceania,"Okidata Inkjet, Wireless"
848.0,222.432,Furniture,North,"SAFCO Rocking Chair, Black"
848.0,25.44,Technology,South,"Apple Smart Phone, Full Size"
848.0,330.72,Technology,Central,"Nokia Smart Phone, Full Size"
848.0,367.464,Furniture,Central,"Harbour Creations Executive Leather Armchair, Adjustable"
847.0,348.012,Technology,Oceania,"Konica Inkjet, Wireless"
847.0,372.48,Office Supplies,Canada,"Rogers Lockers, Single Width"
847.0,50.76,Office Supplies,North,"Rogers Lockers, Single Width"
847.0,269.74304,Technology,North,"Brother Fax Machine, Digital"
847.0,372.48,Office Supplies,Africa,"Rogers Lockers, Single Width"
846.0,-214.2008,Technology,Caribbean,"Hewlett Fax Machine, High-Speed"
846.0,9.396,Furniture,Central,"Office Star Executive Leather Armchair, Adjustable"
846.0,25.32,Office Supplies,Central,"Rogers Lockers, Blue"
846.0,74.004,Office Supplies,Caribbean,"KitchenAid Refrigerator, Silver"
846.0,25.32,Office Supplies,Central,"Rogers Lockers, Blue"
846.0,228.24,Technology,South,"Canon Personal Copier, High-Speed"
846.0,18.756,Furniture,Oceania,"Office Star Executive Leather Armchair, Adjustable"
846.0,56.358,Technology,South,"Konica Inkjet, Wireless"
846.0,84.5728,Office Supplies,West,Kensington 4 Outlet MasterPiece Compact Power Control Center
846.0,46.998,Technology,Oceania,"Konica Inkjet, Wireless"
845.0,-9.492,Office Supplies,South,"Tenex File Cart, Single Width"
845.0,92.88,Furniture,North Asia,"Office Star Rocking Chair, Red"
845.0,-12.0784,Furniture,Central,"Global Manager's Adjustable Task Chair, Storm"
845.0,197.244,Furniture,Oceania,"Office Star Executive Leather Armchair, Red"
845.0,84.399,Office Supplies,Central,"Tenex File Cart, Industrial"
845.0,295.74,Furniture,Southeast Asia,"Dania 3-Shelf Cabinet, Metal"
844.0,-36.1764,Furniture,East,"Global Leather Highback Executive Chair with Pneumatic Height Adjustment, Black"
844.0,160.35,Furniture,North Asia,"Safco 3-Shelf Cabinet, Traditional"
844.0,33.66,Office Supplies,North,"Rogers File Cart, Blue"
844.0,8.28,Office Supplies,North,"Rogers File Cart, Blue"
844.0,371.316,Technology,West,Plantronics Savi W720 Multi-Device Wireless Headset System
844.0,-36.1764,Furniture,Central,"Global Leather Highback Executive Chair with Pneumatic Height Adjustment, Black"
844.0,371.316,Technology,East,Plantronics Savi W720 Multi-Device Wireless Headset System
843.0,160.1586,Furniture,South,Global Adaptabilities Conference Tables
843.0,210.6,Office Supplies,EMEA,"Rogers Lockers, Wire Frame"
843.0,-56.322,Office Supplies,Oceania,"Hoover Coffee Grinder, White"
843.0,202.2528,Furniture,West,Deflect-o DuraMat Antistatic Studded Beveled Mat for Medium Pile Carpeting
842.0,227.25,Technology,North,"Epson Card Printer, White"
842.0,294.5488,Office Supplies,East,GBC DocuBind 300 Electric Binding Machine
842.0,105.297,Furniture,West,Global Leather Executive Chair
842.0,-200.08,Furniture,South,"Barricks Training Table, Rectangular"
842.0,294.5488,Office Supplies,West,GBC DocuBind 300 Electric Binding Machine
842.0,42.1176,Furniture,West,Office Star - Professional Matrix Back Chair with 2-to-1 Synchro Tilt and Mesh Fabric Seat
841.0,75.6,Technology,Central,"Apple Audio Dock, Full Size"
841.0,319.35,Technology,Central Asia,"Samsung Audio Dock, Full Size"
841.0,243.74,Furniture,South,"Harbour Creations Swivel Stool, Red"
841.0,319.35,Technology,North Asia,"Samsung Audio Dock, Full Size"
840.0,100.8,Furniture,North Asia,"Sauder 3-Shelf Cabinet, Pine"
840.0,100.8,Furniture,Central Asia,"Sauder 3-Shelf Cabinet, Pine"
840.0,69.999,Technology,East,Canon Imageclass D680 Copier / Fax
840.0,142.8,Technology,North,"Nokia Audio Dock, Full Size"
840.0,260.4,Technology,Central Asia,"Nokia Audio Dock, Full Size"
840.0,37.269,Office Supplies,Oceania,"KitchenAid Microwave, Silver"
839.0,218.2518,Office Supplies,Central,Sanyo 2.5 Cubic Foot Mid-Size Office Refrigerators
839.0,176.04,Technology,Central Asia,"Cisco Speaker Phone, Full Size"
839.0,121.113,Technology,Oceania,"Konica Inkjet, White"
838.0,-27.936,Office Supplies,Central,"KitchenAid Microwave, Red"
838.0,62.82,Technology,West,Okidata C331dn Printer
838.0,0.0,Office Supplies,South,"Cuisinart Microwave, Silver"
838.0,62.82,Technology,West,Okidata C331dn Printer
838.0,226.3626,Office Supplies,Central,Smead Adjustable Mobile File Trolley with Lockable Top
838.0,376.92,Office Supplies,Southeast Asia,"Cuisinart Microwave, Silver"
837.0,-264.9208,Furniture,East,Chromcraft Round Conference Tables
837.0,230.128,Furniture,North,"Safco Library with Doors, Mobile"
837.0,211.7376,Technology,Southeast Asia,"Samsung Audio Dock, Full Size"
837.0,342.9,Technology,EMEA,"Samsung Signal Booster, Cordless"
837.0,418.74,Technology,Central,"Sharp Personal Copier, Digital"
837.0,288.3,Furniture,Central,"Office Star Executive Leather Armchair, Adjustable"
837.0,288.3,Furniture,Central,"Office Star Executive Leather Armchair, Adjustable"
835.0,16.7034,Office Supplies,East,Compact Automatic Electric Letter Opener
835.0,267.15,Technology,Central,"Apple Audio Dock, VoIP"
835.0,208.65,Furniture,North Asia,"Novimex Swivel Stool, Adjustable"
835.0,-27.864,Furniture,Central,"SAFCO Executive Leather Armchair, Adjustable"
835.0,296.724,Furniture,Central,"SAFCO Executive Leather Armchair, Set of Two"
835.0,-27.864,Furniture,Oceania,"SAFCO Executive Leather Armchair, Adjustable"
834.0,316.8,Technology,Central Asia,"Nokia Audio Dock, with Caller ID"
834.0,208.592,Furniture,North,"Safco Library with Doors, Pine"
834.0,216.8244,Technology,East,Toshiba IPT2010-SD IPÂ Telephone
833.0,212.832,Office Supplies,Central,"KitchenAid Microwave, White"
833.0,92.538,Office Supplies,Central,"Hoover Microwave, Red"
833.0,233.2204,Technology,East,Polycom SoundPoint Pro SE-225 Corded phone
832.0,-114.3912,Furniture,South,High-Back Leather Manager's Chair
832.0,-0.081,Office Supplies,Central,"Hoover Microwave, Black"
831.0,365.64,Office Supplies,Africa,"Fellowes Lockers, Industrial"
831.0,124.68,Technology,Central,Imation Bio 8GB USBÂ Flash Drive ImationÂ Corp
831.0,145.476,Furniture,North,"Bevis Round Table, Fully Assembled"
831.0,74.7,Furniture,Central Asia,"Hon Swivel Stool, Adjustable"
831.0,175.314,Furniture,Oceania,"SAFCO Executive Leather Armchair, Red"
831.0,-83.106,Furniture,Central,"SAFCO Executive Leather Armchair, Red"
831.0,107.85,Furniture,Central,"Hon Swivel Stool, Adjustable"
831.0,365.64,Office Supplies,Africa,"Fellowes Lockers, Industrial"
831.0,373.8,Furniture,Central Asia,"Sauder 3-Shelf Cabinet, Metal"
831.0,324.0,Technology,Central,"Cisco Speaker Phone, with Caller ID"
831.0,365.64,Office Supplies,Africa,"Fellowes Lockers, Industrial"
831.0,59.9922,Technology,Southeast Asia,"Apple Audio Dock, with Caller ID"
831.0,230.3808,Office Supplies,Southeast Asia,"Hamilton Beach Refrigerator, Silver"
830.0,190.0158,Office Supplies,Southeast Asia,"Hamilton Beach Refrigerator, Red"
830.0,134.748,Furniture,Central Asia,"Ikea Floating Shelf Set, Mobile"
830.0,398.16,Office Supplies,South,"KitchenAid Microwave, Silver"
829.0,-53.4789,Technology,Southeast Asia,"Sharp Fax Machine, Color"
829.0,49.7,Furniture,Central,"Harbour Creations Swivel Stool, Black"
829.0,16.56,Office Supplies,North Asia,"Fellowes Lockers, Single Width"
829.0,113.94,Furniture,North,"Hon Round Table, Adjustable Height"
829.0,215.52,Office Supplies,EMEA,"Fellowes Lockers, Blue"
829.0,240.294,Furniture,Central,SAFCO Arco Folding Chair
829.0,215.52,Office Supplies,EMEA,"Fellowes Lockers, Blue"
829.0,146.2125,Technology,Central,"Nokia Signal Booster, Cordless"
829.0,0.0,Office Supplies,South,"SAFCO Commercial Wire Shelving, Black"
829.0,19.386,Technology,Central,"HP Copy Machine, High-Speed"
829.0,215.52,Office Supplies,Canada,"Fellowes Lockers, Blue"
828.0,397.2,Furniture,North Asia,"SAFCO Swivel Stool, Black"
828.0,182.0,Office Supplies,South,"KitchenAid Microwave, Red"
828.0,-56.7567,Furniture,Southeast Asia,"Novimex Swivel Stool, Black"
828.0,405.72,Furniture,South,"Bush Classic Bookcase, Pine"
828.0,405.72,Furniture,Africa,"Bush Classic Bookcase, Pine"
828.0,230.1,Furniture,Central,"Novimex Executive Leather Armchair, Red"
828.0,331.236,Office Supplies,Oceania,"Hoover Microwave, White"
827.0,-91.878,Furniture,Central,"Hon Executive Leather Armchair, Red"
827.0,397.08,Technology,EMEA,"Samsung Signal Booster, Full Size"
827.0,355.4466,Technology,East,MaxellÂ iVDR EX 500GB Cartridge
827.0,41.28,Furniture,Central Asia,"Dania Classic Bookcase, Mobile"
827.0,-394.572,Furniture,Central,"Bevis Coffee Table, with Bottom Storage"
827.0,148.74,Furniture,EMEA,"Dania Classic Bookcase, Mobile"
827.0,-303.14,Furniture,Central,"Dania Classic Bookcase, Mobile"
827.0,148.74,Furniture,South,"Dania Classic Bookcase, Mobile"
827.0,156.234,Furniture,North,"Hon Executive Leather Armchair, Adjustable"
827.0,148.74,Furniture,Africa,"Dania Classic Bookcase, Mobile"
826.0,16.5,Furniture,Africa,"Ikea Classic Bookcase, Pine"
826.0,27.54,Furniture,Oceania,"SAFCO Executive Leather Armchair, Black"
826.0,371.52,Office Supplies,Africa,"Fellowes Lockers, Wire Frame"
826.0,181.74,Furniture,South,"Ikea Classic Bookcase, Pine"
826.0,214.76,Office Supplies,South,Economy Rollaway Files
826.0,322.1829,Office Supplies,South,Honeywell Enviracaire Portable HEPA Air Cleaner for 16' x 20' Room
826.0,-633.42,Furniture,Africa,"SAFCO Executive Leather Armchair, Black"
826.0,16.5,Furniture,South,"Ikea Classic Bookcase, Pine"
826.0,41.232,Furniture,North,"Sauder Library with Doors, Metal"
826.0,41.232,Furniture,North,"Sauder Library with Doors, Metal"
826.0,16.5,Furniture,Africa,"Ikea Classic Bookcase, Pine"
825.0,297.0,Technology,Central,"Logitech Router, USB"
825.0,297.0,Technology,Central,"Logitech Router, USB"
825.0,338.34,Furniture,Africa,"Bush Classic Bookcase, Traditional"
825.0,247.485,Technology,East,"Ativa D5772 2-Line 5.8GHz Digital Expandable Corded/Cordless Phone System with Answering & Caller ID/Call Waiting, Black/Silver"
825.0,297.0,Technology,North,"Logitech Router, USB"
825.0,338.34,Furniture,EMEA,"Bush Classic Bookcase, Traditional"
825.0,-144.444,Furniture,South,"Bevis Round Table, Rectangular"
825.0,-117.882,Furniture,Central,"Bush Birmingham Collection Bookcase, Dark Cherry"
825.0,-144.444,Furniture,North,"Bevis Round Table, Rectangular"
825.0,33.0,Furniture,Central,"Bush Classic Bookcase, Traditional"
825.0,297.0,Technology,Caribbean,"Logitech Router, USB"
825.0,214.4922,Technology,East,Mitel MiVoice 5330e IP Phone
825.0,338.34,Furniture,Africa,"Bush Classic Bookcase, Traditional"
825.0,-389.1594,Technology,Central,"Sharp Fax Machine, Laser"
825.0,54.87,Technology,Oceania,"Cisco Audio Dock, Full Size"
825.0,338.34,Furniture,South,"Bush Classic Bookcase, Traditional"
825.0,-495.24,Furniture,Central,"Bush Classic Bookcase, Traditional"
825.0,49.5,Furniture,North Asia,"Bush Classic Bookcase, Traditional"
824.0,312.9,Furniture,Africa,"Ikea Classic Bookcase, Traditional"
824.0,304.92,Furniture,South,"Dania Classic Bookcase, Pine"
824.0,255.48,Furniture,EMEA,"Dania Classic Bookcase, Pine"
824.0,304.92,Furniture,South,"Dania Classic Bookcase, Pine"
824.0,51.4975,Technology,South,Jabra SPEAK 410 Multidevice Speakerphone
824.0,-44.3499,Furniture,Southeast Asia,"Bush Corner Shelving, Mobile"
824.0,97.3791,Technology,Southeast Asia,"Sharp Fax Machine, Digital"
824.0,172.92,Furniture,Oceania,"Ikea Classic Bookcase, Traditional"
824.0,51.4975,Technology,Central,Jabra SPEAK 410 Multidevice Speakerphone
824.0,280.2,Furniture,Africa,"Bush Classic Bookcase, Metal"
824.0,0.0,Office Supplies,EMEA,"Fellowes File Cart, Single Width"
824.0,277.7175,Office Supplies,Southeast Asia,"Smead Lockers, Single Width"
824.0,97.3791,Technology,Southeast Asia,"Sharp Fax Machine, Digital"
823.0,-411.498,Furniture,Oceania,"Hon Executive Leather Armchair, Black"
823.0,-18.354,Furniture,Central,"Hon Rocking Chair, Red"
823.0,-0.048,Furniture,Oceania,"Hon Executive Leather Armchair, Black"
823.0,246.852,Furniture,North,"Hon Executive Leather Armchair, Black"
823.0,189.18,Furniture,North Asia,"SAFCO Rocking Chair, Set of Two"
822.0,156.24,Furniture,Africa,"Ikea Classic Bookcase, Metal"
822.0,353.22,Furniture,Central,"Dania Classic Bookcase, Traditional"
822.0,262.88,Office Supplies,North,"Hoover Microwave, Black"
822.0,205.5,Furniture,Central Asia,"Novimex Swivel Stool, Red"
822.0,353.22,Furniture,South,"Dania Classic Bookcase, Traditional"
822.0,213.6888,Furniture,Central,"3M Polarizing Task Lamp with Clamp Arm, Light Gray"
822.0,213.6888,Furniture,South,"3M Polarizing Task Lamp with Clamp Arm, Light Gray"
822.0,123.36,Furniture,North Asia,"Ikea Classic Bookcase, Metal"
822.0,123.36,Furniture,Oceania,"Ikea Classic Bookcase, Metal"
822.0,156.24,Furniture,North,"Ikea Classic Bookcase, Metal"
822.0,213.7044,Technology,Central,AT&T 1080 Phone
821.0,352.9,Technology,Central,"Memorex Router, Bluetooth"
821.0,218.715,Furniture,Oceania,"Harbour Creations Swivel Stool, Set of Two"
821.0,352.9,Technology,South,"Memorex Router, Bluetooth"
821.0,218.715,Furniture,Oceania,"Harbour Creations Swivel Stool, Set of Two"
821.0,-16.426,Technology,South,Hewlett-Packard Deskjet 6540 Color Inkjet Printer
821.0,20.472,Technology,Caribbean,"SanDisk Router, USB"
821.0,-592.146,Furniture,Southeast Asia,"Barricks Training Table, with Bottom Storage"
821.0,8.2,Technology,North,"Memorex Router, USB"
820.0,191.316,Furniture,Oceania,"Novimex Executive Leather Armchair, Adjustable"
820.0,38.4975,Technology,Central,"Hewlett Fax and Copier, Laser"
820.0,270.72,Furniture,North,"Dania Classic Bookcase, Metal"
820.0,139.32,Technology,Central Asia,"Nokia Signal Booster, VoIP"
820.0,270.72,Furniture,EMEA,"Dania Classic Bookcase, Metal"
820.0,183.288,Technology,Central,"Konica Receipt Printer, White"
820.0,98.28,Technology,South,"Samsung Signal Booster, VoIP"
818.0,8.16,Office Supplies,North,"Hoover Microwave, White"
818.0,171.72,Office Supplies,Africa,"Fellowes File Cart, Wire Frame"
818.0,171.72,Office Supplies,EMEA,"Fellowes File Cart, Wire Frame"
818.0,51.1485,Technology,West,Cisco Unified IP Phone 7945G VoIP phone
818.0,376.35,Furniture,North Asia,"Hon Swivel Stool, Red"
818.0,302.54,Technology,North,"Konica Card Printer, Durable"
817.0,114.24,Office Supplies,North Asia,"Tenex Lockers, Single Width"
817.0,114.24,Office Supplies,North Asia,"Tenex Lockers, Single Width"
817.0,212.28,Office Supplies,Africa,"Tenex Lockers, Blue"
817.0,48.96,Office Supplies,Africa,"Tenex Lockers, Single Width"
817.0,48.96,Office Supplies,EMEA,"Tenex Lockers, Single Width"
816.0,-95.994,Technology,Central,"Hewlett Fax Machine, Laser"
816.0,287.919,Technology,Central,"Brother Fax Machine, Color"
816.0,362.784,Furniture,North,"Lesro Round Table, Fully Assembled"
816.0,-95.994,Technology,Central,"Hewlett Fax Machine, Laser"
816.0,43.8486,Furniture,Southeast Asia,"Sauder Classic Bookcase, Mobile"
815.0,-90.567,Technology,South,"StarTech Inkjet, Wireless"
815.0,-339.705,Furniture,East,"Iceberg OfficeWorks 42"" Round Tables"
814.0,217.134,Furniture,Central,"Safco Corner Shelving, Pine"
814.0,95.6325,Technology,Central,"Brother Fax and Copier, Laser"
814.0,170.94,Technology,Central Asia,"Belkin Memory Card, Programmable"
813.0,251.88,Office Supplies,Africa,"Tenex Lockers, Wire Frame"
813.0,60.9552,Technology,Central,Jabra BIZ 2300 Duo QD Duo CordedÂ Headset
813.0,357.6,Office Supplies,North Asia,"Tenex Lockers, Wire Frame"
812.0,-27.216,Office Supplies,Central,"Smead File Cart, Single Width"
812.0,284.06,Technology,South,"Panasonic Card Printer, Durable"
811.0,-63.06,Furniture,Oceania,"Harbour Creations Swivel Stool, Red"
811.0,-599.94,Office Supplies,North Asia,"Hamilton Beach Stove, White"
811.0,153.93,Technology,North,"Enermax Memory Card, Programmable"
811.0,-20.376,Furniture,Central,"Lesro Coffee Table, Fully Assembled"
811.0,-36.126,Furniture,Oceania,"Harbour Creations Steel Folding Chair, Set of Two"
811.0,24.3384,Office Supplies,West,Tennsco Regal Shelving Units
810.0,372.3,Technology,Oceania,"Epson Phone, Wireless"
810.0,24.3,Furniture,North,"Novimex Swivel Stool, Black"
809.0,296.331,Office Supplies,Central,"Eldon File Cart, Single Width"
809.0,-174.39568,Technology,Caribbean,"Hewlett Wireless Fax, Laser"
809.0,161.7,Office Supplies,Oceania,"Smead File Cart, Industrial"
809.0,177.66,Furniture,Africa,"Hon Chairmat, Set of Two"
809.0,-0.189,Office Supplies,Oceania,"Eldon File Cart, Single Width"
809.0,287.679,Office Supplies,Oceania,"Smead File Cart, Single Width"
808.0,251.097,Furniture,Central,"Hon Rocking Chair, Black"
808.0,250.38,Furniture,Central Asia,"Chromcraft Coffee Table, Adjustable Height"
808.0,197.352,Furniture,Central,"Harbour Creations Rocking Chair, Adjustable"
808.0,153.4725,Office Supplies,West,Fellowes Super Stor/Drawer Files
807.0,304.884,Technology,North,"StarTech Inkjet, White"
807.0,80.64,Technology,Central,"Okidata Card Printer, Red"
807.0,338.8,Furniture,Central,"Ikea Floating Shelf Set, Mobile"
806.0,-62.853,Office Supplies,Oceania,"Eldon File Cart, Industrial"
806.0,32.22,Technology,North Asia,"Okidata Printer, Wireless"
806.0,-35.994,Office Supplies,Oceania,"Eldon File Cart, Single Width"
806.0,50.396,Technology,West,BlackBerry Q10
806.0,-133.41232,Technology,Caribbean,"Brother Wireless Fax, Laser"
806.0,273.96,Technology,North,"Okidata Printer, Durable"
806.0,185.22,Technology,North,"Enermax Numeric Keypad, Bluetooth"
806.0,17.787,Office Supplies,Central,"Eldon File Cart, Industrial"
805.0,152.8,Office Supplies,Central,"Breville Microwave, Red"
805.0,150.888,Furniture,North,"Barricks Round Table, Fully Assembled"
804.0,-89.352,Furniture,Oceania,"Safco Corner Shelving, Metal"
804.0,80.28,Furniture,South,"Novimex Rocking Chair, Adjustable"
804.0,313.2,Furniture,EMEA,"Novimex Rocking Chair, Adjustable"
804.0,369.54,Technology,North Asia,"Konica Printer, Wireless"
804.0,48.06,Furniture,Central Asia,"Office Star Steel Folding Chair, Black"
804.0,14.48972,Technology,Central,"HP Fax and Copier, Digital"
804.0,-495.63,Technology,South,"Konica Printer, Wireless"
803.0,224.85,Technology,North Asia,"StarTech Card Printer, Red"
803.0,180.64,Office Supplies,Caribbean,"Breville Microwave, Black"
803.0,345.12,Furniture,Oceania,"Harbour Creations Steel Folding Chair, Adjustable"
802.0,200.49,Furniture,Central,Bretford CR8500 Series Meeting Room Furniture
802.0,50.098,Furniture,West,Global Troy Executive Leather Low-Back Tilter
802.0,120.33,Technology,South,"Enermax Memory Card, USB"
802.0,50.098,Furniture,West,Global Troy Executive Leather Low-Back Tilter
802.0,-10.0196,Furniture,East,DMI Eclipse Executive Suite Bookcases
802.0,344.9145,Technology,Southeast Asia,"HP Fax and Copier, Digital"
802.0,-448.896,Furniture,West,"Chromcraft 48"" x 96"" Racetrack Double Pedestal Table"
802.0,128.31,Technology,Central Asia,"Enermax Memory Card, USB"
802.0,50.098,Furniture,West,Global Troy Executive Leather Low-Back Tilter
802.0,200.49,Furniture,South,Bretford CR8500 Series Meeting Room Furniture
802.0,-1.60736,Technology,North,"HP Fax Machine, Color"
801.0,144.0,Technology,South,"Memorex Memory Card, Erganomic"
801.0,266.868,Technology,Oceania,"Hewlett Ink, Digital"
800.0,167.94,Technology,North,"Panasonic Printer, Durable"
800.0,249.995,Technology,East,Hewlett Packard 610 Color Digital Copier / Printer
800.0,167.94,Technology,North,"Panasonic Printer, Durable"
800.0,239.976,Technology,South,Razer Kraken 7.1 Surround Sound Over Ear USB Gaming Headset
800.0,-71.232,Office Supplies,Central,"Eldon File Cart, Blue"
800.0,207.8856,Furniture,East,Luxo Adjustable Task Clamp Lamp
800.0,-1020.312,Office Supplies,EMEA,"Hamilton Beach Refrigerator, Red"
800.0,167.94,Technology,North,"Panasonic Printer, Durable"
800.0,-608.1,Technology,Central Asia,"Brother Fax Machine, Color"
800.0,343.9828,Technology,West,Razer Tiamat Over Ear 7.1 Surround Sound PC Gaming Headset
800.0,335.76,Office Supplies,North,"Breville Microwave, White"
800.0,167.94,Technology,North,"Panasonic Printer, Durable"
800.0,167.94,Technology,Central,"Panasonic Printer, Durable"
799.0,351.36,Technology,EMEA,"Apple Office Telephone, Full Size"
799.0,9.342,Technology,Central,"Konica Inkjet, Wireless"
799.0,311.49,Technology,Central Asia,"Konica Printer, White"
799.0,239.58,Technology,North,"Konica Printer, White"
799.0,199.8,Technology,North,"Panasonic Printer, Wireless"
799.0,207.72,Office Supplies,North,"Tenex File Cart, Blue"
799.0,383.22,Furniture,EMEA,"Hon Rocking Chair, Adjustable"
799.0,311.49,Technology,Central Asia,"Konica Printer, White"
798.0,-56.996,Furniture,Central,Global Commerce Series High-Back Swivel/Tilt Chairs
798.0,-56.996,Furniture,Central,Global Commerce Series High-Back Swivel/Tilt Chairs
797.0,-199.328,Office Supplies,Central,"Hamilton Beach Refrigerator, White"
797.0,231.264,Furniture,Southeast Asia,"Dania 3-Shelf Cabinet, Pine"
797.0,95.64,Furniture,North,"Safco Floating Shelf Set, Mobile"
796.0,-74.9205,Technology,Central,"Panasonic Inkjet, Wireless"
796.0,190.92,Office Supplies,South,"Smead Lockers, Industrial"
796.0,-525.6405,Furniture,Central,Hon Rectangular Conference Tables
796.0,190.92,Office Supplies,South,"Smead Lockers, Industrial"
796.0,143.1918,Office Supplies,Central,Tennsco 6- and 18-Compartment Lockers
796.0,270.72,Furniture,Central,"Sauder Stackable Bookrack, Pine"
796.0,222.72,Office Supplies,Africa,"Smead Lockers, Industrial"
796.0,69.66,Furniture,North,"Hon Swivel Stool, Set of Two"
796.0,46.7955,Technology,Central,"Panasonic Inkjet, Durable"
796.0,222.72,Office Supplies,Africa,"Smead Lockers, Industrial"
796.0,190.92,Office Supplies,South,"Smead Lockers, Industrial"
796.0,46.7955,Technology,Central,"Panasonic Inkjet, Durable"
796.0,222.72,Office Supplies,Africa,"Smead Lockers, Industrial"
795.0,99.336,Furniture,North,"Bevis Computer Table, with Bottom Storage"
795.0,174.78,Technology,Central,"Panasonic Printer, White"
795.0,245.4064,Technology,South,"Sharp Copy Machine, Laser"
795.0,7.9548,Office Supplies,West,SAFCO Boltless Steel Shelving
795.0,270.36,Technology,North,"Hewlett Copy Machine, Color"
795.0,59.6556,Office Supplies,East,Eureka Sanitaire  Commercial Upright
795.0,245.4064,Technology,South,"Sharp Copy Machine, Laser"
795.0,23.85,Technology,Central Asia,"Hewlett Copy Machine, Color"
794.0,357.12,Office Supplies,Africa,"Smead Lockers, Single Width"
794.0,-8.976,Technology,Oceania,"SanDisk Memory Card, Erganomic"
794.0,134.88,Office Supplies,EMEA,"Smead Lockers, Blue"
794.0,388.8,Office Supplies,North,"Eldon Lockers, Industrial"
794.0,238.9779,Technology,Southeast Asia,"Samsung Signal Booster, with Caller ID"
794.0,-609.6438,Furniture,Southeast Asia,"Hon Conference Table, Adjustable Height"
794.0,-18.7425,Technology,Central,"Okidata Inkjet, White"
794.0,134.88,Office Supplies,Africa,"Smead Lockers, Blue"
794.0,134.88,Office Supplies,North,"Smead Lockers, Blue"
793.0,8.766,Furniture,Oceania,"Safco Classic Bookcase, Mobile"
793.0,8.766,Furniture,Oceania,"Safco Classic Bookcase, Mobile"
793.0,343.836,Technology,Oceania,"Brother Ink, Digital"
792.0,214.2945,Technology,Central,"Konica Inkjet, White"
792.0,236.41296,Technology,North,"Sharp Fax and Copier, Color"
792.0,118.8,Furniture,Africa,"Safco Floating Shelf Set, Pine"
792.0,-131.994,Technology,East,Samsung Galaxy Note 3
792.0,128.6805,Technology,Central,Plantronics CS510 - Over-the-Head monaural Wireless Headset System
791.0,101.37552,Technology,South,"Sharp Fax Machine, Color"
791.0,126.54,Technology,North Asia,"Brother Copy Machine, Color"
791.0,-52.74,Furniture,Central,"Safco Classic Bookcase, Pine"
790.0,149.94,Furniture,Central,"Sauder 3-Shelf Cabinet, Mobile"
790.0,229.05,Technology,North Asia,"Hewlett Copy Machine, Laser"
790.0,197.436,Furniture,Central,"Hon Computer Table, Fully Assembled"
790.0,378.516,Technology,South,"Sharp Copy Machine, Color"
790.0,-10.5975,Technology,Southeast Asia,"Epson Receipt Printer, Wireless"
789.0,-61.35,Furniture,Oceania,"Safco Classic Bookcase, Traditional"
789.0,-259.3944,Furniture,Southeast Asia,"Harbour Creations Swivel Stool, Red"
789.0,-83.592,Technology,Central,"Cisco Signal Booster, Cordless"
788.0,291.6,Furniture,EMEA,"Sauder Floating Shelf Set, Mobile"
788.0,291.6,Furniture,North,"Sauder Floating Shelf Set, Mobile"
788.0,338.76,Office Supplies,Central Asia,"Eldon Lockers, Wire Frame"
788.0,291.6,Furniture,Africa,"Sauder Floating Shelf Set, Mobile"
788.0,291.6,Furniture,EMEA,"Sauder Floating Shelf Set, Mobile"
788.0,338.76,Office Supplies,Central Asia,"Eldon Lockers, Wire Frame"
788.0,291.6,Furniture,EMEA,"Sauder Floating Shelf Set, Mobile"
788.0,165.3813,Furniture,West,Hon Racetrack Conference Tables
788.0,102.42,Technology,Central Asia,"Epson Printer, Durable"
787.0,-258.5016,Furniture,East,Hon 2090 âPillow Softâ Series Mid Back Swivel/Tilt Chairs
787.0,92.9832,Technology,Central,"Sharp Fax Machine, Laser"
787.0,393.48,Furniture,North Asia,"Safco Floating Shelf Set, Traditional"
787.0,227.178,Furniture,Oceania,"Bush Stackable Bookrack, Pine"
786.0,369.27,Technology,Central Asia,"Brother Copy Machine, Laser"
786.0,157.05,Technology,North Asia,"Hewlett Copy Machine, Color"
786.0,385.3752,Office Supplies,West,"Dot Matrix Printer Tape Reel Labels, White, 5000/Box"
786.0,-563.8032,Furniture,Southeast Asia,"Bevis Computer Table, Fully Assembled"
786.0,91.59,Technology,Oceania,"Brother Copy Machine, Laser"
786.0,369.27,Technology,Southeast Asia,"Brother Copy Machine, Laser"
786.0,212.1876,Furniture,East,Global Italian Leather Office Chair
786.0,157.05,Technology,Central Asia,"Hewlett Copy Machine, Color"
786.0,369.27,Technology,North Asia,"Brother Copy Machine, Laser"
786.0,-18.54,Technology,Central,"Cisco Audio Dock, Cordless"
785.0,-510.312,Technology,Central,"Cisco Smart Phone, with Caller ID"
785.0,62.208,Furniture,Southeast Asia,"Bush Classic Bookcase, Mobile"
785.0,270.282,Furniture,Central,"Sauder Classic Bookcase, Traditional"
785.0,94.23,Technology,North Asia,"Canon Copy Machine, Digital"
785.0,52.308,Technology,South,"Cisco Smart Phone, with Caller ID"
785.0,86.31,Technology,Central,"Canon Copy Machine, Digital"
785.0,156.96,Furniture,Central Asia,"Safco Floating Shelf Set, Metal"
785.0,227.48,Furniture,Central,"Tenex Frame, Durable"
785.0,270.282,Furniture,Central,"Sauder Classic Bookcase, Traditional"
784.0,312.44976,Technology,South,"Sharp Fax and Copier, Digital"
784.0,219.5088,Technology,East,Panasonic KX-TG9471B
784.0,68.5965,Technology,West,Plantronics Calisto P620-M USB Wireless Speakerphone System
784.0,337.14,Technology,Southeast Asia,"Sharp Fax and Copier, Laser"
784.0,31.22,Furniture,South,"SAFCO Swivel Stool, Red"
784.0,78.396,Technology,South,Panasonic KX-TG9471B
783.0,203.5644,Furniture,East,"Atlantic Metals Mobile 3-Shelf Bookcases, Custom Colors"
782.0,225.6328,Technology,Central,"Sharp Fax Machine, High-Speed"
782.0,391.14,Furniture,EMEA,"Safco Library with Doors, Pine"
782.0,312.9,Furniture,Central,"Safco Library with Doors, Pine"
782.0,-137.976,Furniture,Central,Sauder Camden County Collection Library
782.0,-129.4792,Technology,Caribbean,"Brother Ink, Digital"
782.0,-482.124,Technology,Central,"Cisco Smart Phone, Cordless"
781.0,164.67,Technology,South,"Motorola Audio Dock, VoIP"
781.0,179.55,Technology,Southeast Asia,"Belkin Router, Programmable"
781.0,54.54,Technology,Central Asia,"HP Ink, Color"
781.0,281.25,Technology,Central Asia,"Brother Copy Machine, Color"
781.0,140.58,Technology,South,"Canon Copy Machine, High-Speed"
781.0,343.53,Technology,North,"Belkin Router, Programmable"
781.0,-599.616,Furniture,Southeast Asia,"Lesro Round Table, Adjustable Height"
781.0,-594.09,Technology,Central,"Brother Copy Machine, Color"
781.0,181.6512,Furniture,Southeast Asia,"Novimex Rocking Chair, Set of Two"
781.0,-0.032,Furniture,North,"Ikea Library with Doors, Mobile"
781.0,164.67,Technology,Central,"Motorola Audio Dock, VoIP"
780.0,-535.227,Technology,Central,"Brother Fax Machine, Laser"
780.0,187.26,Furniture,Central,"Sauder Library with Doors, Mobile"
780.0,257.46,Furniture,North Asia,"Sauder Library with Doors, Mobile"
780.0,202.68,Furniture,Oceania,"Safco Library with Doors, Traditional"
780.0,320.715,Technology,Oceania,"Motorola Audio Dock, with Caller ID"
780.0,-168.9558,Technology,East,Apple iPhone 5
780.0,117.0,Furniture,Central,"Sauder Library with Doors, Mobile"
780.0,-376.82,Furniture,Central,"Safco Library with Doors, Traditional"
780.0,23.34,Furniture,Africa,"Safco Library with Doors, Traditional"
779.0,-0.12,Technology,Central,"Cisco Audio Dock, Full Size"
779.0,132.3,Furniture,Africa,"Safco Library with Doors, Metal"
779.0,31.14,Technology,Central,"Motorola Speaker Phone, VoIP"
779.0,216.95832,Technology,North,"HP Ink, Color"
779.0,119.0835,Technology,Central,"Epson Inkjet, White"
778.0,62.22,Furniture,North,"Sauder Library with Doors, Pine"
778.0,198.72,Furniture,Oceania,"Ikea Floating Shelf Set, Mobile"
778.0,149.9499,Technology,Southeast Asia,"Okidata Inkjet, Durable"
777.0,54.4047,Office Supplies,West,Fellowes Recycled Storage Drawers
777.0,170.88,Technology,North,"Hewlett Fax and Copier, Color"
777.0,365.13,Technology,Central,"Belkin Router, USB"
777.0,365.13,Technology,Central,"Belkin Router, USB"
777.0,-181.265,Technology,East,Nortel Meridian M5316 Digital phone
777.0,129.36,Technology,South,"Apple Speaker Phone, with Caller ID"
776.0,181.062,Technology,Oceania,"Nokia Speaker Phone, VoIP"
776.0,301.812,Technology,Oceania,"Samsung Speaker Phone, with Caller ID"
776.0,58.1796,Technology,West,Aastra 57i VoIP phone
776.0,186.24,Furniture,North,"Sauder Floating Shelf Set, Metal"
776.0,224.91,Technology,Central Asia,"Enermax Router, USB"
776.0,139.59,Technology,Central,"Enermax Router, USB"
776.0,83.88576,Technology,Caribbean,"Hewlett Personal Copier, Color"
776.0,94.806,Furniture,Oceania,"Ikea 3-Shelf Cabinet, Pine"
776.0,213.216,Furniture,North,"Chromcraft Wood Table, Adjustable Height"
776.0,-326.1,Technology,North,"Panasonic Inkjet, White"
776.0,290.96,Furniture,North,"Dania Library with Doors, Pine"
776.0,225.09,Technology,North Asia,"Belkin Router, Bluetooth"
775.0,146.328,Furniture,Oceania,"Ikea Corner Shelving, Traditional"
775.0,7.74,Furniture,Africa,"Sauder Library with Doors, Traditional"
774.0,63.6975,Technology,Central,"Cisco Audio Dock, with Caller ID"
774.0,224.4426,Technology,East,Digium D40 VoIP phone
774.0,170.1,Technology,North,"SanDisk Router, Programmable"
774.0,-742.995,Furniture,South,"Hon Round Table, with Bottom Storage"
774.0,325.14,Furniture,North Asia,"Sauder Library with Doors, Metal"
774.0,185.76,Furniture,South,"Sauder Library with Doors, Metal"
774.0,170.1,Technology,Central,"SanDisk Router, Programmable"
774.0,99.0896,Technology,Caribbean,"Canon Ink, High-Speed"
773.0,-51.645,Furniture,Oceania,"Ikea Floating Shelf Set, Pine"
773.0,54.0,Office Supplies,Africa,"Smead File Cart, Single Width"
773.0,162.36,Office Supplies,North Asia,"Smead File Cart, Single Width"
773.0,-257.604,Technology,Central,"Motorola Smart Phone, Full Size"
773.0,326.448,Technology,Oceania,"Motorola Signal Booster, VoIP"
773.0,-57.951,Office Supplies,Central,Fellowes Staxonsteel Drawer Files
773.0,-25.764,Technology,Oceania,"Motorola Smart Phone, Full Size"
773.0,-680.7,Technology,South,"Cisco Signal Booster, Cordless"
773.0,46.35,Technology,Central,"Cisco Signal Booster, Cordless"
773.0,108.1752,Office Supplies,East,Fellowes Staxonsteel Drawer Files
773.0,216.32,Furniture,Central,"Ikea 3-Shelf Cabinet, Mobile"
773.0,108.1752,Office Supplies,West,Fellowes Staxonsteel Drawer Files
772.0,146.7693,Technology,West,LogitechÂ P710e Mobile Speakerphone
772.0,67.488,Furniture,North,"Dania Library with Doors, Metal"
772.0,146.7693,Technology,West,LogitechÂ P710e Mobile Speakerphone
772.0,185.16,Technology,Central,"Brother Fax and Copier, Color"
772.0,185.16,Technology,North,"Brother Fax and Copier, Color"
771.0,-424.284,Technology,South,"Motorola Smart Phone, Cordless"
771.0,-447.15,Technology,Central Asia,"Epson Inkjet, Wireless"
771.0,7.56,Furniture,Central Asia,"Deflect-O Frame, Duo Pack"
771.0,-321.372,Technology,Oceania,"Motorola Smart Phone, Full Size"
771.0,154.17,Furniture,Central Asia,"SAFCO Steel Folding Chair, Red"
771.0,162.702,Furniture,Central,"Bush 3-Shelf Cabinet, Metal"
770.0,84.63,Furniture,Central,"Rubbermaid Frame, Duo Pack"
770.0,170.982,Technology,Oceania,"Brother Personal Copier, Digital"
770.0,232.0011,Office Supplies,Southeast Asia,"Hoover Microwave, Silver"
770.0,215.64,Office Supplies,EMEA,"Smead File Cart, Industrial"
770.0,59.22,Furniture,Southeast Asia,"Sauder 3-Shelf Cabinet, Mobile"
770.0,215.64,Office Supplies,EMEA,"Smead File Cart, Industrial"
770.0,38.22,Office Supplies,South,"Eldon File Cart, Single Width"
770.0,77.0352,Furniture,West,Hon 4070 Series Pagoda Round Back Stacking Chairs
770.0,130.77,Technology,Central Asia,"Belkin Router, Erganomic"
770.0,9.2664,Technology,Southeast Asia,"Cisco Signal Booster, Cordless"
770.0,232.0011,Office Supplies,Southeast Asia,"Hoover Microwave, Silver"
770.0,223.2855,Technology,Central,Nortel Meridian M3904 Professional Digital phone
770.0,323.19,Technology,North,"SanDisk Router, USB"
770.0,384.72,Furniture,North Asia,"Rubbermaid Frame, Duo Pack"
769.0,-163.4516,Office Supplies,East,Premier Automatic Letter Opener
769.0,299.016,Furniture,Central,"Ikea 3-Shelf Cabinet, Traditional"
769.0,299.016,Furniture,Central,"Ikea 3-Shelf Cabinet, Traditional"
769.0,153.72,Furniture,Central,"SAFCO Rocking Chair, Adjustable"
769.0,269.22,Office Supplies,Africa,"BIC Canvas, Fluorescent"
769.0,-20.7,Furniture,Southeast Asia,"Hon Rocking Chair, Black"
769.0,169.02,Technology,North,"StarTech Printer, Wireless"
768.0,-819.376,Furniture,South,"Chromcraft Wood Table, Rectangular"
768.0,45.9,Office Supplies,Central Asia,"Eldon File Cart, Single Width"
768.0,275.65992,Technology,Caribbean,"Hewlett Fax and Copier, Digital"
768.0,-358.488,Technology,Oceania,"Brother Fax Machine, Color"
768.0,-41.334,Furniture,Southeast Asia,"Ikea Classic Bookcase, Pine"
768.0,45.9,Office Supplies,North Asia,"Eldon File Cart, Single Width"
768.0,138.06,Office Supplies,EMEA,"Eldon File Cart, Single Width"
768.0,287.982,Technology,West,DYMO CardScan Personal V9 Business Card Scanner
767.0,-178.908,Technology,Oceania,"Nokia Smart Phone, with Caller ID"
767.0,114.972,Technology,Oceania,"Apple Smart Phone, with Caller ID"
767.0,-352.8,Office Supplies,North,"Hoover Microwave, White"
767.0,-421.74,Technology,Central,"Samsung Smart Phone, Cordless"
767.0,161.9674,Furniture,East,"Global Push Button Manager's Chair, Indigo"
767.0,22.86,Office Supplies,North Asia,"Eldon File Cart, Industrial"
767.0,288.4446,Furniture,Southeast Asia,"Dania Classic Bookcase, Pine"
767.0,-421.74,Technology,Central,"Samsung Smart Phone, Cordless"
766.0,8.505,Furniture,Oceania,"SAFCO Swivel Stool, Set of Two"
766.0,-566.5625,Furniture,Central,BoxOffice By Design Rectangular and Half-Moon Meeting Room Tables
766.0,314.559,Furniture,Central,"Dania Corner Shelving, Metal"
765.0,-216.72,Technology,South,"Nokia Smart Phone, Full Size"
765.0,7.56,Office Supplies,North,"Smead File Cart, Blue"
765.0,118.875,Technology,Oceania,"Epson Card Printer, Wireless"
765.0,135.882,Office Supplies,Central,"Rogers File Cart, Single Width"
765.0,-36.081,Technology,Central,"StarTech Inkjet, Durable"
765.0,-178.578,Office Supplies,South,"Rogers File Cart, Single Width"
765.0,-153.0,Technology,South,"Apple Smart Phone, Full Size"
765.0,-369.72,Technology,South,"Nokia Smart Phone, Full Size"
765.0,95.586,Furniture,West,Hon Non-Folding Utility Tables
765.0,-306.012,Technology,South,"Samsung Smart Phone, Full Size"
765.0,0.0,Furniture,Caribbean,"Office Star Rocking Chair, Adjustable"
765.0,-331.5,Technology,Central,"Apple Smart Phone, Full Size"
765.0,359.64,Technology,Africa,"Canon Fax and Copier, Laser"
765.0,-306.012,Technology,South,"Samsung Smart Phone, Full Size"
764.0,381.96,Technology,Central Asia,"Canon Fax and Copier, Digital"
764.0,183.36,Technology,EMEA,"Hewlett Fax and Copier, High-Speed"
764.0,183.36,Technology,EMEA,"Hewlett Fax and Copier, High-Speed"
764.0,-134.811,Technology,Central,"HP Fax Machine, Digital"
764.0,381.96,Technology,North Asia,"Canon Fax and Copier, Digital"
764.0,-416.703,Office Supplies,Southeast Asia,"Smead Lockers, Blue"
764.0,183.36,Technology,EMEA,"Hewlett Fax and Copier, High-Speed"
764.0,84.0,Technology,Central,"Canon Fax and Copier, Digital"
763.0,-21.808,Furniture,Central,"Lifetime Advantage Folding Chairs, 4/Carton"
763.0,288.015,Furniture,Oceania,"Dania Stackable Bookrack, Traditional"
763.0,167.79,Technology,North Asia,"StarTech Receipt Printer, White"
763.0,45.8064,Office Supplies,West,Fellowes Stor/Drawer Steel Plus Storage Drawers
763.0,-1143.891,Office Supplies,Central,Fellowes PB500 Electric Punch Plastic Comb Binding Machine with Manual Bind
763.0,366.36,Technology,Central Asia,"Hewlett Wireless Fax, Color"
763.0,152.64,Technology,North,"Hewlett Wireless Fax, Color"
762.0,66.6351,Technology,West,"Plantronics CS 50-USB -Â headsetÂ - Convertible, Monaural"
762.0,-8.475,Furniture,Central,"Dania Floating Shelf Set, Traditional"
762.0,288.75216,Technology,North,"Canon Fax and Copier, Digital"
762.0,-25.488,Office Supplies,Central,"Rogers Lockers, Blue"
762.0,304.92,Technology,Central,"SanDisk Router, Erganomic"
762.0,-8.475,Furniture,Central,"Dania Floating Shelf Set, Traditional"
762.0,101.466,Technology,North,"Brother Personal Copier, High-Speed"
762.0,120.57348,Technology,North,"Hewlett Wireless Fax, Color"
762.0,114.24,Furniture,Central,"Dania 3-Shelf Cabinet, Pine"
762.0,121.95,Technology,Central Asia,"SanDisk Router, Erganomic"
762.0,-444.528,Office Supplies,Oceania,"Rogers Lockers, Blue"
762.0,121.95,Technology,Central Asia,"SanDisk Router, Erganomic"
761.0,159.66,Technology,South,"Brother Wireless Fax, Color"
761.0,266.49,Technology,Central,"Konica Phone, White"
761.0,327.24,Technology,North Asia,"HP Ink, High-Speed"
761.0,-1141.47,Office Supplies,Central,GBC Ibimaster 500 Manual ProClick Binding System
760.0,-43.4352,Furniture,East,Global Ergonomic Managers Chair
760.0,144.42,Technology,North Asia,"Hewlett Wireless Fax, Laser"
760.0,91.14,Technology,North,"Hewlett Wireless Fax, Digital"
760.0,75.93,Furniture,Oceania,"Safco 3-Shelf Cabinet, Traditional"
760.0,144.42,Technology,Central Asia,"Hewlett Wireless Fax, Laser"
760.0,311.46,Technology,North Asia,"Hewlett Wireless Fax, Digital"
760.0,91.14,Technology,Africa,"Hewlett Wireless Fax, Digital"
760.0,311.46,Technology,Central Asia,"Hewlett Wireless Fax, Digital"
760.0,197.64,Office Supplies,Central,"KitchenAid Stove, Red"
760.0,144.42,Technology,North Asia,"Hewlett Wireless Fax, Laser"
760.0,235.68,Technology,South,"Hewlett Wireless Fax, Laser"
760.0,288.84,Technology,North Asia,"Canon Wireless Fax, Color"
760.0,30.33,Technology,Central Asia,"StarTech Printer, Red"
760.0,258.15,Technology,North Asia,"Cisco Signal Booster, VoIP"
759.0,44.079,Technology,North,"Brother Wireless Fax, Color"
759.0,250.6,Office Supplies,North,"KitchenAid Stove, Black"
759.0,7.56,Office Supplies,Central,"Hoover Stove, Silver"
759.0,15.12,Furniture,Oceania,"Bush Corner Shelving, Mobile"
759.0,21.27924,Technology,North,"Hewlett Wireless Fax, Laser"
759.0,21.27924,Technology,Caribbean,"Hewlett Wireless Fax, Laser"
759.0,44.079,Technology,North,"Brother Wireless Fax, Color"
758.0,126.324,Office Supplies,Central,"Rogers Lockers, Wire Frame"
758.0,-84.195,Office Supplies,Oceania,"Hamilton Beach Microwave, White"
758.0,126.324,Office Supplies,Central,"Rogers Lockers, Wire Frame"
758.0,265.4232,Technology,Central,Jawbone JAMBOX Wireless Bluetooth Speaker
758.0,-471.4546,Technology,South,"Hewlett Wireless Fax, Laser"
758.0,151.5,Furniture,North Asia,"Safco Stackable Bookrack, Pine"
758.0,-62.4105,Technology,Central,"Sharp Fax Machine, Color"
758.0,126.324,Office Supplies,South,"Rogers Lockers, Wire Frame"
757.0,371.04,Technology,Central,"Canon Wireless Fax, Laser"
757.0,68.1,Technology,South,"Brother Wireless Fax, Digital"
757.0,68.1,Technology,EMEA,"Brother Wireless Fax, Digital"
757.0,210.21,Technology,Oceania,"Apple Audio Dock, Full Size"
757.0,371.04,Technology,South,"Canon Wireless Fax, Laser"
757.0,371.04,Technology,Central,"Canon Wireless Fax, Laser"
757.0,370.86,Technology,North Asia,"Brother Wireless Fax, Digital"
757.0,30.24,Technology,Oceania,"Canon Wireless Fax, Digital"
757.0,249.84,Office Supplies,Central,"Hoover Stove, Black"
757.0,371.04,Technology,South,"Canon Wireless Fax, Laser"
757.0,332.88,Technology,EMEA,"Canon Wireless Fax, Digital"
757.0,75.68,Furniture,South,"Tenex Chairmat w/ Average Lip, 45"" x 53"""
757.0,332.88,Technology,EMEA,"Canon Wireless Fax, Digital"
757.0,75.68,Furniture,East,"Tenex Chairmat w/ Average Lip, 45"" x 53"""
757.0,302.73,Technology,Oceania,"Sharp Fax and Copier, Digital"
757.0,249.84,Office Supplies,South,"Hoover Stove, Black"
757.0,332.88,Technology,EMEA,"Canon Wireless Fax, Digital"
757.0,136.26,Technology,Oceania,"Canon Wireless Fax, Laser"
757.0,370.8,Technology,Central,"Hewlett Wireless Fax, High-Speed"
757.0,128.52,Technology,EMEA,"Samsung Speaker Phone, Cordless"
757.0,302.7,Technology,North Asia,"Hewlett Wireless Fax, High-Speed"
756.0,335.88,Furniture,Central,"SAFCO Swivel Stool, Red"
756.0,243.48,Furniture,Oceania,"SAFCO Swivel Stool, Red"
756.0,16.785,Furniture,Oceania,"Sauder 3-Shelf Cabinet, Pine"
756.0,-58.8,Office Supplies,Central,"Breville Coffee Grinder, White"
756.0,195.34536,Technology,Caribbean,"Canon Wireless Fax, Laser"
756.0,66.1451,Technology,Central,Cisco 8x8 Inc. 6753i IP Business Phone System
756.0,204.1092,Technology,South,Wireless Extenders zBoost YX545 SOHO Signal Booster
755.0,225.46644,Technology,North,"Hewlett Wireless Fax, High-Speed"
755.0,225.4668,Technology,Central,"Canon Wireless Fax, Digital"
755.0,-419.3054,Technology,South,"Brother Wireless Fax, Laser"
755.0,157.4262,Technology,Central,"Brother Wireless Fax, Digital"
755.0,-419.3054,Technology,South,"Brother Wireless Fax, Laser"
755.0,225.4668,Technology,South,"Canon Wireless Fax, Digital"
755.0,201.258,Technology,South,"Cisco Speaker Phone, Full Size"
755.0,7.52,Office Supplies,Caribbean,"Rogers File Cart, Industrial"
755.0,157.4262,Technology,North,"Brother Wireless Fax, Digital"
754.0,103.608,Furniture,Caribbean,"Harbour Creations Executive Leather Armchair, Adjustable"
754.0,103.608,Furniture,Caribbean,"Harbour Creations Executive Leather Armchair, Adjustable"
754.0,60.356,Furniture,Central,"Global Leather & Oak Executive Chair, Burgundy"
754.0,60.24,Technology,North Asia,"Canon Wireless Fax, High-Speed"
754.0,60.24,Technology,Central Asia,"Canon Wireless Fax, High-Speed"
754.0,120.6,Furniture,North Asia,"Safco Corner Shelving, Pine"
753.0,134.21196,Technology,Central,"Brother Wireless Fax, High-Speed"
753.0,-131.6007,Furniture,Southeast Asia,"Bush Floating Shelf Set, Metal"
753.0,35.4,Technology,Central,"StarTech Receipt Printer, Durable"
753.0,134.21196,Technology,Central,"Brother Wireless Fax, High-Speed"
752.0,84.5982,Technology,South,Samsung Galaxy S4 Mini
752.0,56.352,Furniture,Caribbean,"Office Star Executive Leather Armchair, Adjustable"
752.0,126.59256,Technology,North,"Canon Wireless Fax, High-Speed"
752.0,25.053,Technology,Oceania,"Panasonic Receipt Printer, White"
752.0,56.352,Furniture,North,"Office Star Executive Leather Armchair, Adjustable"
752.0,-10.4601,Furniture,Southeast Asia,"Harbour Creations Rocking Chair, Red"
752.0,150.384,Furniture,East,Hon Every-Day Series Multi-Task Chairs
752.0,56.352,Furniture,Caribbean,"Office Star Executive Leather Armchair, Adjustable"
751.0,37.534,Office Supplies,Central,Tennsco Single-Tier Lockers
751.0,-33.45,Technology,Oceania,"Sharp Fax and Copier, High-Speed"
751.0,-112.752,Furniture,North,"Office Star Executive Leather Armchair, Red"
751.0,144.7479,Office Supplies,Southeast Asia,"Breville Microwave, Red"
751.0,36.09504,Technology,North,"Brother Personal Copier, High-Speed"
751.0,175.035,Technology,Oceania,"Nokia Audio Dock, VoIP"
751.0,46.884,Furniture,North,"Chromcraft Round Table, Adjustable Height"
750.0,-41.805,Furniture,Oceania,"Novimex Swivel Stool, Set of Two"
750.0,233.295,Furniture,Central,"Novimex Swivel Stool, Set of Two"
750.0,22.48,Office Supplies,South,"Breville Stove, Silver"
750.0,91.56,Furniture,North,"Sauder 3-Shelf Cabinet, Traditional"
749.0,307.23,Furniture,South,"Deflect-O Frame, Durable"
749.0,179.76,Furniture,South,"Tenex Frame, Durable"
749.0,-162.2296,Technology,East,LG Exalt
749.0,149.72,Office Supplies,South,"Breville Stove, Red"
749.0,307.23,Furniture,Central,"Deflect-O Frame, Durable"
748.0,-159.57,Furniture,Southeast Asia,"Hon Swivel Stool, Adjustable"
748.0,282.516,Office Supplies,Central,"Fellowes Lockers, Industrial"
748.0,282.516,Office Supplies,Central,"Fellowes Lockers, Industrial"
748.0,-96.1146,Furniture,Central,Hon 4700 Series Mobuis Mid-Back Task Chairs with Adjustable Arms
747.0,-435.84,Technology,Oceania,"Okidata Inkjet, White"
747.0,283.95,Furniture,Central Asia,"Safco Corner Shelving, Traditional"
747.0,8.28,Office Supplies,Central,"Cuisinart Microwave, White"
747.0,265.68,Furniture,Oceania,"Bush Classic Bookcase, Mobile"
747.0,-234.846,Furniture,Oceania,"Bevis Wood Table, with Bottom Storage"
747.0,-41.52,Furniture,Central,"Bush Classic Bookcase, Mobile"
747.0,358.56,Technology,North,"Samsung Speaker Phone, Full Size"
747.0,-234.846,Furniture,North Asia,"Bevis Wood Table, with Bottom Storage"
747.0,-89.7,Technology,Central,"StarTech Inkjet, White"
747.0,-93.42,Furniture,North,"Chromcraft Round Table, with Bottom Storage"
747.0,-269.145,Office Supplies,North,"Hamilton Beach Refrigerator, White"
746.0,14.92,Office Supplies,South,"Breville Stove, White"
746.0,132.588,Office Supplies,Africa,"Fellowes Lockers, Blue"
746.0,182.226,Furniture,Central,"Ikea Classic Bookcase, Mobile"
746.0,182.226,Furniture,Central,"Ikea Classic Bookcase, Mobile"
745.0,-211.224,Technology,Oceania,"Konica Inkjet, White"
744.0,66.084,Furniture,Central,"Dania Classic Bookcase, Mobile"
744.0,-66.12,Furniture,Oceania,"Ikea Classic Bookcase, Pine"
744.0,186.0,Furniture,North,"Lesro Wood Table, Rectangular"
744.0,-95.67,Furniture,Central,Bush Advantage Collection Round Conference Table
744.0,118.8,Technology,EMEA,"HP Personal Copier, Digital"
744.0,24.786,Office Supplies,Central,"Fellowes File Cart, Industrial"
744.0,-353.4,Furniture,South,"Office Star Executive Leather Armchair, Adjustable"
744.0,269.7,Furniture,North,"Office Star Executive Leather Armchair, Adjustable"
744.0,371.7,Furniture,Canada,"Ikea Stackable Bookrack, Pine"
744.0,269.7,Furniture,North,"Office Star Executive Leather Armchair, Adjustable"
744.0,118.8,Technology,Central,"HP Personal Copier, Digital"
744.0,37.05,Technology,Southeast Asia,"Brother Ink, Color"
744.0,-123.998,Technology,East,ClearOne CHATAttach 160 -Â speaker phone
743.0,133.65,Furniture,Central Asia,"Sauder Corner Shelving, Pine"
743.0,-520.335,Office Supplies,North Asia,"Cuisinart Refrigerator, Black"
743.0,230.31,Technology,Southeast Asia,"Memorex Router, Programmable"
743.0,267.3,Technology,North Asia,"Logitech Router, USB"
743.0,255.804,Furniture,Central,"Bush Classic Bookcase, Traditional"
743.0,349.2,Technology,North,"Memorex Router, Programmable"
743.0,181.56,Office Supplies,Oceania,"Fellowes Lockers, Wire Frame"
743.0,-114.492,Technology,Southeast Asia,"Brother Personal Copier, Laser"
743.0,133.65,Furniture,Central Asia,"Sauder Corner Shelving, Pine"
743.0,181.56,Office Supplies,Oceania,"Fellowes Lockers, Wire Frame"
743.0,288.96,Office Supplies,Africa,"Fellowes Lockers, Wire Frame"
743.0,89.1,Technology,South,"Hewlett Ink, Laser"
742.0,271.992,Furniture,Oceania,"Bush Classic Bookcase, Metal"
742.0,197.772,Furniture,North,"Bush Classic Bookcase, Metal"
742.0,7.38,Technology,North Asia,"Logitech Router, Bluetooth"
742.0,59.31,Technology,South,"Logitech Router, Bluetooth"
742.0,197.772,Furniture,Central,"Bush Classic Bookcase, Metal"
742.0,-102.012,Furniture,North,"SAFCO Executive Leather Armchair, Set of Two"
742.0,59.31,Technology,Central,"Logitech Router, Bluetooth"
742.0,83.5128,Technology,West,Plantronics HL10 Handset Lifter
741.0,-88.935,Office Supplies,Central Asia,"Rogers Lockers, Single Width"
741.0,103.68,Furniture,Africa,"Bush Corner Shelving, Metal"
741.0,103.68,Furniture,South,"Bush Corner Shelving, Metal"
741.0,266.7,Furniture,South,"Sauder Stackable Bookrack, Pine"
741.0,-333.564,Furniture,Oceania,"Office Star Swivel Stool, Adjustable"
741.0,68.3685,Technology,Southeast Asia,"Hewlett Wireless Fax, Digital"
740.0,162.72,Technology,South,"Apple Speaker Phone, VoIP"
740.0,29.52,Technology,Caribbean,"Apple Speaker Phone, with Caller ID"
740.0,-166.404,Furniture,North,"Safco Floating Shelf Set, Pine"
740.0,41.118,Furniture,Oceania,"Ikea Classic Bookcase, Metal"
740.0,21.12,Furniture,North Asia,"Hon Wood Table, Rectangular"
740.0,-407.136,Furniture,South,"Bevis Conference Table, Fully Assembled"
740.0,296.1,Technology,EMEA,"Apple Speaker Phone, VoIP"
739.0,280.62,Technology,South,"Memorex Router, Bluetooth"
739.0,125.64,Technology,Caribbean,"Nokia Speaker Phone, VoIP"
739.0,-177.39,Technology,North,"Memorex Router, Bluetooth"
738.0,125.28,Furniture,North Asia,"Dania Stackable Bookrack, Pine"
738.0,147.366,Technology,North,"Nokia Signal Booster, VoIP"
738.0,-8.37,Technology,North,"Apple Signal Booster, with Caller ID"
738.0,228.64,Office Supplies,North,"Cuisinart Microwave, White"
738.0,125.28,Furniture,North Asia,"Dania Stackable Bookrack, Pine"
738.0,-424.56,Furniture,EMEA,"Hon Conference Table, Fully Assembled"
738.0,-166.152,Furniture,Caribbean,"SAFCO Executive Leather Armchair, Red"
738.0,-166.152,Furniture,Caribbean,"SAFCO Executive Leather Armchair, Red"
737.0,207.9225,Technology,Central,"Motorola Audio Dock, with Caller ID"
737.0,261.819,Office Supplies,Oceania,"Breville Blender, White"
737.0,261.819,Office Supplies,Oceania,"Breville Blender, White"
737.0,265.05,Furniture,Southeast Asia,"Sauder Corner Shelving, Traditional"
737.0,0.0,Technology,South,"Brother Ink, Laser"
736.0,8.04,Technology,Oceania,"StarTech Card Printer, Durable"
736.0,-78.003,Technology,Central,"Hewlett Personal Copier, Laser"
736.0,89.892,Office Supplies,Central,"Fellowes File Cart, Wire Frame"
736.0,-1030.722,Technology,Africa,"Konica Card Printer, Durable"
736.0,331.191,Office Supplies,Central,Ibico Ibimaster 300 Manual Binding System
736.0,345.75,Technology,Central,"Canon Ink, Laser"
736.0,201.6,Furniture,Southeast Asia,"Harbour Creations Chairmat, Red"
736.0,331.191,Office Supplies,Central,Ibico Ibimaster 300 Manual Binding System
736.0,331.191,Office Supplies,East,Ibico Ibimaster 300 Manual Binding System
736.0,95.58,Technology,Central Asia,"Sharp Ink, High-Speed"
735.0,-32.712,Office Supplies,Central,"Tenex Lockers, Single Width"
735.0,250.02,Technology,North,"HP Copy Machine, Color"
735.0,82.728,Furniture,North,"Hon Executive Leather Armchair, Adjustable"
735.0,82.728,Furniture,North,"Hon Executive Leather Armchair, Adjustable"
735.0,-32.712,Office Supplies,Africa,"Tenex Lockers, Single Width"
735.0,-183.756,Furniture,South,"Hon Executive Leather Armchair, Red"
735.0,190.98,Technology,South,"HP Personal Copier, High-Speed"
735.0,130.62,Office Supplies,Central,"Tenex Lockers, Blue"
735.0,271.98,Furniture,Canada,"Ikea Stackable Bookrack, Traditional"
735.0,-32.712,Office Supplies,Central,"Tenex Lockers, Single Width"
735.0,29.34,Furniture,EMEA,"Ikea Corner Shelving, Metal"
735.0,130.62,Office Supplies,Central,"Tenex Lockers, Blue"
735.0,-0.324,Technology,Oceania,"Samsung Office Telephone, Cordless"
735.0,-235.35,Technology,Central,"HP Copy Machine, Color"
734.0,86.205,Technology,Central,"Apple Speaker Phone, with Caller ID"
734.0,212.76,Technology,North,"Konica Receipt Printer, Durable"
734.0,128.52,Furniture,North,"SAFCO Executive Leather Armchair, Black"
734.0,352.296,Office Supplies,West,Xerox 1941
734.0,247.86,Furniture,South,"SAFCO Executive Leather Armchair, Black"
733.0,227.28,Technology,North,"Cisco Audio Dock, Full Size"
733.0,174.0,Furniture,Caribbean,"Novimex Executive Leather Armchair, Black"
733.0,278.37,Furniture,Central Asia,"Hon Steel Folding Chair, Red"
733.0,109.92,Technology,North,"Cisco Audio Dock, Full Size"
733.0,307.8,Technology,Africa,"Samsung Headset, VoIP"
732.0,102.42,Furniture,Central Asia,"Ikea Library with Doors, Mobile"
732.0,219.582,Furniture,South,"Hon Deluxe Fabric Upholstered Stacking Chairs, Rounded Back"
732.0,146.34,Furniture,South,"Ikea Library with Doors, Mobile"
732.0,146.34,Furniture,Central,"Ikea Library with Doors, Mobile"
732.0,219.6,Technology,Central,"Memorex Router, Erganomic"
732.0,146.34,Furniture,South,"Ikea Library with Doors, Mobile"
731.0,102.0573,Technology,Southeast Asia,"Hewlett Copy Machine, Color"
731.0,102.0573,Technology,Southeast Asia,"Hewlett Copy Machine, Color"
731.0,160.83,Technology,Central Asia,"HP Copy Machine, High-Speed"
731.0,80.4,Furniture,EMEA,"Bush Library with Doors, Pine"
731.0,175.5,Furniture,North Asia,"Bush Library with Doors, Pine"
731.0,-463.26,Furniture,South,"Bush Library with Doors, Pine"
731.0,118.824,Furniture,North,"Hon Executive Leather Armchair, Black"
731.0,118.832,Furniture,North,"Sauder Floating Shelf Set, Pine"
731.0,118.824,Furniture,North,"Hon Executive Leather Armchair, Black"
730.0,320.94,Furniture,South,"Dania Stackable Bookrack, Mobile"
730.0,167.82,Furniture,South,"Dania Library with Doors, Mobile"
730.0,175.2,Technology,Oceania,"Cisco Headset, Cordless"
730.0,-60.2805,Technology,Central,"Sharp Ink, High-Speed"
730.0,124.02,Furniture,Oceania,"Dania Library with Doors, Mobile"
730.0,-38.9475,Furniture,Southeast Asia,"Advantus Frame, Durable"
730.0,94.926,Furniture,West,"Lesro Round Back Collection Coffee Table, End Table"
730.0,7.29,Technology,Central Asia,"HP Copy Machine, Laser"
730.0,364.95,Technology,North,"HP Copy Machine, Laser"
730.0,204.48,Furniture,EMEA,"Harbour Creations Swivel Stool, Adjustable"
729.0,-56.715,Furniture,Central,"Novimex Swivel Stool, Black"
729.0,225.84,Technology,Oceania,"Cisco Audio Dock, VoIP"
729.0,189.42,Furniture,South,"Bush Library with Doors, Traditional"
729.0,-157.9383,Technology,East,Cisco 8x8 Inc. 6753i IP Business Phone System
729.0,-32.472,Technology,Oceania,"Logitech Memory Card, Erganomic"
729.0,218.82,Furniture,North Asia,"Ikea Library with Doors, Pine"
729.0,225.84,Technology,Central Asia,"Cisco Audio Dock, VoIP"
729.0,18.192,Furniture,North,"Novimex Executive Leather Armchair, Adjustable"
729.0,247.92,Furniture,North Asia,"Harbour Creations Swivel Stool, Set of Two"
729.0,94.8,Furniture,Central,"Harbour Creations Swivel Stool, Set of Two"
729.0,234.645,Technology,Oceania,"StarTech Card Printer, White"
729.0,218.82,Furniture,North Asia,"Ikea Library with Doors, Pine"
729.0,36.42,Furniture,EMEA,"Bush Library with Doors, Traditional"
729.0,-492.42,Furniture,Central,"Ikea Library with Doors, Pine"
729.0,29.1528,Office Supplies,West,Carina Double Wide Media Storage Towers in Natural & Black
729.0,240.72,Furniture,South,"Ikea Library with Doors, Pine"
729.0,-133.728,Technology,South,"Motorola Audio Dock, VoIP"
728.0,-81.864,Furniture,South,"Hon Executive Leather Armchair, Adjustable"
728.0,79.98,Furniture,North,"Dania Library with Doors, Pine"
728.0,121.2,Furniture,Central,"Dania Library with Doors, Pine"
728.0,-27.324,Furniture,North,"Hon Executive Leather Armchair, Adjustable"
728.0,-81.864,Furniture,South,"Hon Executive Leather Armchair, Adjustable"
728.0,43.65,Technology,South,"Brother Ink, High-Speed"
728.0,145.476,Furniture,Central Asia,"Hon Executive Leather Armchair, Adjustable"
728.0,116.4,Furniture,Central,"Bush Library with Doors, Metal"
728.0,-254.2122,Technology,Southeast Asia,"Hewlett Fax and Copier, Digital"
727.0,-399.78,Furniture,South,"Barricks Conference Table, Fully Assembled"
727.0,-18.18,Furniture,North,"Lesro Round Table, Adjustable Height"
727.0,-465.568,Furniture,West,Hon 5100 Series Wood Tables
727.0,319.74,Furniture,EMEA,"Ikea Library with Doors, Traditional"
727.0,-387.864,Furniture,Southeast Asia,"Chromcraft Coffee Table, Adjustable Height"
727.0,319.74,Furniture,Central,"Ikea Library with Doors, Traditional"
727.0,-172.7328,Office Supplies,Central,SAFCO Boltless Steel Shelving
726.0,65.28,Furniture,Central Asia,"Ikea Library with Doors, Metal"
726.0,140.5386,Technology,Southeast Asia,"Canon Copy Machine, High-Speed"
726.0,94.32,Furniture,South,"Ikea Library with Doors, Metal"
726.0,355.5,Technology,North Asia,"HP Copy Machine, Color"
726.0,101.64,Technology,North Asia,"Memorex Memory Card, Programmable"
726.0,117.984,Furniture,North,"SAFCO Swivel Stool, Set of Two"
726.0,210.4936,Office Supplies,West,Adjustable Depth Letter/Legal Cart
726.0,355.5,Technology,North Asia,"HP Copy Machine, Color"
726.0,210.4936,Office Supplies,West,Adjustable Depth Letter/Legal Cart
725.0,333.36,Furniture,North Asia,"Dania Library with Doors, Traditional"
725.0,-471.024,Technology,Oceania,"StarTech Inkjet, Wireless"
725.0,333.36,Furniture,North Asia,"Dania Library with Doors, Traditional"
725.0,79.68,Furniture,Africa,"Dania Library with Doors, Traditional"
725.0,122.7015,Furniture,Southeast Asia,"Bush Corner Shelving, Traditional"
725.0,333.36,Furniture,North Asia,"Dania Library with Doors, Traditional"
725.0,208.5138,Furniture,Southeast Asia,"SAFCO Swivel Stool, Black"
725.0,79.68,Furniture,EMEA,"Dania Library with Doors, Traditional"
725.0,144.99,Furniture,Central,"Hon Swivel Stool, Black"
725.0,54.4008,Furniture,West,Hon GuestStacker Chair
724.0,-156.88,Furniture,Central,"Dania Library with Doors, Metal"
724.0,-84.576,Office Supplies,Oceania,"Breville Microwave, Red"
724.0,-217.2,Furniture,Central,"Dania Library with Doors, Metal"
724.0,-1472.376,Office Supplies,Africa,"Breville Microwave, Red"
724.0,253.26,Furniture,North,"Dania Library with Doors, Metal"
724.0,-446.712,Technology,South,"StarTech Inkjet, Wireless"
724.0,21.72,Office Supplies,Central,"Hamilton Beach Stove, Silver"
724.0,-135.765,Office Supplies,Central,Space Solutions Commercial Steel Shelving
724.0,188.2192,Furniture,South,Global Ergonomic Managers Chair
724.0,-81.441,Furniture,South,O'Sullivan Manor Hill 2-Door Library in Brianna Oak
724.0,72.408,Technology,Oceania,"StarTech Inkjet, Wireless"
724.0,253.26,Furniture,South,"Dania Library with Doors, Metal"
724.0,101.22,Technology,North Asia,"Logitech Memory Card, Bluetooth"
723.0,332.7,Technology,North Asia,"HP Wireless Fax, Color"
723.0,7.2,Technology,South,"HP Wireless Fax, Color"
723.0,-277.396,Technology,Central,"Enermax Router, Bluetooth"
723.0,86.76,Office Supplies,North,"Hamilton Beach Stove, Red"
723.0,332.7,Technology,Central Asia,"HP Wireless Fax, Color"
723.0,-80.352,Furniture,Central,"Office Star Steel Folding Chair, Black"
723.0,122.85,Furniture,Central Asia,"Harbour Creations Rocking Chair, Black"
722.0,50.56,Office Supplies,Caribbean,"Hamilton Beach Stove, Black"
722.0,68.7114,Technology,Southeast Asia,"Brother Fax and Copier, Digital"
722.0,90.294,Furniture,East,"Atlantic Metals Mobile 5-Shelf Bookcases, Custom Colors"
722.0,50.56,Office Supplies,North,"Hamilton Beach Stove, Black"
722.0,-420.0,Furniture,South,BoxOffice By Design Rectangular and Half-Moon Meeting Room Tables
722.0,81.2646,Furniture,West,"Global Leather and Oak Executive Chair, Black"
722.0,251.6934,Technology,South,"HP Wireless Fax, Color"
722.0,251.6934,Technology,South,"HP Wireless Fax, Color"
721.0,-126.252,Furniture,Central Asia,"Harbour Creations Steel Folding Chair, Set of Two"
721.0,33.945,Technology,Central,"Apple Audio Dock, Cordless"
721.0,72.04,Office Supplies,North,"Hamilton Beach Stove, White"
721.0,187.3976,Office Supplies,West,Standard Rollaway File with Lock
721.0,54.057,Office Supplies,Central,Standard Rollaway File with Lock
720.0,43.2,Technology,Africa,"HP Wireless Fax, Laser"
720.0,-63.0056,Office Supplies,South,Tennsco Double-Tier Lockers
720.0,0.0,Technology,Central Asia,"Okidata Receipt Printer, Red"
720.0,43.2,Technology,North,"HP Wireless Fax, Laser"
720.0,71.9952,Technology,Central,Motorola Droid Maxx
720.0,21.6,Office Supplies,South,"Breville Coffee Grinder, White"
720.0,-63.0056,Office Supplies,South,Tennsco Double-Tier Lockers
720.0,135.03,Furniture,Central,"Harbour Creations Swivel Stool, Red"
720.0,43.2,Technology,EMEA,"HP Wireless Fax, Laser"
720.0,201.66,Technology,Central Asia,"HP Wireless Fax, Laser"
720.0,50.25,Furniture,North,"Dania 3-Shelf Cabinet, Mobile"
720.0,64.68,Office Supplies,EMEA,"Ibico Binding Machine, Economy"
720.0,43.2,Technology,EMEA,"Sharp Personal Copier, Laser"
720.0,134.9955,Technology,Central,Brother DCP1000 Digital 3 in 1 Multifunction Machine
720.0,270.9474,Furniture,Southeast Asia,"Sauder Library with Doors, Metal"
720.0,-19.8252,Furniture,Southeast Asia,"Novimex Swivel Stool, Red"
720.0,158.28,Technology,North Asia,"HP Wireless Fax, Digital"
720.0,53.997,Technology,Central,Polycom VVX 310 VoIP phone
719.0,-143.9175,Furniture,Southeast Asia,"Barricks Training Table, Fully Assembled"
719.0,-161.694,Office Supplies,West,Fellowes Officeware Wire Shelving
719.0,63.9,Office Supplies,South,"Tenex File Cart, Blue"
719.0,301.84,Office Supplies,Central,"Cuisinart Stove, Silver"
719.0,301.84,Office Supplies,Central,"Cuisinart Stove, Silver"
719.0,99.35916,Technology,North,"HP Wireless Fax, Laser"
719.0,101.394,Technology,Central,"Canon Personal Copier, High-Speed"
719.0,152.676,Furniture,North,"Sauder Corner Shelving, Mobile"
719.0,303.354,Furniture,Central,"Hon Rocking Chair, Adjustable"
719.0,21.45,Furniture,South,"Ikea 3-Shelf Cabinet, Pine"
719.0,273.24,Technology,Central,"Apple Office Telephone, VoIP"
718.0,-314.6814,Technology,Central,"HP Wireless Fax, Laser"
718.0,315.99,Technology,Central,"Sharp Copy Machine, High-Speed"
718.0,243.84,Technology,Africa,"Cisco Headset, Full Size"
718.0,71.772,Furniture,West,Global Comet Stacking Armless Chair
718.0,71.772,Furniture,West,Global Comet Stacking Armless Chair
718.0,-71.8116,Furniture,Central,"Bush Andora Conference Table, Maple/Graphite Gray Finish"
718.0,-79.737,Technology,Oceania,"SanDisk Memory Card, Programmable"
717.0,146.5164,Technology,Southeast Asia,"Hewlett Fax and Copier, Laser"
717.0,121.88,Office Supplies,Central,"Cuisinart Stove, Black"
717.0,252.9,Technology,Central,"Sharp Fax and Copier, Laser"
717.0,250.8,Furniture,Central Asia,"Bush 3-Shelf Cabinet, Traditional"
717.0,93.15,Technology,North,"Sharp Copy Machine, Laser"
717.0,224.028,Furniture,North,"Safco Corner Shelving, Traditional"
717.0,152.388,Technology,South,Enermax Acrylux Wireless Keyboard
717.0,93.15,Technology,Central,"Sharp Copy Machine, Laser"
717.0,15.936,Furniture,Central,"Safco Floating Shelf Set, Mobile"
716.0,221.92,Technology,Central,"Okidata Printer, Wireless"
716.0,35.7,Technology,North,"Motorola Signal Booster, VoIP"
716.0,242.46432,Technology,South,"Sharp Personal Copier, Digital"
716.0,250.38,Technology,North,"Panasonic Receipt Printer, White"
716.0,100.98,Technology,Central,"Epson Card Printer, White"
716.0,193.32,Technology,East,Wilson Electronics DB Pro Signal Booster
716.0,178.91,Office Supplies,Central,Hoover Shoulder Vac Commercial Portable Vacuum
716.0,343.65,Technology,North Asia,"Motorola Signal Booster, VoIP"
716.0,250.38,Technology,North,"Panasonic Receipt Printer, White"
716.0,150.15,Technology,Central,"Memorex Memory Card, Bluetooth"
716.0,143.16,Office Supplies,Central,"Smead Lockers, Industrial"
716.0,178.91,Office Supplies,West,Hoover Shoulder Vac Commercial Portable Vacuum
715.0,34.38636,Technology,North,"HP Wireless Fax, High-Speed"
715.0,235.8,Technology,Africa,"Sharp Wireless Fax, Color"
715.0,235.8,Technology,Africa,"Sharp Wireless Fax, Color"
715.0,178.8,Furniture,East,Safco Contoured Stacking Chairs
715.0,-107.9196,Furniture,Southeast Asia,"Bevis Training Table, Adjustable Height"
714.0,207.147,Office Supplies,Central,Letter Size Cart
714.0,277.74,Office Supplies,Oceania,"Smead Lockers, Single Width"
714.0,-309.33,Technology,South,"Epson Card Printer, Wireless"
714.0,342.36,Technology,North Asia,"SanDisk Keyboard, Erganomic"
714.0,309.444,Office Supplies,Central,"Eldon Lockers, Industrial"
714.0,207.147,Office Supplies,East,Letter Size Cart
714.0,-142.83,Furniture,North,"Harbour Creations Executive Leather Armchair, Adjustable"
714.0,55.512,Office Supplies,Central,"Smead Lockers, Blue"
714.0,-178.56,Furniture,South,"Office Star Steel Folding Chair, Black"
714.0,214.164,Office Supplies,East,"Hot File 7-Pocket, Floor Stand"
714.0,309.444,Office Supplies,Central,"Eldon Lockers, Industrial"
714.0,-28.59,Furniture,Southeast Asia,"Harbour Creations Executive Leather Armchair, Adjustable"
714.0,277.74,Office Supplies,Oceania,"Smead Lockers, Single Width"
714.0,277.74,Office Supplies,Oceania,"Smead Lockers, Single Width"
714.0,277.74,Office Supplies,South,"Smead Lockers, Single Width"
713.0,128.25,Technology,North Asia,"Sharp Copy Machine, Color"
713.0,39.564,Furniture,Central,"Safco Floating Shelf Set, Pine"
713.0,14.25,Technology,South,"Brother Personal Copier, Digital"
713.0,213.852,Furniture,Central,"Chromcraft Computer Table, Adjustable Height"
713.0,-451.476,Office Supplies,South,"Eldon Lockers, Single Width"
713.0,-264.84912,Technology,Central,"HP Fax Machine, High-Speed"
713.0,327.31056,Technology,North,"Sharp Wireless Fax, Color"
713.0,128.25,Technology,North Asia,"Sharp Copy Machine, Color"
713.0,39.564,Furniture,Central,"Safco Floating Shelf Set, Pine"
712.0,177.96,Technology,EMEA,"Sharp Wireless Fax, Laser"
712.0,320.4,Furniture,North,"Ikea 3-Shelf Cabinet, Traditional"
712.0,-79.092,Technology,Oceania,"Panasonic Printer, Red"
712.0,7.05,Technology,Central Asia,"Hewlett Personal Copier, High-Speed"
712.0,91.8228,Technology,Southeast Asia,"Brother Fax and Copier, Laser"
712.0,293.118,Technology,Central,"Sharp Personal Copier, Digital"
711.0,-7.956,Office Supplies,Central,"Smead Lockers, Wire Frame"
711.0,263.1,Technology,Oceania,"Sharp Wireless Fax, Digital"
711.0,234.48,Furniture,Africa,"Harbour Creations Swivel Stool, Black"
711.0,-7.956,Office Supplies,South,"Smead Lockers, Wire Frame"
711.0,-7.956,Office Supplies,Central,"Smead Lockers, Wire Frame"
711.0,-97.7394,Furniture,West,Hon 94000 Series Round Tables
711.0,28.44,Technology,Africa,"Sharp Wireless Fax, Digital"
711.0,341.16,Furniture,North Asia,"Harbour Creations Swivel Stool, Black"
710.0,141.915,Technology,Central,"Apple Audio Dock, VoIP"
710.0,212.76,Furniture,Central,"Sauder Floating Shelf Set, Mobile"
710.0,212.76,Furniture,Central,"Sauder Floating Shelf Set, Mobile"
710.0,5.65776,Technology,North,"Sharp Wireless Fax, Digital"
709.0,-100.2225,Technology,Central,"Samsung Audio Dock, with Caller ID"
709.0,-185.5575,Furniture,Southeast Asia,"Dania Library with Doors, Pine"
709.0,-236.412,Office Supplies,South,"Eldon Lockers, Wire Frame"
709.0,92.12,Technology,South,"Cisco Signal Booster, VoIP"
709.0,-100.2225,Technology,Central,"Samsung Audio Dock, with Caller ID"
708.0,297.12,Technology,Central Asia,"Cisco Headset, with Caller ID"
708.0,44.2425,Technology,West,Polycom VoiceStation 500 ConferenceÂ phone
708.0,184.05,Office Supplies,North,"Rogers File Cart, Single Width"
707.0,226.2,Office Supplies,North,"Rogers Lockers, Industrial"
707.0,197.9208,Office Supplies,East,Avanti 1.7 Cu. Ft. Refrigerator
707.0,78.489,Technology,Oceania,"Hewlett Copy Machine, Color"
707.0,204.9,Technology,Central Asia,"Cisco Speaker Phone, Cordless"
707.0,197.9208,Office Supplies,Central,Avanti 1.7 Cu. Ft. Refrigerator
707.0,7.776,Technology,North,"Canon Copy Machine, Digital"
706.0,70.56,Furniture,EMEA,"Office Star Swivel Stool, Adjustable"
706.0,-459.18,Furniture,Caribbean,"Safco Floating Shelf Set, Metal"
706.0,156.918,Furniture,Oceania,"Safco Library with Doors, Mobile"
706.0,70.5544,Technology,South,HTC One Mini
706.0,-117.702,Furniture,Oceania,"Safco Library with Doors, Mobile"
706.0,156.96,Furniture,Central,"Safco Floating Shelf Set, Metal"
706.0,331.44,Furniture,Central Asia,"SAFCO Steel Folding Chair, Adjustable"
706.0,-506.1195,Furniture,Southeast Asia,"Lesro Training Table, Rectangular"
706.0,148.2,Furniture,South,"Office Star Swivel Stool, Adjustable"
706.0,91.68,Furniture,North Asia,"Office Star Swivel Stool, Adjustable"
706.0,70.56,Furniture,EMEA,"Office Star Swivel Stool, Adjustable"
706.0,240.16,Technology,South,"Panasonic Printer, White"
705.0,119.76,Technology,Central,"Motorola Audio Dock, Cordless"
705.0,101.868,Furniture,Central,"Sauder Floating Shelf Set, Pine"
705.0,101.868,Furniture,Central,"Sauder Floating Shelf Set, Pine"
705.0,-132.228,Furniture,North,"Safco Classic Bookcase, Mobile"
705.0,56.392,Furniture,West,"Sauder Forest Hills Library, Woodland Oak Finish"
705.0,-132.228,Furniture,North,"Safco Classic Bookcase, Mobile"
705.0,-411.328,Furniture,South,"Safco Classic Bookcase, Mobile"
705.0,190.32,Office Supplies,North,"KitchenAid Refrigerator, Silver"
705.0,162.0948,Office Supplies,Central,Fellowes High-Stak Drawer Files
705.0,211.32,Furniture,Africa,"Office Star Swivel Stool, Set of Two"
705.0,26.4285,Office Supplies,South,Fellowes High-Stak Drawer Files
705.0,-132.228,Furniture,North,"Safco Classic Bookcase, Mobile"
705.0,0.0,Furniture,Oceania,"Office Star Swivel Stool, Set of Two"
705.0,21.1,Office Supplies,Central,"Rogers Lockers, Blue"
705.0,288.75,Furniture,North,"Office Star Rocking Chair, Red"
704.0,-938.28,Technology,West,Zebra GK420t Direct Thermal/Thermal Transfer Printer
704.0,21.0,Furniture,EMEA,"Deflect-O Clock, Black"
704.0,87.996,Technology,West,Samsung Galaxy Note 3
704.0,84.51,Office Supplies,East,"Fellowes Strictly Business Drawer File, Letter/Legal Size"
704.0,56.28,Technology,North,"Okidata Card Printer, Durable"
704.0,84.51,Office Supplies,East,"Fellowes Strictly Business Drawer File, Letter/Legal Size"
704.0,312.912,Furniture,Central,"Safco Library with Doors, Pine"
703.0,351.52,Technology,South,"Panasonic Printer, Red"
703.0,161.72,Office Supplies,North,"KitchenAid Refrigerator, Black"
703.0,215.04,Technology,Central,"Sharp Personal Copier, High-Speed"
703.0,260.1,Office Supplies,North Asia,"Rogers File Cart, Blue"
702.0,168.4704,Furniture,South,Office Star - Professional Matrix Back Chair with 2-to-1 Synchro Tilt and Mesh Fabric Seat
702.0,-54.618,Furniture,Central,"Safco Library with Doors, Traditional"
702.0,177.6825,Technology,Southeast Asia,"Konica Inkjet, Durable"
702.0,168.4704,Furniture,South,Office Star - Professional Matrix Back Chair with 2-to-1 Synchro Tilt and Mesh Fabric Seat
702.0,287.56,Furniture,Central,"Safco Stackable Bookrack, Pine"
702.0,-35.124,Furniture,North,"Sauder Classic Bookcase, Mobile"
702.0,179.43,Furniture,Oceania,"Sauder Library with Doors, Mobile"
702.0,126.4,Office Supplies,North,"Rogers Lockers, Wire Frame"
701.0,15.57,Furniture,Oceania,"Safco Library with Doors, Metal"
701.0,300.75424,Technology,North,"Canon Copy Machine, Color"
701.0,-50.098,Furniture,Central,Global Troy Executive Leather Low-Back Tilter
701.0,350.28,Technology,Central Asia,"Konica Card Printer, Wireless"
701.0,350.28,Technology,North Asia,"Konica Card Printer, Wireless"
701.0,-257.202,Technology,Oceania,"Motorola Speaker Phone, VoIP"
700.0,181.9818,Technology,South,Apple iPhone 5C
700.0,195.9944,Technology,South,Samsung Galaxy S III - 16GB - pebble blue (T-Mobile)
700.0,78.7671,Furniture,West,Hon 4070 Series Pagoda Armless Upholstered Stacking Chairs
700.0,195.9944,Technology,Central,Samsung Galaxy S III - 16GB - pebble blue (T-Mobile)
700.0,-130.0104,Furniture,East,"Bevis Traditional Conference Table Top, Plinth Base"
700.0,81.584,Furniture,Caribbean,"Sauder Classic Bookcase, Pine"
700.0,-35.064,Furniture,North,"Safco Classic Bookcase, Metal"
700.0,-80.7954,Technology,Caribbean,"Hewlett Copy Machine, Laser"
699.0,-32.2605,Technology,Southeast Asia,"HP Wireless Fax, High-Speed"
699.0,104.88,Office Supplies,Central,"Hoover Refrigerator, White"
699.0,38.784,Furniture,Oceania,"Sauder Floating Shelf Set, Metal"
699.0,209.52,Technology,Canada,"Motorola Audio Dock, Full Size"
699.0,146.7,Technology,Central Asia,"Cisco Speaker Phone, Full Size"
699.0,209.52,Technology,Africa,"Motorola Audio Dock, Full Size"
698.0,147.348,Technology,Oceania,"Enermax Router, USB"
698.0,209.34,Furniture,Central Asia,"Eldon Frame, Duo Pack"
698.0,209.34,Furniture,North Asia,"Eldon Frame, Duo Pack"
698.0,131.48112,Technology,North,"Brother Copy Machine, High-Speed"
698.0,-74.4,Furniture,Southeast Asia,"Office Star Executive Leather Armchair, Adjustable"
698.0,62.028,Technology,Central,"Enermax Router, USB"
698.0,52.3764,Furniture,West,Global Executive Mid-Back Manager's Chair
698.0,131.48112,Technology,North,"Brother Copy Machine, High-Speed"
698.0,52.3764,Furniture,South,Global Executive Mid-Back Manager's Chair
698.0,-209.296,Furniture,Caribbean,"Sauder Classic Bookcase, Traditional"
698.0,209.34,Technology,EMEA,"Belkin Memory Card, Programmable"
698.0,131.48112,Technology,Central,"Brother Copy Machine, High-Speed"
698.0,131.48112,Technology,South,"Brother Copy Machine, High-Speed"
698.0,17.424,Furniture,North,"Sauder Classic Bookcase, Traditional"
698.0,-17.4588,Furniture,West,Hon 5100 Series Wood Tables
698.0,-209.296,Furniture,Caribbean,"Sauder Classic Bookcase, Traditional"
698.0,209.34,Technology,South,"Belkin Memory Card, Programmable"
697.0,8.7145,Furniture,West,Chromcraft Round Conference Tables
697.0,-23.226,Technology,South,"StarTech Receipt Printer, Wireless"
697.0,333.80304,Technology,Caribbean,"Brother Copy Machine, Laser"
697.0,132.45,Technology,North Asia,"Samsung Signal Booster, Cordless"
697.0,292.8,Technology,Central Asia,"HP Fax and Copier, Color"
697.0,247.722,Furniture,Oceania,"Sauder Library with Doors, Metal"
697.0,132.3,Technology,North Asia,"Nokia Signal Booster, Cordless"
697.0,-343.098,Technology,Southeast Asia,"Sharp Wireless Fax, Color"
697.0,146.4036,Furniture,Central,Chromcraft Round Conference Tables
697.0,132.45,Technology,Central Asia,"Samsung Signal Booster, Cordless"
697.0,178.002,Furniture,Central,"Sauder Library with Doors, Metal"
697.0,247.722,Furniture,Oceania,"Sauder Library with Doors, Metal"
696.0,-167.04,Furniture,Southeast Asia,"SAFCO Executive Leather Armchair, Adjustable"
696.0,-301.632,Furniture,Oceania,"Ikea 3-Shelf Cabinet, Mobile"
696.0,-27.828,Technology,South,Cisco CP-7937G Unified IP Conference Station Phone
696.0,-167.04,Furniture,Southeast Asia,"SAFCO Executive Leather Armchair, Adjustable"
696.0,160.1766,Furniture,West,Bretford CR4500 Series Slim Rectangular Table
696.0,34.68,Furniture,EMEA,"Office Star Swivel Stool, Red"
696.0,-27.828,Technology,South,Cisco CP-7937G Unified IP Conference Station Phone
696.0,121.832,Technology,Caribbean,"Cisco Smart Phone, Full Size"
695.0,34.758,Office Supplies,East,Premier Electric Letter Opener
695.0,173.76,Furniture,Canada,"Bush Floating Shelf Set, Mobile"
695.0,340.32,Technology,EMEA,"Okidata Phone, Wireless"
695.0,201.6,Technology,Oceania,"Panasonic Card Printer, Wireless"
695.0,97.32,Technology,EMEA,"Panasonic Card Printer, Wireless"
694.0,-458.43,Office Supplies,Central,"Smead Lockers, Blue"
694.0,0.0,Technology,North,"Motorola Audio Dock, VoIP"
694.0,180.48,Technology,EMEA,"Konica Card Printer, White"
694.0,194.16,Technology,Southeast Asia,"Motorola Audio Dock, VoIP"
693.0,228.6,Technology,North,"Cisco Speaker Phone, VoIP"
693.0,253.998,Office Supplies,Central,"Eldon File Cart, Single Width"
693.0,253.998,Office Supplies,Central,"Eldon File Cart, Single Width"
693.0,175.218,Technology,Southeast Asia,"Samsung Audio Dock, VoIP"
693.0,110.46,Office Supplies,North,"Stanley Canvas, Blue"
693.0,220.65176,Technology,Caribbean,"Brother Ink, Color"
693.0,13.8,Office Supplies,North,"Fellowes Lockers, Industrial"
693.0,173.235,Furniture,Central,"Bush Cubix Conference Tables, Fully Assembled"
692.0,310.53316,Technology,South,"Canon Ink, Color"
692.0,318.3016,Office Supplies,South,Ibico EB-19 Dual Function Manual Binding System
692.0,290.4,Technology,North,"HP Fax and Copier, Laser"
692.0,-15.009,Technology,Southeast Asia,"Brother Ink, Color"
692.0,190.4298,Furniture,South,Howard Miller 12-3/4 Diameter Accuwave DS  Wall Clock
692.0,-1315.552,Furniture,Caribbean,"Bevis Computer Table, Fully Assembled"
692.0,297.36,Office Supplies,Central Asia,"KitchenAid Blender, Silver"
692.0,310.53316,Technology,South,"Canon Ink, Color"
692.0,-207.732,Furniture,North Asia,"Bevis Computer Table, Fully Assembled"
692.0,-15.417,Technology,Central,"StarTech Printer, Durable"
692.0,6.92,Office Supplies,South,"Breville Refrigerator, Red"
691.0,-30.852,Office Supplies,Oceania,"Eldon File Cart, Single Width"
691.0,28.4106,Furniture,Southeast Asia,"Harbour Creations Executive Leather Armchair, Black"
691.0,28.4106,Furniture,Southeast Asia,"Harbour Creations Executive Leather Armchair, Black"
691.0,-142.6437,Furniture,Southeast Asia,"Bush Library with Doors, Pine"
690.0,165.56,Office Supplies,North,"Breville Refrigerator, White"
690.0,124.16,Technology,North,"Belkin Router, Bluetooth"
690.0,0.0,Technology,Central,"Belkin Memory Card, USB"
690.0,20.6946,Office Supplies,Central,Space Solutions HD Industrial Steel Shelving.
690.0,213.96,Furniture,Africa,"Bush Floating Shelf Set, Pine"
690.0,41.4,Furniture,North Asia,"Bush Floating Shelf Set, Pine"
690.0,-41.5908,Office Supplies,Southeast Asia,"Fellowes Lockers, Industrial"
690.0,213.96,Furniture,Africa,"Bush Floating Shelf Set, Pine"
690.0,137.76,Technology,Central,"Konica Phone, Wireless"
689.0,55.05,Office Supplies,Southeast Asia,"Fellowes File Cart, Industrial"
689.0,77.5584,Technology,West,Aastra 6757i CT Wireless VoIP phone
689.0,-116.226,Office Supplies,Southeast Asia,"Cuisinart Microwave, White"
689.0,6.63,Furniture,South,"Advantus Photo Frame, Black"
689.0,261.72,Technology,Africa,"Panasonic Card Printer, White"
689.0,-53.886,Office Supplies,Oceania,"Tenex Trays, Industrial"
689.0,-226.464,Furniture,Oceania,"Hon Computer Table, Fully Assembled"
689.0,89.55,Office Supplies,Central,"Fellowes File Cart, Industrial"
689.0,96.48,Furniture,South,"Eldon Frame, Erganomic"
689.0,12.41976,Technology,South,"HP Fax and Copier, Digital"
689.0,83.853,Furniture,Central,"Harbour Creations Chairmat, Black"
688.0,109.98,Technology,North Asia,"Enermax Memory Card, USB"
688.0,0.0,Furniture,North,"Office Star Rocking Chair, Adjustable"
688.0,103.14,Technology,Central,"Enermax Memory Card, USB"
688.0,-436.08,Furniture,Oceania,"Office Star Rocking Chair, Adjustable"
688.0,213.972,Technology,Oceania,"Hewlett Fax and Copier, High-Speed"
687.0,171.78,Furniture,South,"Sauder Corner Shelving, Traditional"
687.0,281.52,Furniture,South,"Ikea Floating Shelf Set, Pine"
687.0,261.12,Office Supplies,South,"Smead File Cart, Single Width"
687.0,48.118,Furniture,Central,O'Sullivan Cherrywood Estates Traditional Barrister Bookcase
687.0,343.35,Office Supplies,Southeast Asia,"Fellowes File Cart, Single Width"
687.0,254.28,Furniture,Central Asia,"Dania Floating Shelf Set, Mobile"
687.0,185.52,Furniture,EMEA,"Dania Floating Shelf Set, Mobile"
686.0,129.384,Office Supplies,Oceania,"Eldon File Cart, Blue"
686.0,77.22,Technology,West,Okidata B400 Printer
686.0,157.65,Furniture,Central Asia,"SAFCO Rocking Chair, Set of Two"
686.0,127.995,Furniture,Southeast Asia,"Hon Rocking Chair, Red"
686.0,223.054,Technology,West,Star Micronics TSP800 TSP847IIU Receipt Printer
686.0,157.65,Furniture,Central Asia,"SAFCO Rocking Chair, Set of Two"
685.0,-63.234,Technology,Southeast Asia,"Hewlett Copy Machine, Laser"
685.0,123.768,Office Supplies,Southeast Asia,"Fellowes Lockers, Wire Frame"
685.0,6.72,Office Supplies,North,"Hoover Blender, White"
685.0,280.92,Furniture,Central,"Safco 3-Shelf Cabinet, Mobile"
685.0,-232.719,Technology,Southeast Asia,"Enermax Router, USB"
685.0,-63.234,Technology,Southeast Asia,"Hewlett Copy Machine, Laser"
685.0,280.92,Furniture,Central,"Safco 3-Shelf Cabinet, Mobile"
684.0,-24.2715,Technology,Central,"Nokia Headset, with Caller ID"
684.0,0.0,Technology,Central Asia,"Panasonic Card Printer, Red"
684.0,7.56,Furniture,Oceania,"Safco Corner Shelving, Mobile"
684.0,328.08,Technology,South,"SanDisk Router, Bluetooth"
684.0,42.747,Furniture,South,Global Commerce Series High-Back Swivel/Tilt Chairs
684.0,328.08,Technology,North,"SanDisk Router, Bluetooth"
684.0,266.88,Technology,EMEA,"HP Fax and Copier, High-Speed"
684.0,0.0,Technology,North,"Belkin Router, Erganomic"
684.0,-113.998,Technology,East,Apple iPhone 5S
684.0,328.08,Technology,Caribbean,"SanDisk Router, Bluetooth"
683.0,-989.856,Furniture,South,"Bush Library with Doors, Pine"
683.0,61.35,Technology,Central,"Apple Signal Booster, with Caller ID"
683.0,34.05,Technology,Central Asia,"Samsung Signal Booster, VoIP"
683.0,-96.498,Technology,Central,"Konica Printer, Wireless"
683.0,197.85,Technology,North,"Nokia Signal Booster, with Caller ID"
683.0,-40.196,Furniture,West,O'Sullivan Living Dimensions 3-Shelf Bookcases
683.0,-865.296,Office Supplies,Africa,"Hoover Stove, Silver"
683.0,116.1,Technology,Central Asia,"Nokia Signal Booster, VoIP"
683.0,0.0,Furniture,Central,"Hon Deluxe Fabric Upholstered Stacking Chairs, Squared Back"
683.0,-79.764,Office Supplies,Central,"KitchenAid Stove, Black"
683.0,68.236,Technology,South,"Memorex Router, Erganomic"
682.0,224.96,Office Supplies,Central,"Eldon File Cart, Industrial"
682.0,170.48,Furniture,Central,"Bevis Coffee Table, Fully Assembled"
682.0,186.9678,Furniture,Southeast Asia,"Office Star Executive Leather Armchair, Black"
682.0,327.12,Furniture,Central,"SAFCO Swivel Stool, Adjustable"
682.0,327.12,Furniture,Africa,"SAFCO Swivel Stool, Adjustable"
682.0,20.4,Furniture,Central,"SAFCO Swivel Stool, Adjustable"
682.0,224.96,Office Supplies,Central,"Eldon File Cart, Industrial"
682.0,187.404,Furniture,North,"Harbour Creations Swivel Stool, Adjustable"
681.0,42.588,Furniture,East,"Hon Metal Bookcases, Black"
681.0,-59.612,Furniture,Caribbean,"Harbour Creations Swivel Stool, Set of Two"
681.0,258.6,Furniture,Central,"SAFCO Swivel Stool, Set of Two"
681.0,21.8106,Furniture,Southeast Asia,"Dania Corner Shelving, Traditional"
681.0,74.88,Furniture,North Asia,"Safco 3-Shelf Cabinet, Pine"
681.0,258.6,Furniture,Africa,"SAFCO Swivel Stool, Set of Two"
681.0,42.588,Furniture,West,"Situations Contoured Folding Chairs, 4/Set"
681.0,83.142,Furniture,Central,"Bush Stackable Bookrack, Pine"
681.0,224.64,Furniture,Caribbean,"SAFCO Swivel Stool, Set of Two"
681.0,129.3,Office Supplies,South,"Tenex Lockers, Single Width"
681.0,74.8,Office Supplies,North,"Tenex Lockers, Blue"
681.0,129.22,Furniture,Central,"Bush 3-Shelf Cabinet, Mobile"
680.0,231.24,Technology,EMEA,"Epson Card Printer, Durable"
680.0,79.8795,Technology,Central,"Panasonic Printer, Wireless"
680.0,220.987,Office Supplies,East,Fellowes PB200 Plastic Comb Binding Machine
680.0,95.16,Technology,Central,"Epson Card Printer, Wireless"
680.0,190.26,Furniture,Central,"Eldon Frame, Durable"
680.0,79.8795,Technology,Central,"Panasonic Printer, Wireless"
680.0,231.24,Technology,Africa,"Epson Card Printer, Durable"
680.0,176.8026,Furniture,Central,Hon GuestStacker Chair
680.0,-384.966,Technology,Southeast Asia,"Belkin Router, Erganomic"
680.0,60.291,Furniture,Central,"Hon Steel Folding Chair, Adjustable"
679.0,129.0,Technology,EMEA,"Apple Audio Dock, Cordless"
679.0,122.16,Technology,EMEA,"Samsung Audio Dock, Cordless"
679.0,202.63968,Technology,Caribbean,"Sharp Fax and Copier, Color"
679.0,72.9312,Furniture,Southeast Asia,"Dania Library with Doors, Mobile"
679.0,101.712,Furniture,South,"Hon Coffee Table, Adjustable Height"
679.0,-320.229,Technology,Southeast Asia,"Enermax Router, Erganomic"
679.0,129.0,Technology,Africa,"Apple Audio Dock, Cordless"
678.0,-158.102,Technology,East,Polycom SoundPoint IP 450 VoIP phone
678.0,73.458,Office Supplies,Southeast Asia,"Tenex Lockers, Blue"
678.0,211.2552,Furniture,Southeast Asia,"Bush Library with Doors, Traditional"
678.0,-24.6024,Office Supplies,Southeast Asia,"Tenex Lockers, Single Width"
678.0,176.1708,Technology,East,Polycom SoundPoint IP 450 VoIP phone
678.0,-813.393,Technology,Central,"Motorola Smart Phone, with Caller ID"
678.0,211.2552,Furniture,Southeast Asia,"Bush Library with Doors, Traditional"
678.0,94.8,Furniture,North,"Novimex Steel Folding Chair, Adjustable"
677.0,210.0,Office Supplies,Africa,"Green Bar Cards & Envelopes, Premium"
677.0,-111.6225,Technology,Central,"Okidata Printer, Red"
677.0,162.24,Technology,Central Asia,"Konica Phone, White"
677.0,33.8,Office Supplies,North,"Tenex Lockers, Wire Frame"
677.0,33.8,Office Supplies,North,"Tenex Lockers, Wire Frame"
677.0,6.7655,Office Supplies,West,"Tennsco Stur-D-Stor Boltless Shelving, 5 Shelves, 24"" Deep, Sand"
677.0,120.5328,Furniture,Southeast Asia,"SAFCO Executive Leather Armchair, Set of Two"
677.0,60.96,Furniture,South,"Dania Floating Shelf Set, Traditional"
676.0,168.84,Technology,North,"Logitech Keyboard, Bluetooth"
676.0,151.0605,Technology,Central,"Hewlett Copy Machine, Color"
676.0,84.495,Technology,West,ShoreTel ShorePhone IP 230 VoIP phone
676.0,-43.6725,Technology,Southeast Asia,"Canon Ink, High-Speed"
676.0,175.68,Technology,Central,"Belkin Memory Card, Erganomic"
676.0,81.06,Office Supplies,Central,"Avery Binding Machine, Clear"
676.0,285.12,Furniture,Central,"Ikea Stackable Bookrack, Mobile"
676.0,-76.212,Furniture,Central Asia,"Office Star Rocking Chair, Red"
676.0,195.285,Furniture,Central,"Safco Stackable Bookrack, Pine"
676.0,195.285,Furniture,Central,"Safco Stackable Bookrack, Pine"
676.0,29.94,Technology,North,"Hewlett Ink, Color"
675.0,14.481,Furniture,Southeast Asia,"Ikea Library with Doors, Metal"
675.0,219.4104,Office Supplies,Southeast Asia,"Tenex Lockers, Wire Frame"
675.0,290.3016,Office Supplies,South,Holmes Harmony HEPA Air Purifier for 17 x 20 Room
675.0,195.6,Furniture,Central Asia,"SAFCO Rocking Chair, Red"
675.0,87.7578,Office Supplies,South,Tennsco Double-Tier Lockers
674.0,217.224,Furniture,North,"Bush Stackable Bookrack, Pine"
674.0,316.92,Technology,North Asia,"Sharp Fax and Copier, Laser"
674.0,303.48,Technology,North,"Sharp Fax and Copier, Laser"
674.0,-8.4294,Furniture,West,Global Adaptabilities Conference Tables
674.0,217.224,Furniture,Central,"Bush Stackable Bookrack, Pine"
674.0,252.588,Office Supplies,West,GBC DocuBind 200 Manual Binding Machine
674.0,97.293,Furniture,Oceania,"Tenex Frame, Durable"
674.0,252.588,Office Supplies,East,GBC DocuBind 200 Manual Binding Machine
674.0,-186.573,Furniture,Central,"Bevis Round Table, with Bottom Storage"
674.0,-19.2588,Furniture,Central,Hon 4070 Series Pagoda Round Back Stacking Chairs
674.0,303.48,Technology,EMEA,"Sharp Fax and Copier, Laser"
674.0,-109.5822,Furniture,West,Hon 2090 âPillow Softâ Series Mid Back Swivel/Tilt Chairs
674.0,-40.56,Technology,Central Asia,"Sharp Fax and Copier, Laser"
673.0,316.2,Office Supplies,North,"Tenex File Cart, Single Width"
673.0,-76.9536,Furniture,East,"Chromcraft 48"" x 96"" Racetrack Double Pedestal Table"
673.0,228.72,Technology,Africa,"Sharp Fax and Copier, Digital"
673.0,235.44,Technology,Oceania,"Apple Audio Dock, Full Size"
673.0,59.67,Furniture,Central,"Safco Corner Shelving, Traditional"
673.0,221.5215,Technology,Central,"Brother Copy Machine, Color"
673.0,60.48,Technology,North,"Apple Audio Dock, Full Size"
673.0,235.56,Furniture,EMEA,"Safco 3-Shelf Cabinet, Metal"
672.0,20.1579,Office Supplies,West,Safco Industrial Wire Shelving
672.0,194.004,Technology,North,"Logitech Router, Programmable"
672.0,188.16,Technology,South,"Nokia Audio Dock, Full Size"
672.0,50.3988,Technology,West,Samsung Galaxy Mega 6.3
672.0,329.28,Technology,North Asia,"Okidata Phone, Red"
672.0,240.99292,Technology,North,"Brother Personal Copier, Color"
672.0,-429.41584,Technology,Central,"Sharp Copy Machine, Color"
672.0,-211.728,Furniture,Southeast Asia,"Novimex Executive Leather Armchair, Red"
672.0,87.36,Technology,Central,"Samsung Audio Dock, Full Size"
672.0,50.3658,Office Supplies,South,Sanyo 2.5 Cubic Foot Mid-Size Office Refrigerators
672.0,75.628,Furniture,North,"Harbour Creations Swivel Stool, Red"
672.0,315.8118,Office Supplies,East,GBC DocuBind TL200 Manual Binding Machine
672.0,87.36,Technology,Central,"Samsung Audio Dock, Full Size"
672.0,188.1404,Technology,South,Vtech CS6719
672.0,177.9765,Technology,Southeast Asia,"StarTech Card Printer, White"
672.0,75.628,Furniture,North,"Harbour Creations Swivel Stool, Red"
671.0,-125.766,Office Supplies,Central,"Tennsco Snap-Together Open Shelving Units, Starter Sets and Add-On Units"
671.0,113.94,Technology,North,"Apple Headset, Full Size"
671.0,-73.6002,Furniture,Southeast Asia,"Hon Executive Leather Armchair, Adjustable"
671.0,-308.85,Technology,North,"Okidata Printer, Wireless"
671.0,321.9,Office Supplies,Central Asia,"Tenex File Cart, Industrial"
670.0,-128.52,Furniture,Southeast Asia,"SAFCO Executive Leather Armchair, Black"
670.0,214.32,Furniture,Central Asia,"Hon Training Table, Adjustable Height"
670.0,111.69,Furniture,Central,"Safco Corner Shelving, Metal"
670.0,-128.52,Furniture,Southeast Asia,"SAFCO Executive Leather Armchair, Black"
670.0,14.76,Furniture,Central,"Safco Stackable Bookrack, Mobile"
669.0,74.325,Furniture,Central,"Sauder Corner Shelving, Pine"
669.0,280.8,Office Supplies,Central Asia,"Hoover Toaster, Red"
669.0,-32.2362,Technology,Southeast Asia,"Okidata Printer, Durable"
669.0,289.98,Technology,Central,"Brother Ink, Color"
669.0,-44.94,Furniture,Central,"Hon Chairmat, Black"
669.0,105.85888,Technology,North,"HP Personal Copier, Color"
669.0,105.85888,Technology,North,"HP Personal Copier, Color"
669.0,7.362,Technology,Oceania,"HP Personal Copier, Digital"
669.0,-167.27,Office Supplies,West,Office Impressions Heavy Duty Welded Shelving & Multimedia Storage Drawers
669.0,289.86,Technology,Oceania,"Hewlett Ink, Laser"
668.0,106.89,Furniture,North,"Harbour Creations Steel Folding Chair, Black"
668.0,-110.0385,Technology,Central,"Brother Copy Machine, Laser"
668.0,-110.0385,Technology,Central,"Brother Copy Machine, Laser"
668.0,75.168,Technology,West,Geemarc AmpliPOWER60
668.0,100.08,Technology,Africa,"Apple Audio Dock, with Caller ID"
668.0,266.88,Office Supplies,South,"KitchenAid Toaster, White"
668.0,287.16,Office Supplies,North,"Hamilton Beach Refrigerator, Silver"
668.0,300.72,Technology,Africa,"Epson Card Printer, Red"
668.0,153.6,Technology,Central Asia,"Apple Audio Dock, VoIP"
668.0,-31.491,Technology,Central,"Canon Copy Machine, Digital"
668.0,267.3,Furniture,North,"Hon Training Table, Fully Assembled"
668.0,153.48,Technology,Central Asia,"Apple Audio Dock, with Caller ID"
668.0,-31.491,Technology,Central,"Canon Copy Machine, Digital"
668.0,-31.491,Technology,Central,"Canon Copy Machine, Digital"
668.0,-110.0385,Technology,Central,"Brother Copy Machine, Laser"
668.0,274.9185,Technology,Central,"Hewlett Copy Machine, Color"
667.0,253.32,Furniture,EMEA,"Novimex Swivel Stool, Set of Two"
667.0,-155.4756,Furniture,Southeast Asia,"Hon Executive Leather Armchair, Black"
667.0,326.76,Office Supplies,Central,"Fiskars Shears, High Speed"
667.0,173.34,Furniture,North Asia,"Advantus Frame, Duo Pack"
667.0,133.36,Office Supplies,North,"Hamilton Beach Refrigerator, Red"
667.0,53.28,Furniture,Central,"Advantus Frame, Black"
667.0,19.92,Technology,Africa,"Samsung Audio Dock, with Caller ID"
667.0,246.72,Furniture,Central,"Novimex Swivel Stool, Set of Two"
667.0,73.32,Furniture,North Asia,"Sauder 3-Shelf Cabinet, Traditional"
667.0,133.2,Furniture,Central,"Advantus Frame, Black"
666.0,119.88,Office Supplies,Central,"Hamilton Beach Refrigerator, Black"
666.0,66.42,Technology,South,"Logitech Keyboard, Programmable"
666.0,106.5408,Furniture,West,"Rubbermaid ClusterMat Chairmats, Mat Size- 66"" x 60"", Lip 20"" x 11"" -90 Degree Angle"
666.0,-149.9058,Office Supplies,East,Martin Yale Chadless Opener Electric Letter Opener
666.0,66.6344,Technology,West,Polycom SoundPoint Pro SE-225 Corded phone
666.0,13.3176,Office Supplies,Central,"Stur-D-Stor Shelving, Vertical 5-Shelf: 72""H x 36""W x 18 1/2""D"
666.0,-80.025,Technology,North Asia,"Panasonic Printer, Wireless"
666.0,119.85,Office Supplies,Central,"Tenex File Cart, Blue"
666.0,-33.32,Technology,Central,WD My Passport Ultra 2TB Portable External Hard Drive
665.0,-0.195,Technology,Oceania,"SanDisk Numeric Keypad, Erganomic"
665.0,6.6,Furniture,Caribbean,"Sauder 3-Shelf Cabinet, Metal"
665.0,162.477,Technology,Oceania,"Memorex Router, Bluetooth"
665.0,212.82,Furniture,Central Asia,"Bevis Training Table, Rectangular"
665.0,66.5408,Office Supplies,East,Deluxe Rollaway Locking File with Drawer
665.0,6.6,Furniture,Central,"Sauder 3-Shelf Cabinet, Metal"
665.0,6.6,Furniture,Central,"Sauder 3-Shelf Cabinet, Metal"
664.0,88.5528,Furniture,East,Hon Mobius Operator's Chair
664.0,82.992,Office Supplies,East,Kensington 7 Outlet MasterPiece Power Center with Fax/Phone Line Protection
664.0,81.8166,Furniture,Southeast Asia,"Hon Executive Leather Armchair, Adjustable"
664.0,-409.44,Office Supplies,Oceania,"Cuisinart Microwave, White"
664.0,166.08,Office Supplies,North,"Hamilton Beach Refrigerator, White"
664.0,207.475,Office Supplies,East,GBC DocuBind P100 Manual Binding Machine
664.0,26.4,Technology,Central Asia,"Nokia Office Telephone, Full Size"
664.0,26.55,Furniture,North Asia,"Hon Rocking Chair, Set of Two"
664.0,166.08,Office Supplies,South,"Hamilton Beach Refrigerator, White"
663.0,-165.768,Office Supplies,East,"SAFCO Commercial Wire Shelving, Black"
663.0,74.574,Furniture,South,SAFCO Arco Folding Chair
663.0,74.574,Furniture,West,SAFCO Arco Folding Chair
663.0,-212.175,Technology,North,"Hewlett Copy Machine, Color"
663.0,-255.96,Furniture,North Asia,"Hon Coffee Table, with Bottom Storage"
663.0,159.1,Office Supplies,Caribbean,"Smead Lockers, Industrial"
663.0,99.372,Furniture,Central,"Ikea Classic Bookcase, Mobile"
663.0,111.51112,Technology,North,"Canon Personal Copier, Digital"
663.0,172.3384,Office Supplies,East,Eureka Sanitaire  Commercial Upright
663.0,111.51112,Technology,North,"Canon Personal Copier, Digital"
662.0,-36.795,Furniture,Central,"Harbour Creations Rocking Chair, Red"
662.0,223.548,Furniture,North,"Bush Classic Bookcase, Pine"
662.0,264.825,Technology,Oceania,"Canon Ink, Laser"
662.0,-386.448,Technology,South,"Apple Signal Booster, Full Size"
662.0,33.04,Furniture,Central,"Ikea 3-Shelf Cabinet, Metal"
662.0,240.108,Furniture,Central,"Bush Classic Bookcase, Pine"
662.0,8.685,Furniture,Southeast Asia,"Harbour Creations Rocking Chair, Red"
662.0,286.731,Technology,Oceania,"HP Copy Machine, Color"
662.0,197.71296,Technology,Central,"Sharp Ink, Laser"
662.0,-71.9604,Technology,Southeast Asia,"Samsung Office Telephone, Full Size"
662.0,183.771,Technology,Oceania,"Logitech Router, Erganomic"
661.0,118.98,Technology,Central,"SanDisk Memory Card, Erganomic"
661.0,6.58,Office Supplies,Central,"Rogers File Cart, Industrial"
661.0,44.04,Furniture,Oceania,"Sauder Stackable Bookrack, Mobile"
661.0,-231.4116,Furniture,East,"Chromcraft Bull-Nose Wood 48"" x 96"" Rectangular Conference Tables"
661.0,218.2,Office Supplies,Caribbean,"Eldon Lockers, Industrial"
661.0,205.0,Furniture,Caribbean,"Bevis Computer Table, Fully Assembled"
660.0,217.767,Technology,West,Plantronics CS510 - Over-the-Head monaural Wireless Headset System
660.0,72.54,Furniture,South,"Rubbermaid Frame, Duo Pack"
660.0,49.4982,Technology,West,Mitel MiVoice 5330e IP Phone
660.0,230.76,Office Supplies,Africa,"BIC Canvas, Fluorescent"
660.0,197.991,Technology,South,Samsung Galaxy Note 3
660.0,217.767,Technology,South,Plantronics CS510 - Over-the-Head monaural Wireless Headset System
660.0,151.62,Technology,Central,"Cisco Speaker Phone, Cordless"
660.0,242.112,Furniture,Oceania,"Bush Library with Doors, Mobile"
660.0,-115.572,Furniture,Central Asia,"Bush Classic Bookcase, Traditional"
660.0,131.98,Technology,Caribbean,"Logitech Router, USB"
660.0,109.998,Technology,East,Sharp 1540cs Digital Laser Copier
660.0,217.767,Technology,East,Plantronics CS510 - Over-the-Head monaural Wireless Headset System
660.0,49.4982,Technology,West,Mitel MiVoice 5330e IP Phone
660.0,-836.568,Furniture,Africa,"Bush Library with Doors, Mobile"
660.0,263.76,Technology,North,"Logitech Router, Bluetooth"
660.0,242.112,Furniture,Oceania,"Bush Library with Doors, Mobile"
659.0,-0.162,Furniture,Oceania,"Dania Corner Shelving, Traditional"
659.0,8.232,Furniture,North,"Office Star Swivel Stool, Adjustable"
659.0,49.4376,Technology,Central,GE 2-Jack Phone Line Splitter
659.0,146.388,Furniture,East,"Hon Deluxe Fabric Upholstered Stacking Chairs, Rounded Back"
659.0,-184.6875,Technology,Southeast Asia,"Okidata Card Printer, Wireless"
659.0,98.82,Furniture,South,"Rubbermaid Frame, Black"
659.0,-0.162,Furniture,Oceania,"Dania Corner Shelving, Traditional"
659.0,-36.642,Furniture,Central,"Ikea Library with Doors, Mobile"
659.0,-428.736,Furniture,EMEA,"Bush Classic Bookcase, Metal"
659.0,-219.856,Furniture,Caribbean,"Bush Classic Bookcase, Metal"
659.0,-0.036,Furniture,North,"Bush Classic Bookcase, Metal"
659.0,-0.036,Furniture,North,"Bush Classic Bookcase, Metal"
658.0,164.4,Furniture,North Asia,"Novimex Swivel Stool, Red"
658.0,-93.99,Furniture,Central,Hon Every-Day Series Multi-Task Chairs
658.0,236.76,Furniture,Central,"Novimex Swivel Stool, Red"
658.0,-93.99,Furniture,East,Hon Every-Day Series Multi-Task Chairs
658.0,-65.835,Furniture,North,"Sauder Classic Bookcase, Mobile"
658.0,138.08,Furniture,South,"Dania Corner Shelving, Pine"
658.0,49.3164,Technology,Central,AT&T 1080 Phone
658.0,184.2204,Technology,Central,Jabra SPEAK 410
658.0,-65.884,Furniture,North,"Office Star Swivel Stool, Set of Two"
658.0,-131.5008,Technology,West,Jawbone MINI JAMBOX Wireless Bluetooth Speaker
658.0,184.08,Furniture,Africa,"Novimex Swivel Stool, Red"
657.0,118.2,Furniture,Central,"Novimex Rocking Chair, Red"
657.0,238.236,Furniture,North,"Dania Classic Bookcase, Traditional"
657.0,-29.244,Furniture,Oceania,"Harbour Creations Swivel Stool, Adjustable"
657.0,223.2,Office Supplies,North,"Eldon Lockers, Wire Frame"
657.0,-65.88,Technology,North,"Motorola Signal Booster, Cordless"
657.0,93.846,Furniture,North Asia,"Chromcraft Round Table, Adjustable Height"
657.0,-65.709,Technology,Oceania,"HP Copy Machine, Laser"
657.0,145.872,Furniture,Oceania,"Ikea Library with Doors, Pine"
657.0,-252.9585,Furniture,Central,"Bevis Training Table, Adjustable Height"
657.0,94.836,Furniture,Central,"Dania Library with Doors, Mobile"
657.0,238.236,Furniture,North,"Dania Classic Bookcase, Traditional"
657.0,282.32,Technology,Central,"Memorex Router, Bluetooth"
657.0,21.816,Furniture,Central,"Harbour Creations Swivel Stool, Adjustable"
657.0,-809.748,Furniture,EMEA,"Ikea Library with Doors, Pine"
656.0,275.478,Technology,Central,Imation Bio 2GB USBÂ Flash Drive ImationÂ Corp
656.0,-36.444,Furniture,Central,"Bush Library with Doors, Traditional"
656.0,91.53,Technology,Central Asia,"Memorex Keyboard, Programmable"
656.0,-36.444,Furniture,Central,"Bush Library with Doors, Traditional"
656.0,170.4,Technology,North,"Okidata Receipt Printer, Wireless"
656.0,-765.94,Furniture,South,"Lesro Wood Table, Fully Assembled"
655.0,-14.556,Furniture,Oceania,"Bush Library with Doors, Metal"
655.0,240.252,Technology,Oceania,"Cisco Audio Dock, with Caller ID"
655.0,72.0,Technology,Central,"Motorola Speaker Phone, Full Size"
655.0,183.45,Technology,Central Asia,"Motorola Speaker Phone, Full Size"
655.0,98.16,Furniture,EMEA,"Hon Swivel Stool, Red"
654.0,247.062,Furniture,Central,"Ikea Library with Doors, Traditional"
654.0,163.56,Technology,EMEA,"StarTech Card Printer, Durable"
654.0,111.1035,Furniture,Central,"Chromcraft Bull-Nose Wood Round Conference Table Top, Wood Base"
654.0,287.85,Technology,EMEA,"Cisco Smart Phone, with Caller ID"
654.0,-50.898,Furniture,Oceania,"Ikea Library with Doors, Traditional"
654.0,111.1035,Furniture,West,"Chromcraft Bull-Nose Wood Round Conference Table Top, Wood Base"
654.0,-50.898,Furniture,Oceania,"Ikea Library with Doors, Traditional"
654.0,247.062,Furniture,Central,"Ikea Library with Doors, Traditional"
654.0,-50.898,Furniture,Oceania,"Ikea Library with Doors, Traditional"
654.0,268.23,Technology,Central Asia,"Cisco Smart Phone, with Caller ID"
654.0,39.12,Technology,Africa,"Belkin Keyboard, Erganomic"
654.0,287.85,Technology,Canada,"Cisco Smart Phone, with Caller ID"
654.0,222.3,Technology,EMEA,"StarTech Receipt Printer, White"
653.0,-935.9595,Technology,East,Epson TM-T88V Direct Thermal Printer - Monochrome - Desktop
653.0,169.68,Technology,Africa,"Cisco Smart Phone, Full Size"
653.0,169.68,Technology,Africa,"Cisco Smart Phone, Full Size"
653.0,-7.29,Furniture,Oceania,"Ikea Library with Doors, Metal"
653.0,215.5,Furniture,South,"Sauder Floating Shelf Set, Pine"
653.0,169.68,Technology,Africa,"Cisco Smart Phone, Full Size"
653.0,-457.245,Furniture,North,"Sauder Classic Bookcase, Metal"
652.0,110.7,Furniture,Southeast Asia,"Deflect-O Frame, Erganomic"
652.0,-430.617,Furniture,Central,"Bevis Oval Conference Table, Walnut"
652.0,12.96,Furniture,South,"Deflect-O Frame, Erganomic"
652.0,7.2,Furniture,Central,"Dania Library with Doors, Traditional"
652.0,-695.172,Office Supplies,Africa,"Hamilton Beach Stove, Silver"
652.0,110.7,Furniture,Southeast Asia,"Deflect-O Frame, Erganomic"
652.0,129.41264,Technology,North,"HP Copy Machine, Color"
651.0,45.45,Technology,North Asia,"HP Ink, Color"
651.0,143.28,Technology,EMEA,"Cisco Smart Phone, Full Size"
651.0,240.84,Furniture,Central,"Rubbermaid Frame, Erganomic"
651.0,260.58,Technology,EMEA,"Cisco Smart Phone, Cordless"
651.0,260.58,Technology,EMEA,"Cisco Smart Phone, Cordless"
651.0,169.05,Technology,North,"HP Ink, Color"
651.0,144.57,Furniture,Central,"Harbour Creations Rocking Chair, Black"
651.0,32.48,Furniture,Central,"Ikea Stackable Bookrack, Metal"
651.0,-50.712,Furniture,Oceania,"Dania Library with Doors, Metal"
651.0,299.28,Technology,Central,"Memorex Router, Erganomic"
651.0,299.28,Technology,North,"Memorex Router, Erganomic"
651.0,-158.1,Furniture,Oceania,"Lesro Wood Table, Rectangular"
650.0,-97.5528,Furniture,West,Global Enterprise Series Seating High-Back Swivel/Tilt Chairs
650.0,-23.706,Office Supplies,Southeast Asia,"Eldon Lockers, Wire Frame"
650.0,-10.437,Furniture,Southeast Asia,"Sauder Corner Shelving, Traditional"
649.0,25.95,Technology,Central,"Motorola Speaker Phone, VoIP"
649.0,136.26,Furniture,North Asia,"Advantus Frame, Durable"
649.0,-272.58,Technology,South,Okidata C610n Printer
649.0,24.62032,Technology,South,"HP Copy Machine, High-Speed"
649.0,110.32,Furniture,South,"Harbour Creations Chairmat, Black"
649.0,-9.77508,Technology,Caribbean,"HP Fax and Copier, Color"
649.0,-886.464,Office Supplies,Africa,"Hamilton Beach Stove, White"
648.0,56.6916,Technology,Central,Logitech Mobile Speakerphone P710e -Â speaker phone
648.0,265.6,Office Supplies,Central Asia,"Rogers Trays, Wire Frame"
648.0,48.512,Furniture,South,"Barricks Coffee Table, Adjustable Height"
648.0,50.364,Technology,South,"Okidata Receipt Printer, Red"
648.0,57.495,Technology,Central,"Hewlett Personal Copier, Digital"
648.0,32.392,Furniture,Central,"Global Geo Office Task Chair, Gray"
648.0,291.36,Technology,EMEA,"Epson Phone, Wireless"
648.0,291.36,Technology,Africa,"Epson Phone, Wireless"
648.0,0.0,Office Supplies,Central,"Boston Sketch Pad, Fluorescent"
648.0,168.4384,Office Supplies,South,Belkin 8 Outlet SurgeMaster II Gold Surge Protector with Phone Protection
648.0,142.56,Technology,EMEA,"Motorola Headset, Full Size"
647.0,-55.431,Furniture,Oceania,"Hon Conference Table, Adjustable Height"
647.0,-17.2725,Technology,Southeast Asia,"Nokia Speaker Phone, with Caller ID"
647.0,258.696,Technology,South,Plantronics S12 Corded Telephone Headset System
647.0,-145.5246,Office Supplies,East,Fellowes Officeware Wire Shelving
647.0,284.5,Furniture,Caribbean,"Sauder Floating Shelf Set, Metal"
647.0,70.95,Technology,Central,"Enermax Numeric Keypad, Erganomic"
646.0,-71.82,Technology,Oceania,"Sharp Copy Machine, High-Speed"
646.0,-71.82,Technology,Oceania,"Sharp Copy Machine, High-Speed"
646.0,-538.332,Office Supplies,EMEA,"Cuisinart Stove, Red"
646.0,-150.732,Office Supplies,South,"Cuisinart Stove, Red"
646.0,57.24,Furniture,Oceania,"Novimex Steel Folding Chair, Black"
646.0,-8.0775,Office Supplies,Central,Fellowes Super Stor/Drawer Files
646.0,50.22,Furniture,Central,"Novimex Steel Folding Chair, Black"
646.0,-13.9812,Furniture,Southeast Asia,"Bush Floating Shelf Set, Mobile"
646.0,212.706,Technology,Central,"StarTech Printer, Red"
646.0,45.585,Technology,Central,"Brother Wireless Fax, Color"
646.0,-22.809,Technology,Central,"Hewlett Wireless Fax, Digital"
646.0,212.706,Technology,Central,"StarTech Printer, Red"
646.0,77.8644,Technology,Southeast Asia,"Motorola Speaker Phone, with Caller ID"
646.0,148.47,Technology,Africa,"Motorola Smart Phone, with Caller ID"
646.0,64.6272,Office Supplies,East,Avanti 1.7 Cu. Ft. Refrigerator
645.0,75.8775,Technology,Central,"Cisco Signal Booster, with Caller ID"
645.0,180.48,Furniture,EMEA,"Hon Swivel Stool, Black"
645.0,157.698,Technology,Oceania,"HP Wireless Fax, High-Speed"
645.0,77.04,Office Supplies,EMEA,"Tenex Shelving, Wire Frame"
645.0,309.48,Furniture,North Asia,"Hon Swivel Stool, Black"
645.0,157.698,Technology,Oceania,"HP Wireless Fax, High-Speed"
644.0,166.617,Technology,Central,"Brother Wireless Fax, Laser"
644.0,166.617,Technology,Central,"Brother Wireless Fax, Laser"
644.0,107.346,Office Supplies,Central,Hoover Shoulder Vac Commercial Portable Vacuum
644.0,232.6293,Technology,Southeast Asia,"Konica Phone, Wireless"
644.0,-60.684,Technology,Central,"Canon Fax and Copier, High-Speed"
644.0,64.428,Furniture,North,"Bush Floating Shelf Set, Pine"
644.0,193.17,Technology,EMEA,"Motorola Smart Phone, Full Size"
644.0,-8.136,Office Supplies,Central,"Tenex File Cart, Industrial"
644.0,-337.2948,Furniture,Southeast Asia,"Ikea Floating Shelf Set, Traditional"
643.0,117.5508,Technology,Southeast Asia,"HP Fax and Copier, Laser"
643.0,224.94,Technology,Central,"Hewlett Fax Machine, Color"
643.0,244.2,Technology,EMEA,"Motorola Smart Phone, Full Size"
643.0,224.94,Technology,Africa,"Hewlett Fax Machine, Color"
643.0,-932.568,Technology,South,"Panasonic Card Printer, White"
643.0,44.94,Technology,North Asia,"Hewlett Fax Machine, Color"
643.0,-50.052,Technology,Oceania,"Sharp Wireless Fax, Color"
643.0,70.68,Technology,Africa,"StarTech Card Printer, Red"
643.0,224.94,Technology,Central,"Hewlett Fax Machine, Color"
643.0,102.76,Technology,Caribbean,"Nokia Signal Booster, Full Size"
643.0,105.5136,Furniture,Southeast Asia,"Tenex Frame, Duo Pack"
643.0,-45.435,Technology,Central,"Brother Wireless Fax, Digital"
643.0,244.2,Technology,Africa,"Motorola Smart Phone, Full Size"
643.0,70.68,Technology,Africa,"StarTech Card Printer, Red"
643.0,56.2744,Furniture,South,"Global Leather Highback Executive Chair with Pneumatic Height Adjustment, Black"
643.0,25.71,Technology,Central Asia,"Motorola Smart Phone, Cordless"
643.0,52.965,Technology,Central,"Apple Speaker Phone, Cordless"
643.0,224.94,Technology,Africa,"Hewlett Fax Machine, Color"
643.0,44.97,Technology,EMEA,"Motorola Smart Phone, Cordless"
643.0,244.2,Technology,EMEA,"Motorola Smart Phone, Full Size"
643.0,10.68,Furniture,Oceania,"Bevis Wood Table, Adjustable Height"
642.0,179.7,Office Supplies,Central,"Smead File Cart, Industrial"
642.0,179.7,Office Supplies,North Asia,"Smead File Cart, Industrial"
642.0,38.43,Furniture,North Asia,"Office Star Steel Folding Chair, Red"
642.0,241.515,Technology,Central,"Sharp Ink, Color"
642.0,154.08,Furniture,EMEA,"Tenex Frame, Durable"
642.0,179.7,Office Supplies,Central Asia,"Smead File Cart, Industrial"
642.0,179.7488,Furniture,South,Hon 4070 Series Pagoda Round Back Stacking Chairs
642.0,275.85,Office Supplies,Central,"Eldon File Cart, Single Width"
642.0,179.7,Office Supplies,Central Asia,"Smead File Cart, Industrial"
641.0,234.876,Technology,Oceania,"Sharp Wireless Fax, Laser"
641.0,-423.45,Technology,Central Asia,"Belkin Router, Erganomic"
641.0,-538.275,Technology,North,"StarTech Printer, Durable"
641.0,234.876,Technology,Oceania,"Sharp Wireless Fax, Laser"
641.0,301.14,Furniture,Caribbean,"Bevis Coffee Table, Adjustable Height"
640.0,185.5,Furniture,Central,"SAFCO Rocking Chair, Set of Two"
640.0,287.94,Technology,South,"Brother Fax Machine, Color"
640.0,121.5,Technology,North Asia,"Canon Fax Machine, Color"
640.0,307.08,Technology,Southeast Asia,"Hewlett Fax Machine, Laser"
640.0,121.5,Technology,Southeast Asia,"Canon Fax Machine, Color"
640.0,76.74,Technology,North Asia,"Brother Fax Machine, Color"
640.0,-1024.548,Furniture,Central,"Bevis Wood Table, with Bottom Storage"
640.0,-25.68,Technology,Central Asia,"Hewlett Fax Machine, Laser"
640.0,38.25,Office Supplies,Central Asia,"Eldon File Cart, Single Width"
640.0,159.9,Technology,Central,"Canon Fax Machine, Color"
640.0,215.9892,Technology,West,Canon PC-428 Personal Copier
640.0,38.25,Office Supplies,North Asia,"Eldon File Cart, Single Width"
639.0,318.64032,Technology,South,"Hewlett Fax Machine, Laser"
639.0,318.64032,Technology,Central,"Hewlett Fax Machine, Laser"
639.0,172.4814,Furniture,South,"Hon Metal Bookcases, Gray"
639.0,229.98,Technology,EMEA,"Nokia Smart Phone, with Caller ID"
639.0,185.2578,Furniture,East,"Hon Metal Bookcases, Putty"
639.0,44.73,Technology,Africa,"Samsung Smart Phone, Cordless"
639.0,19.05,Office Supplies,Southeast Asia,"Eldon File Cart, Industrial"
639.0,313.11,Technology,North Asia,"Apple Smart Phone, with Caller ID"
639.0,44.73,Technology,Central,"Samsung Smart Phone, Cordless"
639.0,229.98,Technology,Africa,"Nokia Smart Phone, with Caller ID"
639.0,44.73,Technology,EMEA,"Samsung Smart Phone, Cordless"
639.0,166.0698,Office Supplies,Central,Tripp Lite Isotel 8 Ultra 8 Outlet Metal Surge
638.0,-127.5792,Furniture,East,"Office Impressions End Table, 20-1/2""H x 24""W x 20""D"
638.0,178.5,Technology,EMEA,"Apple Smart Phone, Full Size"
638.0,-127.5792,Furniture,Central,"Office Impressions End Table, 20-1/2""H x 24""W x 20""D"
638.0,-31.9144,Furniture,West,Hon Comfortask Task/Swivel Chairs
638.0,178.5,Technology,EMEA,"Apple Smart Phone, Full Size"
638.0,118.359,Furniture,North Asia,"Barricks Coffee Table, Adjustable Height"
638.0,31.78,Technology,North,"Apple Signal Booster, with Caller ID"
637.0,70.08,Technology,Africa,"Nokia Smart Phone, Full Size"
637.0,286.5,Technology,Oceania,"Canon Fax Machine, Laser"
637.0,49.5,Office Supplies,Central,"Rogers File Cart, Industrial"
637.0,135.456,Technology,Central,Enermax Acrylux Wireless Keyboard
637.0,0.0,Office Supplies,East,Safco Industrial Wire Shelving System
637.0,70.08,Technology,EMEA,"Nokia Smart Phone, Full Size"
637.0,113.235,Office Supplies,Central,"Rogers File Cart, Single Width"
637.0,113.235,Office Supplies,South,"Rogers File Cart, Single Width"
637.0,15.904,Furniture,North,"Harbour Creations Rocking Chair, Set of Two"
637.0,-471.69,Technology,North Asia,"Nokia Smart Phone, Full Size"
637.0,261.18,Technology,South,"Brother Fax Machine, Laser"
637.0,132.6244,Technology,Caribbean,"Canon Fax and Copier, Laser"
637.0,49.5,Office Supplies,Central,"Rogers File Cart, Industrial"
637.0,-333.372,Technology,Southeast Asia,"HP Personal Copier, High-Speed"
637.0,261.18,Technology,Africa,"Brother Fax Machine, Laser"
637.0,68.9234,Technology,South,"Brother Fax and Copier, Laser"
637.0,127.476,Technology,Oceania,"Sharp Wireless Fax, High-Speed"
637.0,261.18,Technology,EMEA,"Brother Fax Machine, Laser"
637.0,261.18,Technology,South,"Brother Fax Machine, Laser"
637.0,191.1,Technology,North Asia,"Brother Fax Machine, Laser"
637.0,212.208,Technology,South,"Cisco Headset, with Caller ID"
637.0,108.36,Technology,Central Asia,"Samsung Smart Phone, Full Size"
637.0,70.08,Technology,Africa,"Nokia Smart Phone, Full Size"
636.0,-786.17152,Technology,South,"HP Fax Machine, Digital"
636.0,203.58,Technology,North,"Brother Fax Machine, Digital"
636.0,12.72,Technology,Oceania,"Canon Fax Machine, Digital"
636.0,19.08,Technology,Africa,"Samsung Smart Phone, VoIP"
636.0,165.3496,Technology,Central,ClearOne Communications CHAT 70 OCÂ Speaker Phone
636.0,178.11,Technology,Africa,"Apple Smart Phone, Full Size"
636.0,178.11,Technology,EMEA,"Apple Smart Phone, Full Size"
636.0,19.08,Technology,EMEA,"Samsung Smart Phone, VoIP"
636.0,266.1262,Technology,North,"Hewlett Fax and Copier, High-Speed"
636.0,267.24,Technology,Central Asia,"Brother Fax Machine, Digital"
636.0,62.38584,Technology,Caribbean,"Brother Fax Machine, Laser"
636.0,203.58,Technology,EMEA,"Brother Fax Machine, Digital"
636.0,139.98,Technology,Central,"Apple Smart Phone, Cordless"
636.0,311.7,Technology,EMEA,"Samsung Smart Phone, with Caller ID"
636.0,-152.82,Office Supplies,Central,"Rogers Lockers, Industrial"
636.0,146.28,Technology,North,"Canon Fax Machine, Digital"
636.0,266.1262,Technology,Caribbean,"Hewlett Fax and Copier, High-Speed"
636.0,178.11,Technology,North,"Apple Smart Phone, Full Size"
636.0,146.28,Technology,Central,"Canon Fax Machine, Digital"
636.0,146.28,Technology,Central,"Canon Fax Machine, Digital"
636.0,203.55,Technology,Africa,"Nokia Smart Phone, Cordless"
636.0,273.48,Technology,North,"Nokia Smart Phone, Full Size"
636.0,62.38584,Technology,Central,"Brother Fax Machine, Laser"
636.0,235.41,Technology,Central Asia,"Apple Smart Phone, Cordless"
636.0,311.7,Technology,EMEA,"Samsung Smart Phone, with Caller ID"
636.0,139.98,Technology,Africa,"Apple Smart Phone, Cordless"
636.0,178.11,Technology,Africa,"Apple Smart Phone, Full Size"
636.0,139.98,Technology,EMEA,"Apple Smart Phone, Cordless"
636.0,-413.676,Technology,EMEA,"Hewlett Copy Machine, Color"
636.0,19.08,Technology,North,"Samsung Smart Phone, VoIP"
636.0,203.58,Technology,Africa,"Brother Fax Machine, Digital"
636.0,-165.48,Technology,Central Asia,"Apple Smart Phone, Cordless"
636.0,109.089,Furniture,North Asia,"Barricks Conference Table, Adjustable Height"
636.0,267.24,Technology,North Asia,"Brother Fax Machine, Digital"
636.0,311.7,Technology,Africa,"Samsung Smart Phone, with Caller ID"
636.0,-15.9102,Office Supplies,West,Tennsco 6- and 18-Compartment Lockers
635.0,-1.27248,Technology,South,"Hewlett Fax Machine, High-Speed"
635.0,279.36,Office Supplies,North,"Rogers Lockers, Single Width"
635.0,215.76,Furniture,Africa,"Hon Coffee Table, Fully Assembled"
635.0,-1.27248,Technology,North,"Hewlett Fax Machine, High-Speed"
635.0,-84.66,Furniture,Oceania,"Hon Wood Table, Rectangular"
635.0,279.36,Office Supplies,North Asia,"Rogers Lockers, Single Width"
635.0,279.36,Office Supplies,North Asia,"Rogers Lockers, Single Width"
635.0,241.2,Technology,EMEA,"Epson Phone, White"
635.0,62.32788,Technology,Central,"Canon Fax Machine, Digital"
635.0,-349.29,Office Supplies,South,"Rogers Lockers, Blue"
635.0,62.32788,Technology,South,"Canon Fax Machine, Digital"
635.0,-1.27248,Technology,South,"Hewlett Fax Machine, High-Speed"
635.0,-74.112,Office Supplies,South,"Eldon Lockers, Industrial"
635.0,202.30728,Technology,North,"Brother Fax Machine, Digital"
635.0,31.68,Office Supplies,North Asia,"Rogers Lockers, Blue"
635.0,272.7,Technology,North Asia,"HP Ink, High-Speed"
635.0,171.3,Office Supplies,North Asia,"Eldon File Cart, Blue"
635.0,171.3,Office Supplies,Southeast Asia,"Eldon File Cart, Blue"
635.0,-1.27248,Technology,Central,"Hewlett Fax Machine, High-Speed"
634.0,-172.1172,Furniture,Central,Novimex Swivel Fabric Task Chair
634.0,-39.62,Furniture,North,"Ikea Floating Shelf Set, Metal"
634.0,77.472,Technology,Oceania,"Motorola Audio Dock, Cordless"
634.0,-316.812,Office Supplies,Central,"KitchenAid Refrigerator, Red"
634.0,15.84,Furniture,North,"Sauder Corner Shelving, Pine"
634.0,-49.47,Technology,Oceania,"Canon Personal Copier, High-Speed"
634.0,-426.2808,Technology,South,"Hewlett Fax Machine, High-Speed"
633.0,69.66,Technology,Central Asia,"Brother Fax Machine, High-Speed"
633.0,132.96,Technology,North Asia,"Canon Fax Machine, High-Speed"
633.0,139.32,Technology,EMEA,"Brother Fax Machine, High-Speed"
633.0,132.96,Technology,Oceania,"Canon Fax Machine, High-Speed"
633.0,75.96,Technology,Africa,"Canon Fax Machine, High-Speed"
633.0,-632.61,Technology,Central,"Belkin Memory Card, USB"
633.0,139.32,Technology,Africa,"Brother Fax Machine, High-Speed"
632.0,87.35364,Technology,South,"Canon Fax Machine, High-Speed"
632.0,87.35364,Technology,North,"Canon Fax Machine, High-Speed"
632.0,264.77304,Technology,Central,"Brother Fax Machine, High-Speed"
632.0,303.3408,Technology,East,Jawbone JAMBOX Wireless Bluetooth Speaker
632.0,140.396,Furniture,East,Global Leather Executive Chair
632.0,-63.168,Office Supplies,Oceania,"Hoover Refrigerator, Red"
632.0,-316.17,Office Supplies,North,"Rogers Lockers, Wire Frame"
632.0,56.7,Technology,South,"Logitech Keyboard, Erganomic"
632.0,87.35364,Technology,South,"Canon Fax Machine, High-Speed"
632.0,140.396,Furniture,East,Global Leather Executive Chair
632.0,252.795,Technology,Central,"Brother Ink, Color"
632.0,101.07,Office Supplies,North Asia,"Rogers Lockers, Wire Frame"
632.0,7.263,Technology,Central,"HP Personal Copier, Digital"
632.0,-22.41,Technology,Central,"Hewlett Ink, Laser"
632.0,-316.17,Office Supplies,Central,"Rogers Lockers, Wire Frame"
632.0,-158.13,Office Supplies,South,"Rogers Lockers, Wire Frame"
632.0,303.3408,Technology,East,Jawbone JAMBOX Wireless Bluetooth Speaker
632.0,56.7,Technology,North,"Logitech Keyboard, Erganomic"
632.0,-113.7,Furniture,South,"Bevis Coffee Table, Rectangular"
631.0,-23.949,Office Supplies,Southeast Asia,"Smead Lockers, Single Width"
631.0,-462.8624,Office Supplies,East,GBC DocuBind 300 Electric Binding Machine
631.0,-140.175,Furniture,Southeast Asia,"Chromcraft Round Table, with Bottom Storage"
630.0,222.36,Technology,Central,"Hewlett Ink, Digital"
630.0,163.787,Technology,East,Nokia Lumia 925
630.0,132.3,Furniture,South,"Bush Stackable Bookrack, Pine"
630.0,163.787,Technology,South,AT&T TR1909W
630.0,107.0388,Furniture,West,"Tenex ""The Solids"" Textured Chair Mats"
630.0,176.386,Technology,East,VTech DS6151
630.0,31.5,Furniture,Central Asia,"Bush Stackable Bookrack, Pine"
630.0,94.4937,Technology,East,Panasonic KX-TG9541B DECT 6.0 Digital 2-Line Expandable Cordless Phone With Digital Answering System
630.0,264.32,Furniture,South,"SAFCO Rocking Chair, Red"
630.0,296.0671,Technology,East,Ativa MDM8000 8-Sheet Micro-Cut Shredder
630.0,176.386,Technology,South,HTC One Mini
630.0,157.4875,Technology,East,Ooma Telo VoIP Home Phone System
630.0,-63.104,Office Supplies,Caribbean,"Eldon Lockers, Wire Frame"
630.0,-199.5076,Furniture,South,Hon Racetrack Conference Tables
629.0,12.5762,Office Supplies,South,Fellowes Officeware Wire Shelving
629.0,301.968,Office Supplies,Central,Xerox 1915
629.0,301.968,Office Supplies,South,Xerox 1915
629.0,31.4532,Furniture,West,Bevis Boat-Shaped Conference Table
629.0,301.968,Office Supplies,South,Multicolor Computer Printout Paper
629.0,228.0792,Office Supplies,West,"Dot Matrix Printer Tape Reel Labels, White, 5000/Box"
629.0,223.344,Furniture,Southeast Asia,"Sauder 3-Shelf Cabinet, Mobile"
628.0,31.35,Furniture,North Asia,"Ikea Corner Shelving, Mobile"
628.0,270.12,Technology,Central Asia,"Okidata Inkjet, Wireless"
628.0,194.72,Furniture,South,"Harbour Creations Executive Leather Armchair, Adjustable"
628.0,276.48,Technology,Central Asia,"Okidata Inkjet, Wireless"
628.0,-615.96,Technology,Central,"Okidata Inkjet, Wireless"
628.0,6.24,Technology,North,"Okidata Inkjet, Wireless"
628.0,213.36,Technology,Central,"Cisco Headset, Full Size"
628.0,172.596,Furniture,North,"Safco Library with Doors, Mobile"
628.0,263.82,Technology,EMEA,"Okidata Inkjet, Wireless"
627.0,269.712,Technology,Southeast Asia,"Sharp Fax and Copier, Laser"
627.0,-1087.212,Furniture,Africa,"Harbour Creations Rocking Chair, Set of Two"
627.0,70.5564,Technology,West,GE 30524EE4
627.0,106.56,Technology,EMEA,"Konica Inkjet, Wireless"
627.0,91.875,Technology,Southeast Asia,"Epson Card Printer, Red"
627.0,-916.71776,Technology,South,"Sharp Fax Machine, Digital"
627.0,162.88,Furniture,Central,"Office Star Executive Leather Armchair, Adjustable"
627.0,70.5564,Technology,South,GE 30524EE4
627.0,-135.144,Furniture,Central,"Chromcraft Wood Table, with Bottom Storage"
627.0,300.75,Furniture,North,"Bush Corner Shelving, Pine"
627.0,-51.6078,Furniture,Southeast Asia,"Harbour Creations Steel Folding Chair, Black"
626.0,-23.4882,Furniture,West,"Bevis Oval Conference Table, Walnut"
626.0,-34.836,Furniture,Oceania,"Bush Floating Shelf Set, Mobile"
626.0,46.9764,Furniture,East,"Atlantic Metals Mobile 3-Shelf Bookcases, Custom Colors"
626.0,-538.446,Furniture,Central,Bretford âJust In Timeâ Height-Adjustable Multi-Task Work Tables
626.0,-34.896,Furniture,Central,"Office Star Swivel Stool, Red"
626.0,-16.725,Technology,Southeast Asia,"Apple Audio Dock, VoIP"
626.0,187.797,Technology,East,Samsung Galaxy S4
626.0,257.424,Technology,Oceania,"Panasonic Card Printer, Durable"
625.0,29.2275,Technology,Central,"Cisco Office Telephone, Full Size"
625.0,6.24,Technology,North,"Okidata Inkjet, Durable"
625.0,93.6,Technology,EMEA,"Epson Phone, Red"
625.0,46.816,Furniture,North,"Hon Steel Folding Chair, Set of Two"
625.0,6.24,Technology,Central,"Okidata Inkjet, Durable"
625.0,6.24,Technology,EMEA,"Okidata Inkjet, Durable"
624.0,43.68,Technology,Africa,"Panasonic Inkjet, Wireless"
624.0,124.86,Technology,EMEA,"Panasonic Inkjet, Durable"
624.0,43.68,Technology,Central,"Panasonic Inkjet, Wireless"
624.0,37.38,Technology,EMEA,"Konica Inkjet, Durable"
624.0,-702.36,Furniture,EMEA,"Sauder Library with Doors, Mobile"
624.0,38.9975,Technology,West,Motorola L703CM
624.0,124.86,Technology,Africa,"Panasonic Inkjet, Durable"
624.0,31.2,Furniture,North,"Sauder Library with Doors, Mobile"
624.0,37.38,Technology,Central,"Konica Inkjet, Durable"
624.0,37.38,Technology,Africa,"Konica Inkjet, Durable"
624.0,-153.5715,Technology,Southeast Asia,"Canon Fax Machine, Color"
624.0,62.352,Furniture,Oceania,"Bevis Round Table, Fully Assembled"
624.0,38.9975,Technology,West,Motorola L703CM
623.0,225.848,Technology,Caribbean,"Samsung Audio Dock, VoIP"
623.0,-456.936,Furniture,Central,"Barricks Wood Table, Adjustable Height"
623.0,69.21,Furniture,Central,"Office Star Rocking Chair, Black"
623.0,80.88,Technology,Central,"Okidata Inkjet, White"
623.0,-290.97,Office Supplies,Oceania,"Fellowes Lockers, Industrial"
623.0,-191.8125,Furniture,Central,"Bevis Coffee Table, Fully Assembled"
623.0,-119.1918,Furniture,Central,"Sauder Mission Library with Doors, Fruitwood Finish"
623.0,41.43,Office Supplies,South,"Fellowes Lockers, Industrial"
623.0,192.96,Technology,North,"Memorex Memory Card, Programmable"
623.0,-62.34,Furniture,North Asia,"Chromcraft Computer Table, Fully Assembled"
622.0,87.06,Office Supplies,North Asia,"KitchenAid Microwave, Silver"
622.0,46.632,Furniture,West,Electrix Halogen Magnifier Lamp
622.0,298.62,Office Supplies,Caribbean,"KitchenAid Microwave, Silver"
622.0,18.66,Office Supplies,North,"KitchenAid Microwave, Silver"
622.0,136.939,Furniture,Central,Bevis 36 x 72 Conference Tables
622.0,267.39,Office Supplies,Central Asia,"Fellowes Lockers, Blue"
622.0,124.35,Technology,North,"Nokia Speaker Phone, Full Size"
622.0,87.06,Office Supplies,North Asia,"KitchenAid Microwave, Silver"
622.0,18.66,Office Supplies,EMEA,"KitchenAid Microwave, Silver"
622.0,-476.496,Technology,Africa,"Belkin Router, USB"
621.0,12.32,Furniture,South,"Hon Rocking Chair, Adjustable"
621.0,43.44,Office Supplies,Africa,"KitchenAid Microwave, Red"
621.0,236.04,Technology,EMEA,"Konica Inkjet, White"
621.0,236.04,Technology,North,"Konica Inkjet, White"
621.0,43.44,Office Supplies,Africa,"KitchenAid Microwave, Red"
621.0,236.04,Technology,Africa,"Konica Inkjet, White"
621.0,192.6,Technology,Central Asia,"HP Personal Copier, Laser"
621.0,180.06,Technology,EMEA,"Panasonic Inkjet, White"
621.0,-248.2458,Furniture,South,Bretford Rectangular Conference Table Tops
621.0,99.36,Furniture,Central Asia,"Rubbermaid Photo Frame, Black"
620.0,285.28,Technology,North,"Belkin Memory Card, Programmable"
620.0,111.591,Technology,South,Logitech G19 Programmable Gaming Keyboard
620.0,124.005,Technology,Oceania,"Nokia Signal Booster, Full Size"
620.0,111.591,Technology,Central,Logitech G19 Programmable Gaming Keyboard
620.0,20.538,Furniture,Oceania,"Eldon Frame, Erganomic"
620.0,20.655,Office Supplies,Central,"Fellowes File Cart, Industrial"
620.0,111.591,Technology,Central,Logitech G19 Programmable Gaming Keyboard
620.0,-314.8515,Technology,Southeast Asia,"Canon Fax Machine, Digital"
620.0,-6.744,Technology,Southeast Asia,"Sharp Fax and Copier, High-Speed"
620.0,82.494,Technology,Central,"Belkin Memory Card, Bluetooth"
620.0,-314.8515,Technology,Southeast Asia,"Canon Fax Machine, Digital"
620.0,218.865,Technology,Central,"Motorola Signal Booster, Cordless"
619.0,37.08,Technology,North,"Cisco Signal Booster, Cordless"
619.0,284.46,Office Supplies,Central,"Hoover Toaster, Silver"
619.0,-223.02,Office Supplies,North Asia,"Fellowes Lockers, Wire Frame"
619.0,235.04,Furniture,Central,"SAFCO Executive Leather Armchair, Adjustable"
619.0,108.36,Furniture,North,"Novimex Rocking Chair, Black"
619.0,69.6546,Technology,Central,Digium D40 VoIP phone
619.0,-31.068,Furniture,Oceania,"Dania Floating Shelf Set, Mobile"
619.0,-544.77,Furniture,North Asia,"Bush Classic Bookcase, Traditional"
619.0,235.04,Furniture,Caribbean,"SAFCO Executive Leather Armchair, Adjustable"
619.0,235.04,Furniture,Caribbean,"SAFCO Executive Leather Armchair, Adjustable"
619.0,235.04,Furniture,South,"SAFCO Executive Leather Armchair, Adjustable"
619.0,259.86,Office Supplies,North Asia,"Hoover Microwave, Silver"
619.0,218.4705,Technology,Central,"Epson Phone, Wireless"
618.0,172.8,Furniture,North Asia,"Bush Stackable Bookrack, Mobile"
618.0,-407.682,Furniture,Central,Bevis 44 x 96 Conference Tables
618.0,205.845,Office Supplies,North,"Fellowes File Cart, Blue"
618.0,205.845,Office Supplies,Central,"Fellowes File Cart, Blue"
618.0,-7.7247,Technology,South,LogitechÂ P710e Mobile Speakerphone
618.0,55.64,Furniture,Central,"SAFCO Executive Leather Armchair, Set of Two"
618.0,-7.7247,Technology,East,LogitechÂ P710e Mobile Speakerphone
618.0,27.444,Furniture,Central,"Ikea Floating Shelf Set, Pine"
618.0,160.6722,Technology,East,GE 2-Jack Phone Line Splitter
618.0,253.4,Furniture,South,"SAFCO Rocking Chair, Black"
618.0,173.16,Technology,EMEA,"Panasonic Inkjet, Red"
618.0,178.5,Furniture,Central,"SAFCO Rocking Chair, Adjustable"
618.0,205.845,Office Supplies,North,"Fellowes File Cart, Blue"
618.0,27.444,Furniture,Central,"Ikea Floating Shelf Set, Pine"
618.0,173.0316,Technology,South,Plantronics Voyager Pro Legend
617.0,-133.668,Furniture,Oceania,"Bush Floating Shelf Set, Traditional"
617.0,203.58,Office Supplies,Africa,"KitchenAid Microwave, White"
617.0,-36.294,Furniture,West,O'Sullivan Living Dimensions 2-Shelf Bookcases
617.0,-382.455,Furniture,Central,"Ikea Classic Bookcase, Metal"
617.0,203.58,Office Supplies,EMEA,"KitchenAid Microwave, White"
617.0,123.42,Office Supplies,Canada,"Hoover Microwave, Red"
617.0,172.65,Furniture,Southeast Asia,"Dania Corner Shelving, Pine"
616.0,-69.3,Furniture,Central,"Rubbermaid Frame, Duo Pack"
616.0,142.155,Furniture,Central,"Hon Coffee Table, with Bottom Storage"
616.0,36.9,Technology,North,"Samsung Speaker Phone, with Caller ID"
616.0,61.56,Office Supplies,EMEA,"Hoover Microwave, Black"
616.0,265.02,Technology,North Asia,"Epson Inkjet, Wireless"
616.0,197.16,Office Supplies,Central,"Hoover Microwave, Black"
616.0,43.1,Technology,North,"Cisco Audio Dock, Cordless"
616.0,197.16,Office Supplies,North,"Hoover Microwave, Black"
615.0,153.6,Furniture,Central,"Bush Stackable Bookrack, Traditional"
615.0,225.396,Technology,Oceania,"Nokia Headset, Cordless"
615.0,24.6,Technology,Central,"Okidata Receipt Printer, Durable"
615.0,204.864,Office Supplies,Central,"Rogers Trays, Industrial"
615.0,12.28,Furniture,South,"SAFCO Executive Leather Armchair, Red"
615.0,12.28,Furniture,South,"SAFCO Executive Leather Armchair, Red"
614.0,-122.7816,Furniture,East,"Hon 30"" x 60"" Table with Locking Drawer"
614.0,6.12,Office Supplies,North,"Hoover Microwave, White"
614.0,171.81,Office Supplies,North,"Tenex Lockers, Industrial"
614.0,165.66,Office Supplies,Africa,"Hoover Microwave, White"
614.0,-18.0588,Furniture,Central,"Atlantic Metals Mobile 5-Shelf Bookcases, Custom Colors"
614.0,282.18,Office Supplies,Oceania,"Hoover Microwave, White"
614.0,211.26,Office Supplies,Oceania,"Fellowes File Cart, Wire Frame"
614.0,153.45,Office Supplies,Southeast Asia,"Tenex Lockers, Industrial"
614.0,-23.0352,Furniture,West,Global Super Steno Chair
613.0,-183.975,Technology,Central Asia,"Logitech Router, Erganomic"
613.0,-343.455,Technology,Central,"Konica Card Printer, Wireless"
613.0,-296.136,Furniture,Oceania,"Safco 3-Shelf Cabinet, Pine"
613.0,100.731,Furniture,Southeast Asia,"SAFCO Swivel Stool, Red"
613.0,177.72,Furniture,South,"Hon Executive Leather Armchair, Adjustable"
613.0,44.307,Technology,Southeast Asia,"Nokia Speaker Phone, with Caller ID"
613.0,202.32,Technology,Africa,"Epson Inkjet, Durable"
613.0,177.72,Furniture,Central,"Hon Executive Leather Armchair, Adjustable"
613.0,55.05,Furniture,Central Asia,"Ikea Corner Shelving, Metal"
613.0,177.6,Furniture,North Asia,"Ikea Stackable Bookrack, Traditional"
613.0,-40.896,Furniture,Oceania,"Ikea Floating Shelf Set, Traditional"
613.0,36.72,Office Supplies,North,"Tenex Lockers, Single Width"
612.0,159.21,Office Supplies,North,"Tenex Lockers, Blue"
612.0,159.15,Technology,South,"HP Personal Copier, High-Speed"
612.0,187.065,Technology,Central,"HP Wireless Fax, Digital"
612.0,-64.863,Technology,Central,"HP Wireless Fax, Laser"
612.0,238.8,Technology,South,"Cisco Signal Booster, Full Size"
612.0,-81.702,Furniture,Southeast Asia,"Lesro Round Table, Fully Assembled"
612.0,18.36,Technology,North,"Cisco Signal Booster, Full Size"
611.0,110.3625,Technology,Southeast Asia,"Cisco Office Telephone, Full Size"
611.0,238.12,Furniture,Central,"Novimex Executive Leather Armchair, Black"
611.0,238.12,Furniture,Central,"Novimex Executive Leather Armchair, Black"
611.0,-34.9176,Furniture,East,Global Executive Mid-Back Manager's Chair
611.0,238.12,Furniture,Central,"Novimex Executive Leather Armchair, Black"
611.0,183.36,Technology,North,"Enermax Memory Card, USB"
610.0,-65.703,Furniture,Central,"Chromcraft Round Table, Adjustable Height"
610.0,201.12,Furniture,Central,"Hon Executive Leather Armchair, Black"
610.0,274.491,Office Supplies,South,Ibico Hi-Tech Manual Binding System
610.0,-231.84,Office Supplies,North,"Tenex Lockers, Wire Frame"
610.0,-411.48,Furniture,South,"Hon Executive Leather Armchair, Black"
610.0,208.26,Technology,Central,"Sharp Copy Machine, High-Speed"
610.0,-113.282,Furniture,Central,"Chromcraft Bull-Nose Wood Round Conference Table Top, Wood Base"
610.0,-231.84,Office Supplies,North,"Tenex Lockers, Wire Frame"
610.0,207.45,Furniture,North,"Dania Corner Shelving, Traditional"
609.0,0.0,Office Supplies,Oceania,"Avery Binding Machine, Clear"
609.0,79.2,Office Supplies,Africa,"Sanford Canvas, Easy-Erase"
609.0,65.9826,Technology,Southeast Asia,"Konica Receipt Printer, Durable"
608.0,128.592,Technology,Central,"Sharp Wireless Fax, Color"
608.0,79.0,Furniture,South,"Harbour Creations Swivel Stool, Set of Two"
608.0,189.036,Furniture,North,"Dania Floating Shelf Set, Metal"
608.0,97.2032,Furniture,Central,"Office Impressions End Table, 20-1/2""H x 24""W x 20""D"
608.0,79.0,Furniture,South,"Harbour Creations Swivel Stool, Set of Two"
608.0,36.36,Technology,Canada,"Cisco Signal Booster, VoIP"
608.0,60.744,Furniture,Oceania,"Safco 3-Shelf Cabinet, Traditional"
608.0,60.744,Furniture,Oceania,"Safco 3-Shelf Cabinet, Traditional"
608.0,91.08,Furniture,Caribbean,"Safco Corner Shelving, Mobile"
607.0,103.2,Technology,North,"Cisco Audio Dock, VoIP"
607.0,28.8396,Technology,Caribbean,"Canon Wireless Fax, Color"
607.0,36.36,Technology,Central Asia,"Logitech Memory Card, Erganomic"
607.0,151.8,Technology,EMEA,"Cisco Signal Booster, with Caller ID"
607.0,12.06,Technology,Africa,"Logitech Memory Card, Erganomic"
607.0,115.32,Technology,Oceania,"Cisco Signal Booster, with Caller ID"
607.0,-303.78,Furniture,South,"Barricks Coffee Table, Adjustable Height"
607.0,133.6,Furniture,Central,"Novimex Executive Leather Armchair, Adjustable"
607.0,133.6,Furniture,South,"Novimex Executive Leather Armchair, Adjustable"
607.0,133.6,Furniture,South,"Novimex Executive Leather Armchair, Adjustable"
607.0,103.2,Technology,North,"Cisco Audio Dock, VoIP"
607.0,115.32,Technology,Oceania,"Cisco Signal Booster, with Caller ID"
607.0,285.2,Technology,Caribbean,"Cisco Audio Dock, with Caller ID"
607.0,-418.167,Furniture,Southeast Asia,"Lesro Round Table, Rectangular"
606.0,-1150.83,Furniture,Africa,"Bevis Training Table, Fully Assembled"
606.0,103.04,Furniture,Caribbean,"Barricks Conference Table, Adjustable Height"
606.0,-92.6475,Technology,Central,"Brother Personal Copier, Digital"
606.0,151.47,Furniture,East,"Global Fabric Manager's Chair, Dark Gray"
606.0,-164.2672,Technology,Central,"Canon Wireless Fax, Color"
605.0,60.4752,Technology,West,VTech DS6151
605.0,266.1,Technology,Central,"Panasonic Receipt Printer, Durable"
605.0,204.0714,Office Supplies,Central,Ames Color-File Green Diamond Border X-ray Mailers
605.0,145.2816,Furniture,South,Office Star Flex Back Scooter Chair with Aluminum Finish Frame
605.0,36.15,Technology,North Asia,"Panasonic Receipt Printer, Wireless"
605.0,60.4768,Technology,West,Mitel 5320 IP Phone VoIP phone
605.0,47.028,Technology,North,"Nokia Audio Dock, Full Size"
605.0,185.325,Furniture,Southeast Asia,"Hon Swivel Stool, Black"
605.0,217.74,Office Supplies,South,"Breville Microwave, Silver"
605.0,266.1,Technology,North,"Panasonic Receipt Printer, Durable"
605.0,266.25,Furniture,Southeast Asia,"Dania Stackable Bookrack, Traditional"
605.0,37.797,Technology,West,Ooma Telo VoIP Home Phone System
604.0,-67.941,Furniture,West,Novimex Swivel Fabric Task Chair
604.0,36.0,Office Supplies,Central,"Avery Binding Machine, Durable"
604.0,-6.78,Office Supplies,Central,"Tenex File Cart, Single Width"
604.0,181.176,Furniture,Central,"Global Airflow Leather Mesh Back Chair, Black"
604.0,45.294,Furniture,West,DMI Arturo Collection Mission-style Design Wood Chair
604.0,18.06,Technology,Canada,"StarTech Inkjet, Wireless"
604.0,45.294,Furniture,West,DMI Arturo Collection Mission-style Design Wood Chair
604.0,75.49,Furniture,West,"Global Airflow Leather Mesh Back Chair, Black"
604.0,-6.78,Office Supplies,Central,"Tenex File Cart, Single Width"
604.0,169.12,Furniture,Central,"Eldon Frame, Durable"
604.0,-335.44432,Technology,South,"Brother Wireless Fax, Laser"
603.0,186.84,Technology,Central Asia,"HP Fax Machine, Color"
603.0,0.0,Technology,Africa,"HP Fax Machine, Color"
603.0,-229.08,Technology,North Asia,"HP Fax Machine, Color"
603.0,205.05,Technology,North Asia,"Konica Receipt Printer, White"
603.0,205.05,Technology,North,"Konica Receipt Printer, White"
603.0,0.0,Technology,Central,"HP Fax Machine, Color"
603.0,54.3,Office Supplies,EMEA,"Breville Microwave, Red"
603.0,205.08,Furniture,Africa,"Safco Corner Shelving, Pine"
603.0,-163.5767,Furniture,Central,"Global High-Back Leather Tilter, Burgundy"
602.0,0.0,Furniture,West,Hon Every-Day Series Multi-Task Chairs
602.0,60.1536,Technology,West,Jabra SPEAK 410
602.0,114.7008,Technology,Southeast Asia,"Sharp Copy Machine, Laser"
602.0,52.528,Furniture,North,"Hon Swivel Stool, Black"
602.0,156.429,Office Supplies,East,Iceberg Mobile Mega Data/Printer Cart 
602.0,114.12,Furniture,Central,"Eldon Door Stop, Black"
602.0,-1.20552,Technology,Central,"HP Fax Machine, Color"
602.0,213.888,Office Supplies,Oceania,"Hoover Toaster, Red"
602.0,204.66,Furniture,Africa,"Harbour Creations Steel Folding Chair, Adjustable"
602.0,228.84,Office Supplies,Central,"Breville Microwave, Black"
601.0,246.48,Furniture,South,"Safco Stackable Bookrack, Pine"
601.0,-300.735,Furniture,Central,Bretford CR8500 Series Meeting Room Furniture
601.0,-8.5794,Furniture,Central,Global Deluxe High-Back Manager's Chair
601.0,-370.512,Technology,South,"Samsung Audio Dock, with Caller ID"
601.0,198.429,Office Supplies,East,Honeywell Enviracaire Portable HEPA Air Cleaner for 17' x 22' Room
601.0,156.16,Technology,South,"Belkin Memory Card, Erganomic"
601.0,246.48,Furniture,Caribbean,"Safco Stackable Bookrack, Pine"
601.0,-152.28,Furniture,Southeast Asia,"Harbour Creations Steel Folding Chair, Set of Two"
601.0,137.264,Technology,Central,Star Micronics TSP800 TSP847IIU Receipt Printer
601.0,131.82,Office Supplies,South,"Acme Trimmer, Easy Grip"
601.0,-8.5794,Furniture,Central,Global Deluxe High-Back Manager's Chair
601.0,-8.5794,Furniture,Central,Global Deluxe High-Back Manager's Chair
600.0,-479.988,Technology,West,Swingline SM12-08 MicroCut Jam Free Shredder
600.0,209.993,Technology,Central,Brother DCP1000 Digital 3 in 1 Multifunction Machine
600.0,84.0,Technology,EMEA,"Hewlett Ink, Color"
600.0,69.9965,Technology,East,Canon PC-428 Personal Copier
600.0,-1399.244,Furniture,Central,"Lesro Computer Table, Fully Assembled"
600.0,66.0,Technology,EMEA,"StarTech Inkjet, Durable"
600.0,233.9961,Technology,Central,Canon PC1080F Personal Copier
600.0,66.0,Technology,Canada,"StarTech Inkjet, Durable"
600.0,191.968,Technology,East,Kensington Orbit Wireless Mobile Trackball for PC and Mac
600.0,84.0,Technology,Africa,"Hewlett Ink, Color"
600.0,102.0,Technology,Central,"Okidata Receipt Printer, Red"
600.0,0.0,Technology,North Asia,"Okidata Receipt Printer, Red"
600.0,239.94,Technology,South,"HP Fax Machine, Laser"
600.0,257.9871,Technology,South,Razer Tiamat Over Ear 7.1 Surround Sound PC Gaming Headset
599.0,53.25,Office Supplies,Central,"Tenex File Cart, Blue"
599.0,196.74024,Technology,Caribbean,"HP Fax Machine, Laser"
599.0,0.0,Technology,South,"HP Fax Machine, Digital"
599.0,17.88,Furniture,Oceania,"Sauder Corner Shelving, Mobile"
599.0,93.2232,Furniture,East,Office Star - Contemporary Task Swivel Chair
599.0,35.245,Furniture,West,"Bush Heritage Pine Collection 5-Shelf Bookcase, Albany Pine Finish, *Special Order"
599.0,0.0,Technology,North,"HP Fax Machine, Digital"
599.0,275.66,Office Supplies,North,"Smead File Cart, Single Width"
599.0,0.0,Technology,North,"HP Fax Machine, Digital"
599.0,-319.728,Office Supplies,Oceania,"Hamilton Beach Refrigerator, Black"
599.0,179.76,Furniture,Africa,"Sauder Corner Shelving, Mobile"
599.0,196.74024,Technology,North,"HP Fax Machine, Laser"
599.0,0.0,Technology,EMEA,"HP Fax Machine, Digital"
599.0,252.795,Furniture,Central,"Hon Rocking Chair, Adjustable"
599.0,106.395,Furniture,Oceania,"Hon Rocking Chair, Adjustable"
598.0,64.68168,Technology,North,"HP Fax Machine, Digital"
598.0,191.4,Furniture,EMEA,"Harbour Creations Rocking Chair, Adjustable"
598.0,166.104,Furniture,Central,"Sauder 3-Shelf Cabinet, Metal"
598.0,263.04,Technology,Africa,"StarTech Inkjet, White"
598.0,-49.29,Technology,Central,"Okidata Card Printer, Durable"
598.0,263.04,Technology,Africa,"StarTech Inkjet, White"
598.0,209.124,Technology,Caribbean,"Samsung Speaker Phone, Full Size"
598.0,-42.747,Furniture,East,Global Commerce Series High-Back Swivel/Tilt Chairs
598.0,-167.445,Furniture,Southeast Asia,"Hon Rocking Chair, Set of Two"
598.0,299.1,Technology,South,"Sharp Personal Copier, Digital"
598.0,101.43,Technology,North,"Belkin Keyboard, Programmable"
598.0,-49.29,Technology,Central,"Okidata Card Printer, Durable"
597.0,280.59,Technology,East,Bose SoundLink Bluetooth Speaker
597.0,49.761,Technology,Central,Hewlett-Packard Deskjet 5550 Printer
597.0,203.04,Furniture,Central,"Sauder Stackable Bookrack, Pine"
597.0,77.55,Technology,Central Asia,"Konica Receipt Printer, Red"
597.0,83.52,Office Supplies,Central Asia,"Smead Lockers, Industrial"
597.0,167.04,Office Supplies,Central,"Smead Lockers, Industrial"
597.0,226.92,Furniture,South,"Sauder Stackable Bookrack, Pine"
597.0,184.95,Technology,North,"Konica Receipt Printer, Red"
597.0,92.88,Furniture,Central,"Hon Swivel Stool, Set of Two"
597.0,5.88,Technology,Central,"Okidata Phone, White"
596.0,0.0,Furniture,Central Asia,"Safco Corner Shelving, Metal"
596.0,35.6778,Technology,Southeast Asia,"Motorola Headset, with Caller ID"
596.0,-39.84,Furniture,Oceania,"SAFCO Rocking Chair, Black"
596.0,91.146,Technology,Central,"Konica Card Printer, Durable"
596.0,-218.568,Furniture,Oceania,"Bevis Computer Table, with Bottom Storage"
596.0,101.28,Technology,Central,"Apple Headset, Full Size"
596.0,101.28,Technology,Central,"Apple Headset, Full Size"
596.0,29.76,Technology,EMEA,"HP Fax Machine, High-Speed"
596.0,71.4,Furniture,Central Asia,"Safco Stackable Bookrack, Mobile"
596.0,-79.524,Office Supplies,South,"Cuisinart Refrigerator, Silver"
595.0,95.2,Technology,West,WD My Passport Ultra 2TB Portable External Hard Drive
595.0,-129.024,Office Supplies,Oceania,"Cuisinart Refrigerator, Red"
595.0,291.6,Office Supplies,North,"Eldon Lockers, Industrial"
595.0,118.92,Furniture,North,"Sauder Corner Shelving, Pine"
595.0,-59.58,Furniture,Oceania,"Deflect-O Frame, Duo Pack"
595.0,297.69,Furniture,West,"GE 48"" Fluorescent Tube, Cool White Energy Saver, 34 Watts, 30/Box"
595.0,249.93,Office Supplies,Central Asia,"Eldon Lockers, Industrial"
595.0,273.56,Office Supplies,Central,"Smead File Cart, Blue"
595.0,59.4816,Furniture,West,GuestStacker Chair with Chrome Finish Legs
595.0,95.2,Technology,West,WD My Passport Ultra 2TB Portable External Hard Drive
595.0,89.22,Office Supplies,South,"Eldon Lockers, Industrial"
595.0,291.36,Technology,North Asia,"Hewlett Ink, Laser"
595.0,106.08744,Technology,South,"HP Fax Machine, High-Speed"
595.0,29.64,Technology,Oceania,"Brother Ink, Color"
595.0,297.69,Furniture,South,"GE 48"" Fluorescent Tube, Cool White Energy Saver, 34 Watts, 30/Box"
594.0,290.97,Office Supplies,Central,"Eldon Lockers, Single Width"
594.0,-71.7105,Technology,Southeast Asia,"Motorola Signal Booster, with Caller ID"
594.0,47.52,Technology,EMEA,"Sharp Fax Machine, Color"
594.0,-28.6362,Technology,Southeast Asia,"Panasonic Receipt Printer, White"
594.0,148.5,Technology,North,"Motorola Headset, Full Size"
594.0,0.0,Office Supplies,West,"Sauder Facets Collection Locker/File Cabinet, Sky Alder Finish"
594.0,111.73056,Technology,South,"Hewlett Ink, Laser"
594.0,-875.592,Technology,Oceania,"Logitech Router, Bluetooth"
594.0,89.1,Furniture,North,"Safco Floating Shelf Set, Pine"
594.0,94.68,Office Supplies,EMEA,"Stanley Canvas, Blue"
594.0,11.79,Office Supplies,North Asia,"Eldon Lockers, Blue"
594.0,112.92,Technology,North,"Canon Ink, Color"
594.0,112.92,Technology,North Asia,"Canon Ink, Color"
594.0,-296.97,Office Supplies,South,"Eldon Lockers, Blue"
594.0,-39.708,Furniture,Oceania,"Tenex Frame, Black"
593.0,160.0398,Office Supplies,East,"Recycled Data-Pak for Archival Bound Computer Printouts, 12-1/2 x 12-1/2 x 16"
593.0,-52.02,Furniture,North,"Bush Corner Shelving, Metal"
593.0,76.03164,Technology,South,"Sharp Fax Machine, Color"
593.0,213.36,Furniture,South,"Sauder Stackable Bookrack, Pine"
593.0,76.03164,Technology,North,"Sharp Fax Machine, Color"
593.0,69.675,Technology,Central,"Apple Signal Booster, Cordless"
593.0,250.53,Furniture,Central,"Office Star Steel Folding Chair, Adjustable"
592.0,184.4832,Technology,Southeast Asia,"Hewlett Fax Machine, High-Speed"
592.0,-642.852,Technology,Central,"Canon Personal Copier, High-Speed"
592.0,35.5,Furniture,South,"Harbour Creations Swivel Stool, Black"
592.0,216.888,Furniture,Oceania,"Office Star Steel Folding Chair, Set of Two"
591.0,218.7,Furniture,North Asia,"Sauder Floating Shelf Set, Mobile"
591.0,-325.116,Technology,EMEA,"Memorex Router, Bluetooth"
591.0,53.16,Technology,Central,"Sharp Fax Machine, Laser"
591.0,53.16,Technology,Africa,"Sharp Fax Machine, Laser"
591.0,118.17,Office Supplies,North,"Eldon Lockers, Wire Frame"
591.0,112.3508,Furniture,South,Hon 2111 Invitation Series Straight Table
591.0,118.17,Office Supplies,North,"Eldon Lockers, Wire Frame"
591.0,0.0,Technology,Africa,"Sharp Fax Machine, Digital"
591.0,194.1156,Technology,North,"HP Ink, High-Speed"
591.0,218.7,Furniture,Central,"Sauder Floating Shelf Set, Mobile"
590.0,295.11,Furniture,Southeast Asia,"Safco Floating Shelf Set, Traditional"
590.0,259.65,Furniture,North,"Safco Floating Shelf Set, Traditional"
590.0,200.34,Office Supplies,North Asia,"KitchenAid Blender, Black"
590.0,206.6232,Office Supplies,West,GBC Therma-A-Bind 250T Electric Binding System
590.0,-786.744,Furniture,West,"Atlantic Metals Mobile 4-Shelf Bookcases, Custom Colors"
590.0,23.535,Technology,Southeast Asia,"Motorola Speaker Phone, Full Size"
590.0,206.6232,Office Supplies,East,GBC Therma-A-Bind 250T Electric Binding System
590.0,-259.605,Technology,Central Asia,"Motorola Speaker Phone, Full Size"
590.0,69.7374,Technology,North,"Sharp Fax Machine, Laser"
590.0,69.7374,Technology,North,"Sharp Fax Machine, Laser"
590.0,147.475,Technology,East,Polycom VoiceStation 500 ConferenceÂ phone
589.0,276.6,Technology,South,"Canon Ink, Laser"
589.0,117.72,Furniture,North Asia,"Safco Floating Shelf Set, Metal"
589.0,71.838,Office Supplies,Oceania,"Avery Binding Machine, Durable"
589.0,-6.549,Furniture,East,"Office Star - Contemporary Task Swivel chair with Loop Arms, Charcoal"
589.0,124.6725,Technology,Central,"Cisco Speaker Phone, VoIP"
589.0,-6.549,Furniture,East,"Office Star - Contemporary Task Swivel chair with Loop Arms, Charcoal"
589.0,110.376,Office Supplies,Central,"Hoover Toaster, White"
589.0,0.0,Technology,EMEA,"Brother Ink, Laser"
589.0,93.96,Office Supplies,Africa,"Xerox Cards & Envelopes, 8.5 x 11"
589.0,212.04,Furniture,Central Asia,"Sauder Corner Shelving, Traditional"
589.0,183.995,Office Supplies,East,Ibico Ibimaster 300 Manual Binding System
589.0,25.3164,Technology,Southeast Asia,"Brother Fax Machine, High-Speed"
589.0,276.6,Technology,EMEA,"Canon Ink, Laser"
588.0,123.36,Technology,EMEA,"Sharp Fax Machine, High-Speed"
588.0,-340.98,Technology,Central,"Sharp Fax Machine, High-Speed"
588.0,264.33,Technology,North Asia,"Samsung Office Telephone, VoIP"
588.0,170.5113,Technology,South,LG G3
588.0,189.39,Furniture,Oceania,"Hon Rocking Chair, Red"
588.0,58.77,Furniture,Southeast Asia,"Sauder Floating Shelf Set, Pine"
588.0,164.6316,Technology,South,Panasonic KX-TG9471B
588.0,158.7519,Technology,Central,Plantronics Calisto P620-M USB Wireless Speakerphone System
588.0,146.88,Technology,Canada,"Brother Ink, Digital"
588.0,170.5113,Technology,East,LG G3
588.0,29.4,Furniture,EMEA,"Harbour Creations Rocking Chair, Red"
588.0,-27.1575,Furniture,Central,"Barricks Conference Table, Rectangular"
587.0,64.56,Technology,South,"Canon Ink, Digital"
587.0,104.412,Technology,South,"Cisco Smart Phone, Full Size"
587.0,170.28,Furniture,EMEA,"Sauder Stackable Bookrack, Mobile"
587.0,146.76,Technology,Central Asia,"Canon Ink, Digital"
587.0,45.504,Furniture,Oceania,"Deflect-O Frame, Erganomic"
587.0,169.2246,Technology,South,"Sharp Fax Machine, High-Speed"
587.0,168.744,Furniture,North Asia,"Bush Library with Doors, Mobile"
587.0,146.76,Technology,North Asia,"Canon Ink, Digital"
586.0,73.194,Furniture,West,"Hon Deluxe Fabric Upholstered Stacking Chairs, Rounded Back"
586.0,180.74568,Technology,South,"Canon Ink, Digital"
586.0,73.194,Furniture,West,"Hon Deluxe Fabric Upholstered Stacking Chairs, Squared Back"
586.0,93.6,Technology,Oceania,"Nokia Headset, VoIP"
586.0,180.74568,Technology,North,"Canon Ink, Digital"
586.0,122.85,Furniture,North,"Hon Steel Folding Chair, Set of Two"
586.0,103.98,Technology,Central,"HP Ink, Color"
586.0,34.332,Technology,Central,"Konica Phone, Wireless"
586.0,275.6,Furniture,Caribbean,"SAFCO Steel Folding Chair, Set of Two"
586.0,34.494,Furniture,West,Sauder Camden County Collection Library
586.0,87.84,Furniture,Caribbean,"Rubbermaid Frame, Black"
586.0,87.84,Technology,Central,"Apple Headset, with Caller ID"
585.0,0.0,Technology,EMEA,"Enermax Mouse, Programmable"
585.0,140.4,Technology,North Asia,"Epson Receipt Printer, Wireless"
585.0,175.11,Office Supplies,South,"Xerox Cards & Envelopes, Premium"
585.0,87.72,Furniture,South,"Sauder Stackable Bookrack, Traditional"
585.0,70.1784,Office Supplies,South,Fellowes Bankers Box Staxonsteel Drawer File/Stacking System
585.0,194.7945,Technology,Southeast Asia,"HP Personal Copier, Color"
585.0,-0.024,Furniture,North,"Ikea Library with Doors, Mobile"
585.0,-0.024,Furniture,North,"Ikea Library with Doors, Mobile"
584.0,-21.948,Furniture,Central Asia,"Dania Library with Doors, Mobile"
584.0,262.68,Technology,North,"Motorola Signal Booster, Cordless"
584.0,-443.73,Technology,North,"Sharp Fax and Copier, High-Speed"
584.0,-102.288,Furniture,Central Asia,"Harbour Creations Swivel Stool, Adjustable"
584.0,216.0,Technology,North Asia,"Motorola Signal Booster, Cordless"
584.0,-14.628,Furniture,North,"Dania Library with Doors, Mobile"
584.0,233.52,Office Supplies,Central,"KitchenAid Toaster, White"
584.0,239.52,Furniture,Central,"Safco Classic Bookcase, Traditional"
584.0,-58.56,Technology,Central,"Motorola Signal Booster, Cordless"
584.0,160.632,Furniture,North,"Harbour Creations Swivel Stool, Adjustable"
584.0,239.52,Furniture,Central,"Safco Classic Bookcase, Traditional"
584.0,251.04,Technology,Central,"Motorola Signal Booster, Cordless"
584.0,-540.168,Furniture,EMEA,"Dania Library with Doors, Mobile"
584.0,-330.736,Furniture,Central,"Ikea Library with Doors, Pine"
584.0,-14.628,Furniture,North,"Dania Library with Doors, Mobile"
584.0,186.76,Furniture,South,"Ikea Stackable Bookrack, Mobile"
584.0,72.975,Technology,West,Wi-Ex zBoost YX540 Cellular Phone Signal Booster
583.0,-490.14,Furniture,North,"Sauder Library with Doors, Pine"
583.0,77.748,Furniture,Oceania,"Novimex Swivel Stool, Black"
583.0,77.748,Furniture,Oceania,"Novimex Swivel Stool, Black"
583.0,43.692,Furniture,North,"Bush Library with Doors, Traditional"
583.0,262.2,Technology,Oceania,"Hewlett Personal Copier, Color"
583.0,274.04,Furniture,Central,"Sauder Classic Bookcase, Pine"
583.0,215.64,Office Supplies,Africa,"Hoover Blender, Silver"
583.0,274.04,Furniture,South,"Sauder Classic Bookcase, Pine"
583.0,274.04,Furniture,South,"Sauder Classic Bookcase, Pine"
583.0,274.04,Furniture,Central,"Sauder Classic Bookcase, Pine"
583.0,-801.528,Furniture,EMEA,"Bush Library with Doors, Traditional"
583.0,93.32,Furniture,Central,"Safco Classic Bookcase, Metal"
583.0,239.04,Technology,Africa,"StarTech Phone, White"
583.0,93.32,Furniture,South,"Safco Classic Bookcase, Metal"
583.0,26.874,Furniture,Southeast Asia,"Safco Corner Shelving, Traditional"
583.0,244.86,Technology,Central,"Konica Phone, Red"
582.0,174.45,Technology,South,"Belkin Memory Card, Programmable"
582.0,62.91432,Technology,North,"Hewlett Personal Copier, Color"
582.0,218.22,Furniture,North,"Dania Library with Doors, Pine"
582.0,139.68,Furniture,South,"Sauder Floating Shelf Set, Metal"
582.0,122.1,Technology,North Asia,"Belkin Memory Card, Programmable"
582.0,26.766,Furniture,Southeast Asia,"Sauder Stackable Bookrack, Pine"
582.0,-29.1168,Furniture,West,Global Highback Leather Tilter in Burgundy
582.0,261.6,Furniture,Central,"Eldon Frame, Duo Pack"
582.0,218.22,Furniture,North,"Dania Library with Doors, Pine"
582.0,104.7528,Furniture,Central,Hon 5100 Series Wood Tables
